player_id,year,player_age,p_game,p_formatted_ip,pa,ab,hit,single,double,triple,home_run,strikeout,walk,k_percent,bb_percent,batting_avg,slg_percent,on_base_percent,on_base_plus_slg,p_earned_run,p_run,p_win,p_loss,p_era,p_total_stolen_base,last_name,first_name
656288,2023,27,24,127.0,536,493,121,77,19,3,22,139,36,25.9,6.7,0.245,0.43,0.303,0.733,61,62,7,8,4.32,2,Canning, Griffin
656945,2024,29,72,72.0,294,251,45,35,7,0,3,84,36,28.6,12.2,0.179,0.243,0.285,0.528,14,20,9,6,1.75,5,Scott, Tanner
682120,2024,27,75,65.2,257,225,39,28,9,0,2,68,25,26.5,9.7,0.173,0.24,0.27,0.51,14,17,5,1,1.92,6,Herrin, Tim
666205,2023,25,21,77.0,372,324,112,73,22,1,16,56,39,15.1,10.5,0.346,0.568,0.416,0.984,65,65,1,5,7.6,10,Muller, Kyle
676974,2025,26,12,64.2,285,261,72,48,12,0,12,68,20,23.9,7.0,0.276,0.46,0.33,0.79,34,39,3,5,4.73,3,Meyer, Max
605280,2025,32,33,165.2,708,622,150,110,25,1,14,129,66,18.2,9.3,0.241,0.352,0.324,0.676,65,74,12,8,3.53,8,Holmes, Clay
686730,2024,26,22,90.2,410,377,112,65,24,3,20,80,27,19.5,6.6,0.297,0.536,0.351,0.887,55,59,5,7,5.46,2,Spiers, Carson
571578,2025,35,31,155.1,663,602,161,107,31,2,21,131,51,19.8,7.7,0.267,0.43,0.326,0.756,76,79,7,11,4.4,26,Corbin, Patrick
668941,2024,27,65,59.0,243,220,52,33,11,0,8,51,16,21.0,6.6,0.236,0.395,0.302,0.697,22,23,7,3,3.36,1,Romero, JoJo
608718,2024,34,47,65.2,270,253,63,41,11,1,10,50,12,18.5,4.4,0.249,0.419,0.289,0.708,23,25,1,0,3.15,3,Suter, Brent
573009,2024,33,75,59.2,243,225,52,33,14,4,1,53,18,21.8,7.4,0.231,0.342,0.288,0.63,26,27,6,2,3.92,7,Mantiply, Joe
621244,2024,30,32,192.1,786,714,168,112,21,4,31,153,54,19.5,6.9,0.235,0.406,0.3,0.706,77,79,16,11,3.6,12,Berríos, José
445276,2024,36,54,54.2,218,194,38,25,9,0,4,62,20,28.4,9.2,0.196,0.304,0.271,0.575,20,20,4,2,3.29,10,Jansen, Kenley
623211,2023,33,50,58.2,257,218,53,40,8,0,5,65,31,25.3,12.1,0.243,0.349,0.344,0.693,27,28,5,2,4.14,11,Brazobán, Huascar
519043,2023,34,50,52.2,218,198,46,28,10,1,7,60,15,27.5,6.9,0.232,0.399,0.295,0.694,15,16,5,1,2.56,5,Moore, Matt
669358,2025,26,31,166.1,711,633,158,95,36,1,26,176,64,24.8,9.0,0.25,0.433,0.325,0.758,90,91,10,12,4.87,20,Baz, Shane
641816,2025,30,16,86.2,346,316,69,51,12,1,5,66,29,19.1,8.4,0.218,0.31,0.283,0.593,21,21,6,4,2.18,2,Mahle, Tyler
489446,2024,37,61,61.2,237,203,23,15,5,0,3,85,28,35.9,11.8,0.113,0.182,0.225,0.407,8,10,7,2,1.17,7,Yates, Kirby
571656,2024,33,61,71.0,299,260,56,31,17,1,7,70,29,23.4,9.7,0.215,0.369,0.309,0.678,24,25,3,2,3.04,12,Farmer, Buck
554430,2024,34,32,200.0,787,723,139,86,28,5,20,224,52,28.5,6.6,0.192,0.328,0.253,0.581,57,62,16,7,2.57,8,Wheeler, Zack
571578,2023,33,32,180.0,790,717,210,142,34,1,33,124,57,15.7,7.2,0.293,0.481,0.344,0.825,104,113,10,15,5.2,28,Corbin, Patrick
595345,2025,33,68,71.2,276,248,45,31,8,0,6,84,19,30.4,6.9,0.181,0.286,0.242,0.528,24,25,3,2,3.01,8,Okert, Steven
601713,2025,32,31,181.2,721,660,129,86,19,2,22,190,50,26.4,6.9,0.195,0.33,0.253,0.583,58,63,13,5,2.87,9,Pivetta, Nick
605463,2024,32,62,68.2,282,239,45,31,6,1,7,71,35,25.2,12.4,0.188,0.31,0.299,0.609,17,21,7,3,2.23,16,Scott, Tayler
573186,2023,32,27,136.2,575,519,120,84,27,0,9,119,52,20.7,9.0,0.231,0.335,0.304,0.639,60,68,10,9,3.95,17,Stroman, Marcus
664126,2025,31,61,60.1,244,224,45,27,10,1,7,59,18,24.2,7.4,0.201,0.348,0.263,0.611,19,22,4,5,2.83,8,Fairbanks, Pete
607536,2024,31,21,113.1,490,460,134,84,23,5,22,85,26,17.3,5.3,0.291,0.507,0.329,0.836,66,73,5,8,5.24,9,Freeland, Kyle
680755,2025,24,52,50.0,202,177,32,22,6,0,4,62,19,30.7,9.4,0.181,0.282,0.269,0.551,15,15,7,0,2.7,6,Fisher, Braydon
694813,2024,25,25,140.1,580,537,133,88,25,2,18,116,37,20.0,6.4,0.248,0.402,0.297,0.699,55,55,11,5,3.53,8,Stone, Gavin
608032,2023,30,63,62.1,281,244,62,45,10,0,7,78,31,27.8,11.0,0.254,0.381,0.35,0.731,27,34,5,5,3.9,2,Estévez, Carlos
622250,2023,29,44,52.1,215,196,43,28,6,1,8,66,17,30.7,7.9,0.219,0.383,0.285,0.668,32,33,6,7,5.5,4,Sborz, Josh
684007,2024,30,29,173.1,694,662,149,98,23,1,27,174,28,25.1,4.0,0.225,0.385,0.259,0.644,56,66,15,3,2.91,3,Imanaga, Shota
663776,2023,26,28,144.2,652,567,145,103,29,1,12,128,74,19.6,11.3,0.256,0.374,0.344,0.718,66,89,7,13,4.11,7,Sandoval, Patrick
471911,2023,36,20,90.0,417,371,115,71,24,2,18,66,38,15.8,9.1,0.31,0.531,0.381,0.912,68,71,3,8,6.8,12,Carrasco, Carlos
701542,2025,26,33,162.1,711,631,158,100,32,4,22,171,65,24.1,9.1,0.25,0.418,0.32,0.738,80,90,9,8,4.44,6,Warren, Will
641154,2023,27,32,194.0,801,738,176,121,26,5,24,234,48,29.2,6.0,0.238,0.385,0.292,0.677,79,81,11,8,3.66,8,López, Pablo
623352,2023,29,61,56.1,231,196,32,26,3,0,3,85,30,36.8,13.0,0.163,0.224,0.284,0.508,8,11,2,3,1.28,1,Hader, Josh
641871,2023,29,51,50.2,212,187,40,28,4,0,8,64,23,30.2,10.8,0.214,0.364,0.303,0.667,19,20,2,2,3.38,4,Middleton, Keynan
593974,2025,33,71,71.2,313,277,66,46,13,2,5,63,30,20.1,9.6,0.238,0.354,0.315,0.669,25,29,6,1,3.14,6,Peralta, Wandy
669432,2025,27,18,109.2,423,388,70,53,8,3,6,103,29,24.3,6.9,0.18,0.263,0.24,0.503,22,23,9,3,1.81,3,Rogers, Trevor
615698,2023,28,19,99.2,444,398,111,74,22,4,11,58,35,13.1,7.9,0.279,0.437,0.345,0.782,58,59,4,7,5.24,10,Quantrill, Cal
666168,2023,25,51,54.0,240,211,62,46,10,2,4,44,22,18.3,9.2,0.294,0.417,0.368,0.785,33,35,4,4,5.5,6,Thompson, Mason
596133,2024,30,62,84.0,331,296,52,29,9,4,10,103,26,31.1,7.9,0.176,0.334,0.248,0.582,27,28,7,3,2.89,1,Weaver, Luke
670059,2024,28,55,51.1,223,188,42,28,7,1,6,56,25,25.1,11.2,0.223,0.367,0.324,0.691,18,23,3,6,3.16,9,Holderman, Colin
594798,2025,37,30,172.2,669,624,122,76,19,1,26,185,37,27.7,5.5,0.196,0.354,0.242,0.596,57,57,12,8,2.97,11,deGrom, Jacob
542888,2025,34,71,74.0,284,254,40,25,8,2,5,74,20,26.1,7.0,0.157,0.264,0.232,0.496,19,21,4,3,2.31,4,Armstrong, Shawn
665871,2024,26,29,147.0,638,562,143,91,30,2,20,124,63,19.4,9.9,0.254,0.422,0.333,0.755,61,64,7,6,3.73,11,Assad, Javier
683627,2024,22,35,59.2,264,236,72,50,16,1,5,41,22,15.5,8.3,0.305,0.445,0.364,0.809,45,46,1,1,6.79,6,Molina, Anthony
657746,2023,27,29,161.2,672,626,155,92,30,1,32,197,34,29.3,5.1,0.248,0.452,0.29,0.742,81,83,11,10,4.51,7,Ryan, Joe
700249,2025,25,22,112.1,488,439,125,84,20,4,17,118,43,24.2,8.8,0.285,0.465,0.347,0.812,65,70,3,8,5.21,4,Povich, Cade
621389,2024,33,20,71.1,330,301,103,65,20,1,17,36,18,10.9,5.5,0.342,0.585,0.387,0.972,55,55,3,8,6.94,1,Blach, Ty
547973,2023,35,61,58.1,249,211,37,27,6,0,4,103,36,41.4,14.5,0.175,0.261,0.297,0.558,20,24,6,5,3.09,15,Chapman, Aroldis
676083,2025,29,21,110.0,447,421,112,74,29,1,8,77,13,17.2,2.9,0.266,0.397,0.289,0.686,51,54,6,4,4.17,12,Junk, Janson
806185,2024,22,16,72.0,315,264,57,34,11,1,11,88,43,27.9,13.7,0.216,0.39,0.332,0.722,38,39,5,6,4.75,4,Birdsong, Hayden
642547,2024,28,32,173.2,725,639,143,92,24,1,26,200,68,27.6,9.4,0.224,0.387,0.307,0.694,71,74,11,9,3.68,17,Peralta, Freddy
657277,2025,28,34,207.0,856,795,210,144,49,3,14,224,46,26.2,5.4,0.264,0.386,0.308,0.694,74,82,15,11,3.22,9,Webb, Logan
669093,2024,25,62,61.0,252,224,42,30,8,0,4,94,23,37.3,9.1,0.188,0.277,0.259,0.536,20,22,6,3,2.95,2,Estrada, Jeremiah
657006,2023,27,30,173.1,716,666,167,117,34,2,14,176,36,24.6,5.0,0.251,0.371,0.295,0.666,59,71,16,5,3.06,8,Steele, Justin
519242,2023,34,20,102.2,425,384,87,46,24,2,15,125,29,29.4,6.8,0.227,0.417,0.292,0.709,49,52,6,5,4.3,8,Sale, Chris
682847,2024,25,37,135.2,556,500,109,68,21,4,16,107,42,19.2,7.6,0.218,0.372,0.288,0.66,50,56,7,6,3.32,7,Ortiz, Luis
571670,2023,32,62,56.2,248,227,70,54,12,1,3,58,17,23.4,6.9,0.308,0.41,0.363,0.773,30,34,5,6,4.76,7,Floro, Dylan
605540,2023,30,11,67.0,253,233,40,23,8,0,9,74,15,29.2,5.9,0.172,0.322,0.229,0.551,17,17,5,1,2.28,4,Woodruff, Brandon
663158,2025,34,70,69.2,269,249,47,34,6,1,6,75,16,27.9,5.9,0.189,0.293,0.243,0.536,23,24,4,6,2.97,3,Suarez, Robert
664747,2024,27,60,56.1,242,204,42,27,9,0,6,55,31,22.7,12.8,0.206,0.338,0.326,0.664,25,31,2,5,3.99,7,Díaz, Alexis
663623,2025,28,33,180.0,787,717,195,116,38,3,38,124,62,15.8,7.9,0.272,0.492,0.334,0.826,114,120,9,13,5.7,10,Irvin, Jake
608718,2025,35,48,67.2,291,269,69,47,10,1,11,53,18,18.2,6.2,0.257,0.424,0.307,0.731,34,38,1,2,4.52,0,Suter, Brent
694477,2025,26,27,119.2,503,455,113,76,24,0,13,127,40,25.2,8.0,0.248,0.387,0.313,0.7,47,49,3,8,3.53,6,Patrick, Chad
642100,2023,28,69,54.2,216,200,47,33,7,0,7,64,11,29.6,5.1,0.235,0.375,0.282,0.657,23,24,2,2,3.79,5,Speier, Gabe
668909,2025,25,31,167.2,704,615,130,83,23,1,23,173,83,24.6,11.8,0.211,0.364,0.307,0.671,57,62,12,5,3.06,7,Williams, Gavin
458681,2023,36,32,183.2,808,729,189,116,26,3,44,191,67,23.6,8.3,0.259,0.484,0.328,0.812,117,127,13,11,5.73,7,Lynn, Lance
607074,2025,32,33,195.1,789,701,132,83,27,0,22,203,73,25.7,9.3,0.188,0.321,0.272,0.593,67,74,18,9,3.09,17,Rodón, Carlos
669372,2025,26,23,90.1,392,354,92,53,20,2,17,99,31,25.3,7.9,0.26,0.472,0.329,0.801,51,52,4,7,5.08,10,Ginn, J.T.
694738,2025,26,22,106.2,476,422,113,79,23,0,11,102,45,21.4,9.5,0.268,0.4,0.34,0.74,45,55,7,7,3.8,6,Roupp, Landen
657571,2024,27,62,54.1,249,219,56,39,11,0,6,67,25,26.9,10.0,0.256,0.388,0.341,0.729,28,34,1,4,4.64,1,Ferguson, Caleb
686613,2023,24,31,155.2,665,599,157,95,34,2,26,178,55,26.8,8.3,0.262,0.456,0.332,0.788,88,94,11,13,5.09,16,Brown, Hunter
664139,2023,29,74,75.2,318,282,69,51,10,0,8,69,28,21.7,8.8,0.245,0.365,0.32,0.685,28,33,8,4,3.33,10,Gibaut, Ian
527048,2023,32,35,141.2,608,547,150,103,24,2,21,93,49,15.3,8.1,0.274,0.441,0.336,0.777,70,74,10,4,4.45,3,Pérez, Martín
572143,2024,34,50,56.1,241,222,64,45,13,0,6,46,12,19.1,5.0,0.288,0.428,0.328,0.756,31,34,4,1,4.95,6,Smith, Burch
702352,2025,31,54,81.0,343,309,83,57,15,5,6,61,25,17.8,7.3,0.269,0.408,0.331,0.739,36,42,4,3,4.0,4,Bivens, Spencer
680704,2024,27,68,57.2,246,207,46,26,8,0,12,68,27,27.6,11.0,0.222,0.435,0.325,0.76,24,29,8,0,3.75,6,Sandlin, Nick
607192,2024,30,22,134.0,522,484,92,48,27,2,15,168,35,32.2,6.7,0.19,0.347,0.244,0.591,52,53,9,6,3.49,14,Glasnow, Tyler
681911,2025,29,68,59.2,237,204,37,21,7,0,9,80,22,33.8,9.3,0.181,0.348,0.272,0.62,20,21,4,2,3.02,4,Vesia, Alex
670167,2025,31,74,64.0,265,244,57,34,12,1,10,62,19,23.4,7.2,0.234,0.414,0.292,0.706,27,29,3,3,3.8,0,Schreiber, John
608379,2025,33,31,172.2,716,658,166,116,29,6,15,126,45,17.6,6.3,0.252,0.383,0.302,0.685,74,74,10,13,3.86,2,Wacha, Michael
663574,2025,28,80,73.2,301,265,53,33,11,2,7,75,29,24.9,9.6,0.2,0.336,0.29,0.626,20,23,1,5,2.44,1,Santillan, Tony
608331,2023,29,14,77.2,311,289,70,55,8,0,7,80,18,25.7,5.8,0.242,0.343,0.29,0.633,22,24,8,1,2.55,4,Fried, Max
663704,2024,27,57,56.2,246,228,68,49,10,1,8,49,13,19.9,5.3,0.298,0.456,0.343,0.799,31,36,5,7,4.92,3,McArthur, James
687765,2024,26,35,151.1,651,598,165,101,41,3,20,126,44,19.4,6.8,0.276,0.455,0.331,0.786,77,79,8,10,4.58,15,Spence, Mitch
621237,2024,29,66,61.2,258,228,49,33,8,2,6,63,28,24.4,10.9,0.215,0.346,0.302,0.648,28,30,2,5,4.09,7,Alvarado, José
592662,2025,33,32,182.1,755,671,148,85,39,2,22,186,73,24.6,9.7,0.221,0.383,0.298,0.681,74,81,11,8,3.65,20,Ray, Robbie
450203,2023,39,30,163.1,716,615,150,103,30,3,14,183,83,25.6,11.6,0.244,0.371,0.344,0.715,66,70,14,12,3.64,16,Morton, Charlie
650633,2024,29,31,173.2,726,653,144,98,27,2,17,201,63,27.7,8.7,0.221,0.346,0.296,0.642,57,71,13,9,2.95,8,King, Michael
668941,2025,28,65,61.0,255,217,47,36,9,0,2,55,29,21.6,11.4,0.217,0.286,0.311,0.597,14,21,4,6,2.07,4,Romero, JoJo
670970,2025,26,75,73.2,286,263,49,41,5,1,2,70,17,24.5,5.9,0.186,0.236,0.235,0.471,17,23,13,6,2.08,9,Morejon, Adrian
605242,2023,30,58,57.0,237,204,48,28,13,0,7,65,28,27.4,11.8,0.235,0.402,0.329,0.731,28,29,3,5,4.42,1,Fulmer, Michael
806185,2025,23,21,65.2,298,252,61,37,12,2,10,68,37,22.8,12.4,0.242,0.425,0.347,0.772,35,42,4,4,4.8,1,Birdsong, Hayden
642232,2024,32,44,98.2,398,348,70,49,10,0,11,65,32,16.3,8.0,0.201,0.325,0.289,0.614,35,36,5,2,3.19,8,Yarbrough, Ryan
663554,2025,28,28,149.0,627,581,153,98,30,4,21,139,36,22.2,5.7,0.263,0.437,0.307,0.744,64,68,14,6,3.87,11,Mize, Casey
607536,2025,32,31,162.2,709,657,193,132,34,5,22,124,38,17.5,5.4,0.294,0.461,0.335,0.796,90,105,5,17,4.98,5,Freeland, Kyle
664208,2024,31,71,64.0,265,231,47,30,8,2,7,60,24,22.6,9.1,0.203,0.346,0.303,0.649,26,27,3,3,3.66,2,Maton, Phil
596133,2025,31,64,64.2,262,236,46,26,10,0,10,72,20,27.5,7.6,0.195,0.364,0.258,0.622,26,28,4,4,3.62,2,Weaver, Luke
519151,2023,34,65,65.1,268,246,54,37,8,1,8,74,16,27.6,6.0,0.22,0.358,0.265,0.623,26,33,4,5,3.58,1,Pressly, Ryan
571656,2023,32,71,75.0,309,271,58,29,18,0,11,70,29,22.7,9.4,0.214,0.402,0.296,0.698,35,36,4,5,4.2,12,Farmer, Buck
683769,2025,27,73,66.2,274,248,58,39,9,2,8,73,21,26.6,7.7,0.234,0.383,0.294,0.677,23,24,2,2,3.11,6,Gaddis, Hunter
527054,2023,32,14,71.2,288,268,68,39,14,2,13,50,13,17.4,4.5,0.254,0.466,0.296,0.762,35,36,3,5,4.4,9,Teheran, Julio
676395,2024,28,72,59.2,251,232,55,43,8,0,4,75,16,29.9,6.4,0.237,0.323,0.288,0.611,28,34,3,6,4.22,4,Garcia, Robert
669923,2023,25,31,190.2,757,727,179,122,28,7,22,172,19,22.7,2.5,0.246,0.395,0.27,0.665,71,74,13,10,3.35,17,Kirby, George
641627,2023,30,64,58.0,261,236,63,45,13,1,4,62,19,23.8,7.3,0.267,0.381,0.331,0.712,27,34,0,5,4.19,12,Gott, Trevor
656232,2023,27,15,80.0,353,311,86,54,19,1,12,62,36,17.6,10.2,0.277,0.46,0.361,0.821,34,43,5,6,3.83,5,Bielak, Brandon
656557,2023,27,21,106.0,463,410,104,66,24,0,14,99,41,21.4,8.9,0.254,0.415,0.328,0.743,59,61,6,10,5.01,4,Houck, Tanner
621112,2023,29,21,103.2,464,409,117,81,22,3,11,104,43,22.4,9.3,0.286,0.435,0.352,0.787,51,54,4,7,4.43,10,Blackburn, Paul
666974,2025,31,65,58.0,251,218,62,47,7,1,7,53,24,21.1,9.6,0.284,0.422,0.36,0.782,33,36,3,7,5.12,12,Cano, Yennier
543294,2024,34,29,130.2,567,514,147,110,15,1,21,87,43,15.3,7.6,0.286,0.442,0.34,0.782,86,88,4,12,5.92,14,Hendricks, Kyle
593958,2025,32,29,154.1,694,623,178,113,37,3,25,143,60,20.6,8.6,0.286,0.475,0.347,0.822,86,94,9,9,5.02,8,Rodriguez, Eduardo
668909,2024,24,16,76.0,332,293,72,45,17,3,7,79,32,23.8,9.6,0.246,0.396,0.323,0.719,41,42,3,10,4.86,4,Williams, Gavin
695418,2025,25,48,130.2,546,494,126,84,22,3,17,108,43,19.8,7.9,0.255,0.415,0.317,0.732,63,65,5,10,4.34,3,Lord, Brad
641482,2023,28,12,63.1,266,242,59,33,15,0,11,67,20,25.2,7.5,0.244,0.442,0.308,0.75,35,36,5,2,4.97,2,Cortes, Nestor
573124,2024,33,64,60.0,249,224,53,32,13,1,7,64,22,25.7,8.8,0.237,0.397,0.309,0.706,16,22,1,4,2.4,4,Rogers, Taylor
675627,2024,27,39,51.0,216,191,46,32,7,1,6,54,16,25.0,7.4,0.241,0.382,0.316,0.698,29,31,4,4,5.12,4,Grove, Michael
434378,2025,42,29,152.0,662,595,155,97,41,1,16,137,52,20.7,7.9,0.261,0.413,0.323,0.736,65,74,4,11,3.85,13,Verlander, Justin
687064,2025,26,12,57.2,256,230,67,38,17,0,12,47,22,18.4,8.6,0.291,0.522,0.35,0.872,40,42,1,7,6.24,0,Young, Brandon
500779,2025,36,24,131.2,556,497,120,86,16,0,18,89,50,16.0,9.0,0.241,0.382,0.315,0.697,58,65,11,7,3.96,9,Quintana, Jose
592094,2024,32,74,73.2,282,251,40,26,8,1,5,81,23,28.7,8.2,0.159,0.259,0.245,0.504,16,20,7,2,1.95,20,Adam, Jason
671106,2023,24,24,125.1,537,483,127,83,28,0,16,119,48,22.2,8.9,0.263,0.42,0.33,0.75,53,55,7,8,3.81,0,Allen, Logan
670167,2024,30,59,51.2,224,198,48,36,10,1,1,46,20,20.5,8.9,0.242,0.318,0.321,0.639,21,23,4,3,3.66,1,Schreiber, John
600917,2023,29,57,57.0,233,202,37,25,7,0,5,67,28,28.8,12.0,0.183,0.292,0.288,0.58,17,19,0,2,2.68,2,Leclerc, José
489446,2023,36,61,60.1,254,210,35,22,4,0,9,80,37,31.5,14.6,0.167,0.314,0.304,0.618,22,22,7,2,3.28,11,Yates, Kirby
663432,2024,31,50,51.0,231,197,47,29,9,1,8,44,29,19.0,12.6,0.239,0.416,0.346,0.762,27,28,0,0,4.76,4,Rainey, Tanner
660261,2023,29,64,79.0,357,302,73,44,18,2,9,83,45,23.2,12.6,0.242,0.404,0.35,0.754,63,65,7,8,7.18,7,Fujinami, Shintaro
645261,2025,29,31,174.2,745,669,165,104,39,0,22,142,57,19.1,7.7,0.247,0.404,0.31,0.714,104,107,11,12,5.36,35,Alcantara, Sandy
640455,2024,32,32,181.2,738,662,134,86,27,0,21,184,63,24.9,8.5,0.202,0.338,0.28,0.618,70,75,12,6,3.47,23,Manaea, Sean
663687,2024,27,21,72.1,305,266,65,42,14,2,7,61,33,20.0,10.8,0.244,0.391,0.333,0.724,23,29,4,4,2.86,2,Harris, Hogan
542881,2025,35,26,136.1,599,533,135,75,29,3,28,104,57,17.4,9.5,0.253,0.477,0.326,0.803,69,73,2,8,4.56,9,Anderson, Tyler
681911,2024,28,67,66.1,263,223,33,16,9,1,7,87,33,33.1,12.5,0.148,0.291,0.26,0.551,13,19,5,4,1.76,5,Vesia, Alex
623437,2023,32,75,69.0,279,254,61,49,6,2,4,61,18,21.9,6.5,0.24,0.327,0.295,0.622,20,26,5,4,2.61,6,Topa, Justin
683232,2025,28,63,56.2,222,197,42,27,6,2,7,46,14,20.7,6.3,0.213,0.371,0.258,0.629,22,25,5,3,3.49,2,Mears, Nick
693645,2025,24,14,73.0,304,267,58,42,8,0,8,84,31,27.6,10.2,0.217,0.337,0.309,0.646,24,24,4,3,2.96,10,Schlittler, Cam
448179,2023,43,32,146.1,660,587,165,94,44,4,23,129,58,19.5,8.8,0.281,0.487,0.351,0.838,88,98,8,14,5.41,25,Hill, Rich
672282,2025,25,61,63.2,266,238,58,43,9,0,6,80,25,30.1,9.4,0.244,0.357,0.32,0.677,28,29,5,3,3.96,4,Detmers, Reid
660761,2024,26,22,52.1,240,208,57,29,17,4,7,56,27,23.3,11.3,0.274,0.495,0.367,0.862,35,38,1,2,6.02,2,Suarez, José
605447,2023,30,59,59.0,248,220,48,32,9,1,6,72,24,29.0,9.7,0.218,0.35,0.301,0.651,19,20,5,7,2.9,9,Romano, Jordan
687134,2025,24,14,58.2,275,243,85,59,9,0,17,27,23,9.8,8.4,0.35,0.597,0.405,1.002,61,61,2,6,9.36,7,Blalock, Bradley
445926,2024,40,46,63.1,264,241,60,38,11,1,10,55,19,20.8,7.2,0.249,0.427,0.304,0.731,22,27,2,2,3.13,8,Chavez, Jesse
641927,2023,27,26,144.1,577,539,125,78,24,1,22,146,29,25.3,5.0,0.232,0.403,0.279,0.682,55,58,8,6,3.43,3,Ober, Bailey
665795,2025,27,26,137.2,581,519,121,80,24,0,17,150,48,25.8,8.3,0.233,0.378,0.309,0.687,54,60,8,7,3.53,35,Cabrera, Edward
621345,2023,29,70,64.2,260,237,56,41,8,1,6,82,21,31.5,8.1,0.236,0.354,0.296,0.65,27,28,3,6,3.76,15,Minter, A.J.
605400,2024,31,33,199.1,820,764,189,118,39,2,30,197,50,24.0,6.1,0.247,0.421,0.295,0.716,79,84,14,8,3.57,12,Nola, Aaron
679525,2024,26,26,129.0,548,493,123,73,28,3,19,123,39,22.4,7.1,0.249,0.434,0.316,0.75,65,70,9,9,4.53,9,Marsh, Alec
673513,2025,29,61,63.1,272,233,53,31,10,2,10,61,33,22.4,12.1,0.227,0.416,0.321,0.737,28,29,3,1,3.98,5,Matsui, Yuki
656302,2023,27,33,177.0,784,689,172,112,32,9,19,214,79,27.3,10.1,0.25,0.405,0.332,0.737,90,98,7,9,4.58,13,Cease, Dylan
657097,2023,29,54,53.2,232,196,39,23,8,2,6,57,30,24.6,12.9,0.199,0.352,0.316,0.668,22,22,1,1,3.69,3,Webb, Jacob
572403,2023,32,60,61.0,268,230,52,31,12,0,9,60,26,22.4,9.7,0.226,0.396,0.325,0.721,27,30,5,1,3.98,9,VerHagen, Drew
640455,2023,31,37,117.2,499,444,104,66,19,5,14,128,42,25.7,8.4,0.234,0.394,0.309,0.703,58,68,7,6,4.44,8,Manaea, Sean
518876,2023,34,30,177.2,721,645,143,90,30,3,20,187,68,25.9,9.4,0.222,0.371,0.299,0.67,65,71,12,8,3.29,13,Kelly, Merrill
679885,2024,22,64,72.2,308,267,59,46,10,1,2,91,36,29.5,11.7,0.221,0.288,0.316,0.604,20,26,5,6,2.48,2,Martinez, Justin
608372,2025,35,30,157.0,675,626,173,116,21,3,33,106,36,15.7,5.3,0.276,0.478,0.321,0.799,81,85,10,10,4.64,8,Sugano, Tomoyuki
605135,2025,36,32,170.1,736,667,174,118,31,3,22,166,52,22.6,7.1,0.261,0.415,0.325,0.74,75,80,11,9,3.96,14,Bassitt, Chris
656529,2023,26,56,52.1,223,204,53,42,8,1,2,56,18,25.1,8.1,0.26,0.338,0.318,0.656,21,24,3,2,3.61,6,Hentges, Sam
661403,2023,25,75,72.2,302,281,68,52,12,0,4,64,16,21.2,5.3,0.242,0.327,0.282,0.609,26,37,3,9,3.22,10,Clase, Emmanuel
656578,2023,27,19,61.1,257,231,52,29,11,1,11,57,22,22.2,8.6,0.225,0.424,0.296,0.72,34,34,1,3,4.99,4,Jackson, Andre
665152,2023,27,32,172.2,735,673,171,117,26,1,27,157,55,21.4,7.5,0.254,0.416,0.314,0.73,79,85,13,5,4.12,9,Kremer, Dean
502085,2024,39,68,72.0,297,262,53,42,6,0,5,99,28,33.3,9.4,0.202,0.282,0.291,0.573,24,25,3,4,3.0,2,Robertson, David
669456,2023,28,21,128.0,533,490,124,79,29,2,14,107,34,20.1,6.4,0.253,0.406,0.303,0.709,54,56,6,6,3.8,11,Bieber, Shane
685299,2025,27,15,75.1,337,316,96,59,18,3,16,62,17,18.4,5.0,0.304,0.532,0.344,0.876,53,60,6,8,6.33,5,Gordon, Tanner
518876,2024,35,13,73.2,300,277,67,39,16,1,11,63,19,21.0,6.3,0.242,0.426,0.294,0.72,33,35,5,1,4.03,5,Kelly, Merrill
663485,2025,27,69,72.0,299,269,65,42,13,3,7,64,19,21.4,6.4,0.242,0.39,0.297,0.687,36,41,4,6,4.5,7,Sands, Cole
502085,2023,38,62,65.1,269,240,53,36,9,1,7,78,25,29.0,9.3,0.221,0.354,0.302,0.656,22,28,6,6,3.03,9,Robertson, David
643377,2024,29,72,71.0,276,256,47,33,7,3,4,95,15,34.4,5.4,0.184,0.281,0.234,0.515,16,19,5,5,2.03,3,Jax, Griffin
669622,2024,29,59,53.0,228,204,50,35,11,1,3,59,18,25.9,7.9,0.245,0.353,0.317,0.67,24,25,5,2,4.08,7,Bender, Anthony
669211,2024,29,66,78.2,313,285,55,31,13,2,9,97,19,31.0,6.1,0.193,0.347,0.244,0.591,29,31,3,1,3.32,0,Akin, Keegan
657277,2023,26,33,216.0,850,811,201,143,34,4,20,194,31,22.8,3.6,0.248,0.374,0.28,0.654,78,83,11,13,3.25,20,Webb, Logan
808967,2025,26,30,173.2,684,619,113,79,20,0,14,201,59,29.4,8.6,0.183,0.283,0.257,0.54,48,53,12,8,2.49,7,Yamamoto, Yoshinobu
670102,2024,28,27,103.2,408,377,74,42,15,0,17,92,22,22.5,5.4,0.196,0.371,0.253,0.624,38,41,8,5,3.3,1,Francis, Bowden
694037,2025,25,54,52.2,215,196,44,30,6,3,5,61,16,28.4,7.4,0.224,0.362,0.288,0.65,17,19,1,6,2.91,4,Palencia, Daniel
672456,2025,24,20,90.2,389,355,95,65,13,1,16,72,31,18.5,8.0,0.268,0.445,0.33,0.775,44,46,5,3,4.37,2,Montero, Keider
656271,2023,26,53,59.2,250,236,64,44,6,1,13,52,9,20.8,3.6,0.271,0.47,0.301,0.771,29,32,5,3,4.37,1,Burke, Brock
676106,2024,25,12,60.2,266,239,62,41,7,2,12,39,19,14.7,7.1,0.259,0.456,0.327,0.783,32,37,4,4,4.75,3,Hancock, Emerson
669920,2025,32,18,77.1,336,305,80,49,14,2,15,65,26,19.3,7.7,0.262,0.469,0.324,0.793,41,45,4,2,4.77,6,Alexander, Jason
694973,2025,23,32,187.2,733,684,136,86,37,2,11,216,42,29.5,5.7,0.199,0.307,0.251,0.558,41,45,10,10,1.97,4,Skenes, Paul
592773,2024,32,63,55.1,241,212,48,32,6,2,8,67,25,27.8,10.4,0.226,0.387,0.315,0.702,30,32,7,3,4.88,2,Stanek, Ryne
543101,2023,33,19,99.2,419,388,105,64,25,1,15,79,20,18.9,4.8,0.271,0.456,0.311,0.767,54,59,4,8,4.88,8,DeSclafani, Anthony
547973,2025,37,67,61.1,228,212,28,20,5,0,3,85,15,37.3,6.6,0.132,0.198,0.189,0.387,8,9,5,3,1.17,4,Chapman, Aroldis
607481,2023,29,61,58.1,267,225,53,36,13,0,4,78,36,29.2,13.5,0.236,0.347,0.352,0.699,44,45,5,5,6.79,17,Bummer, Aaron
672582,2025,25,69,64.2,275,247,67,43,17,0,7,58,22,21.1,8.0,0.271,0.425,0.333,0.758,30,30,5,2,4.18,3,Zerpa, Angel
621016,2023,29,72,65.1,292,249,63,43,10,2,8,71,35,24.3,12.0,0.253,0.406,0.36,0.766,29,30,3,2,3.99,4,Cuas, Jose
666201,2023,25,19,87.1,415,346,93,59,17,2,15,79,59,19.0,14.2,0.269,0.46,0.388,0.848,57,61,3,9,5.87,15,Manoah, Alek
623465,2024,29,61,54.2,228,207,48,31,11,0,6,63,17,27.6,7.5,0.232,0.372,0.291,0.663,22,30,5,1,3.62,3,Phillips, Evan
455119,2023,37,55,51.1,199,190,45,37,6,0,2,46,8,23.1,4.0,0.237,0.3,0.266,0.566,6,6,4,1,1.05,4,Martin, Chris
571948,2025,34,73,70.1,293,266,68,47,14,2,5,58,21,19.8,7.2,0.256,0.38,0.312,0.692,30,35,3,4,3.84,0,Milner, Hoby
663372,2024,27,30,162.1,692,628,165,116,27,2,20,138,52,19.9,7.5,0.263,0.408,0.324,0.732,81,94,3,10,4.49,29,Feltner, Ryan
664875,2024,29,56,59.2,279,233,73,52,11,1,9,45,33,16.1,11.8,0.313,0.485,0.408,0.893,43,52,4,4,6.49,8,Lawrence, Justin
592836,2023,30,31,172.2,733,650,155,96,35,4,20,138,71,18.8,9.7,0.238,0.397,0.32,0.717,84,87,15,6,4.38,12,Walker, Taijuan
600917,2024,30,64,66.2,288,247,56,40,9,0,7,89,32,30.9,11.1,0.227,0.348,0.323,0.671,32,33,6,5,4.32,11,Leclerc, José
592426,2024,32,52,53.0,235,204,52,36,9,0,7,59,26,25.1,11.1,0.255,0.402,0.342,0.744,30,33,4,3,5.09,4,Jackson, Luke
641154,2025,29,14,75.2,312,285,64,44,13,1,6,73,20,23.4,6.4,0.225,0.34,0.282,0.622,23,28,5,4,2.74,10,López, Pablo
668674,2024,29,61,61.2,253,231,49,35,10,1,3,72,16,28.5,6.3,0.212,0.303,0.281,0.584,23,26,2,6,3.36,0,Erceg, Lucas
669387,2024,25,40,50.2,209,184,41,30,8,0,3,46,19,22.0,9.1,0.223,0.315,0.297,0.612,19,22,5,5,3.38,6,Mlodzinski, Carmen
656731,2025,29,14,68.1,305,261,60,43,10,1,6,89,33,29.2,10.8,0.23,0.345,0.329,0.674,30,37,5,5,3.95,3,Megill, Tylor
477132,2025,37,23,112.2,463,420,102,70,22,2,8,84,35,18.1,7.6,0.243,0.362,0.302,0.664,42,46,11,2,3.36,0,Kershaw, Clayton
673513,2024,28,64,62.2,257,226,46,25,10,3,8,69,27,26.8,10.5,0.204,0.381,0.284,0.665,26,27,4,2,3.73,2,Matsui, Yuki
656464,2024,30,72,70.0,291,270,69,46,16,1,6,77,15,26.5,5.2,0.256,0.389,0.3,0.689,25,31,8,3,3.21,6,Ginkel, Kevin
543518,2023,33,63,70.1,301,266,60,31,15,0,14,86,30,28.6,10.0,0.226,0.44,0.306,0.746,37,40,2,7,4.73,1,McGough, Scott
660853,2025,29,65,66.0,280,252,61,37,16,1,7,62,24,22.1,8.6,0.242,0.397,0.312,0.709,32,35,6,3,4.36,5,De Los Santos, Enyel
592866,2025,33,17,82.2,373,342,106,74,18,3,11,65,21,17.4,5.6,0.31,0.477,0.347,0.824,57,59,3,10,6.21,10,Williams, Trevor
669203,2023,28,32,193.2,784,704,141,99,19,1,22,200,66,25.5,8.4,0.2,0.324,0.274,0.598,73,77,10,8,3.39,11,Burnes, Corbin
666808,2023,25,69,67.2,281,244,51,38,10,0,3,87,26,31.0,9.3,0.209,0.287,0.304,0.591,22,32,6,6,2.93,12,Doval, Camilo
676979,2025,26,32,205.1,814,762,165,111,28,2,24,255,46,31.3,5.7,0.217,0.353,0.264,0.617,59,62,18,5,2.59,13,Crochet, Garrett
592767,2024,35,50,58.2,257,226,57,40,7,0,10,56,25,21.8,9.7,0.252,0.416,0.333,0.749,25,29,4,8,3.84,7,Smyly, Drew
680694,2023,26,30,168.2,671,615,132,90,27,1,14,168,44,25.0,6.6,0.215,0.33,0.275,0.605,53,54,12,7,2.83,3,Bradish, Kyle
607179,2023,30,51,54.2,232,196,38,18,10,1,9,60,28,25.9,12.1,0.194,0.393,0.3,0.693,22,25,5,1,3.62,3,Weems, Jordan
543135,2023,33,25,144.0,577,521,117,70,27,5,15,132,47,22.9,8.1,0.225,0.382,0.295,0.677,58,59,12,5,3.63,8,Eovaldi, Nathan
663485,2024,26,62,71.1,292,267,59,43,10,0,6,85,12,29.1,4.1,0.221,0.326,0.265,0.591,26,30,9,1,3.28,6,Sands, Cole
656945,2023,28,74,78.0,307,277,53,39,11,0,3,104,24,33.9,7.8,0.191,0.264,0.264,0.528,20,22,9,5,2.31,5,Scott, Tanner
608334,2024,30,37,86.2,379,329,81,46,24,0,11,81,40,21.4,10.6,0.246,0.419,0.334,0.753,40,45,0,5,4.15,4,Fulmer, Carson
681867,2024,27,26,99.1,424,377,103,69,22,2,10,73,31,17.2,7.3,0.273,0.422,0.333,0.755,45,52,6,5,4.08,2,Criswell, Cooper
607067,2024,33,32,167.2,714,656,169,105,33,2,29,135,43,18.9,6.0,0.258,0.447,0.311,0.758,80,83,12,6,4.29,16,Rea, Colin
506433,2023,36,24,136.1,573,517,134,89,25,2,18,141,42,24.6,7.3,0.259,0.42,0.321,0.741,69,71,8,10,4.56,17,Darvish, Yu
693433,2025,25,30,186.2,731,685,137,85,25,1,26,198,36,27.1,4.9,0.2,0.353,0.243,0.596,61,64,15,7,2.94,4,Woo, Bryan
687330,2024,26,68,70.2,278,261,59,42,8,2,7,63,9,22.7,3.2,0.226,0.352,0.264,0.616,21,25,5,2,2.67,6,Kelly, Kevin
605135,2023,34,33,200.0,826,749,176,108,38,2,28,186,59,22.5,7.1,0.235,0.403,0.299,0.702,80,88,16,8,3.6,14,Bassitt, Chris
665625,2023,26,59,61.1,252,221,49,40,4,1,4,54,26,21.4,10.3,0.222,0.303,0.313,0.616,23,25,4,5,3.38,12,Peguero, Elvis
502624,2024,36,29,58.1,255,227,55,32,11,0,12,42,21,16.5,8.2,0.242,0.449,0.315,0.764,35,41,0,2,5.4,7,Anderson, Chase
608717,2023,32,64,82.2,338,304,69,44,15,2,8,81,25,24.0,7.4,0.227,0.368,0.285,0.653,36,39,2,1,3.92,7,Stratton, Chris
605483,2025,32,11,61.1,254,222,51,38,10,0,3,72,26,28.3,10.2,0.23,0.315,0.307,0.622,16,21,5,4,2.35,6,Snell, Blake
656629,2024,28,67,67.2,279,234,44,31,4,0,9,88,34,31.5,12.2,0.188,0.321,0.299,0.62,26,27,6,8,3.46,6,Kopech, Michael
573204,2025,38,67,58.0,220,204,38,23,9,1,5,56,13,25.5,5.9,0.186,0.314,0.232,0.546,17,17,3,4,2.64,2,Thielbar, Caleb
671106,2024,25,20,97.1,432,383,113,62,26,3,22,79,41,18.3,9.5,0.295,0.551,0.367,0.918,62,63,8,5,5.73,3,Allen, Logan
624133,2024,28,27,150.2,626,575,140,92,32,2,14,145,41,23.2,6.5,0.243,0.379,0.299,0.678,58,63,12,8,3.46,8,Suarez, Ranger
677053,2023,24,63,57.1,237,211,45,27,11,0,7,73,21,30.8,8.9,0.213,0.365,0.297,0.662,17,18,8,1,2.67,1,Nardi, Andrew
605177,2023,33,63,51.1,224,195,45,25,11,3,6,63,28,28.1,12.5,0.231,0.41,0.33,0.74,27,30,3,4,4.73,2,Chafin, Andrew
647336,2024,26,25,79.2,347,294,66,40,9,4,13,84,44,24.2,12.7,0.224,0.415,0.328,0.743,42,49,0,10,4.74,13,Soroka, Michael
656234,2023,27,70,89.1,381,341,94,67,19,2,6,77,27,20.2,7.1,0.276,0.396,0.336,0.732,43,47,3,3,4.33,5,Bird, Jake
680570,2024,24,20,116.2,491,449,109,68,24,2,15,130,36,26.5,7.3,0.243,0.405,0.305,0.71,50,52,13,4,3.86,5,Rodriguez, Grayson
656546,2025,32,71,68.0,287,253,54,25,14,0,15,84,27,29.3,9.4,0.213,0.447,0.298,0.745,33,34,9,7,4.37,7,Hoffman, Jeff
572955,2023,32,67,62.2,277,245,63,39,14,0,10,90,30,32.5,10.8,0.257,0.437,0.337,0.774,28,34,2,6,4.02,0,Johnson, Pierce
661563,2025,27,11,57.0,244,208,47,28,14,0,5,41,33,16.8,13.5,0.226,0.365,0.332,0.697,21,23,4,1,3.32,2,Gil, Luis
669373,2025,28,31,195.1,748,706,141,95,26,2,18,241,33,32.2,4.4,0.2,0.319,0.24,0.559,48,55,13,6,2.21,3,Skubal, Tarik
683232,2024,27,54,57.2,256,228,61,41,13,0,7,75,24,29.3,9.4,0.268,0.417,0.332,0.749,38,40,1,5,5.93,4,Mears, Nick
606160,2025,34,59,60.1,253,215,42,26,11,0,5,58,37,22.9,14.6,0.195,0.316,0.312,0.628,30,34,1,2,4.48,2,Montero, Rafael
664299,2023,26,31,162.0,687,611,143,81,33,4,25,159,62,23.1,9.0,0.234,0.424,0.309,0.733,82,85,10,5,4.56,22,Javier, Cristian
689147,2025,24,69,60.0,266,231,55,38,11,0,6,65,27,24.4,10.2,0.238,0.364,0.323,0.687,22,28,8,4,3.3,5,Kerkering, Orion
656061,2023,27,45,59.0,268,225,52,31,12,0,9,61,35,22.8,13.1,0.231,0.404,0.348,0.752,31,39,2,2,4.73,7,Abreu, Albert
640451,2023,28,57,60.2,235,217,44,30,7,0,7,67,13,28.5,5.5,0.203,0.332,0.251,0.583,19,21,4,4,2.82,6,Harvey, Hunter
592351,2024,32,23,102.2,439,408,107,75,17,4,11,86,28,19.6,6.4,0.262,0.404,0.308,0.712,51,54,5,6,4.47,9,Gray, Jon
608566,2025,30,26,126.1,591,530,168,99,40,6,23,83,48,14.0,8.1,0.317,0.545,0.378,0.923,94,106,3,16,6.7,19,Márquez, Germán
671096,2023,24,21,109.1,459,409,100,59,24,1,16,120,44,26.1,9.6,0.244,0.425,0.316,0.741,47,47,8,6,3.87,7,Abbott, Andrew
554430,2025,35,24,149.2,585,542,107,65,21,2,19,195,33,33.3,5.6,0.197,0.349,0.253,0.602,45,48,10,5,2.71,4,Wheeler, Zack
624133,2023,27,22,125.0,540,483,129,87,26,3,13,119,48,22.0,8.9,0.267,0.414,0.333,0.747,58,59,4,6,4.18,7,Suarez, Ranger
579328,2024,33,32,175.2,736,683,167,118,23,1,25,206,44,28.0,6.0,0.245,0.391,0.291,0.682,79,85,9,10,4.05,8,Kikuchi, Yusei
669211,2025,30,64,63.1,268,232,54,35,9,0,10,59,33,22.0,12.3,0.233,0.401,0.328,0.729,24,28,5,4,3.41,2,Akin, Keegan
669358,2024,25,14,79.1,319,285,57,41,7,0,9,69,27,21.6,8.5,0.2,0.319,0.276,0.595,27,28,4,3,3.06,3,Baz, Shane
623167,2023,28,29,102.1,466,420,133,88,19,1,25,74,38,15.9,8.2,0.317,0.545,0.376,0.921,78,81,2,8,6.86,6,Flexen, Chris
689017,2024,26,15,69.0,286,264,58,33,9,2,14,69,18,24.1,6.3,0.22,0.428,0.276,0.704,28,28,3,5,3.65,7,Knack, Landon
640448,2023,31,67,69.1,288,260,66,44,11,0,11,63,24,21.9,8.3,0.254,0.423,0.318,0.741,29,33,7,5,3.76,15,Finnegan, Kyle
682847,2025,26,16,88.2,382,337,80,55,12,1,12,96,42,25.1,11.0,0.237,0.386,0.322,0.708,43,44,4,9,4.36,11,Ortiz, Luis
622663,2023,29,19,89.1,417,375,113,66,22,2,23,79,34,18.9,8.2,0.301,0.555,0.366,0.921,66,73,4,8,6.65,9,Severino, Luis
686539,2024,26,56,70.1,307,274,75,57,16,1,1,72,26,23.5,8.5,0.274,0.35,0.346,0.696,34,41,3,4,4.35,8,Cronin, Declan
669711,2025,30,72,67.0,278,251,57,37,14,0,6,57,21,20.5,7.6,0.227,0.355,0.292,0.647,21,27,6,6,2.82,6,Weissert, Greg
676477,2023,27,22,71.2,304,285,82,49,18,2,13,72,13,23.7,4.3,0.288,0.502,0.323,0.825,41,43,5,5,5.15,7,Whitlock, Garrett
656302,2025,29,32,168.0,722,636,152,93,37,1,21,215,71,29.8,9.8,0.239,0.399,0.318,0.717,85,91,8,12,4.55,12,Cease, Dylan
608717,2024,33,57,58.1,257,214,53,33,13,2,5,44,33,17.1,12.8,0.248,0.397,0.348,0.745,36,38,4,3,5.55,3,Stratton, Chris
666159,2023,25,15,78.0,316,283,60,38,9,2,11,50,21,15.8,6.6,0.212,0.375,0.274,0.649,31,37,5,4,3.58,0,Manning, Matt
666214,2025,27,39,98.0,442,393,110,80,15,4,11,92,43,20.8,9.7,0.28,0.422,0.348,0.77,61,66,5,7,5.6,19,Wentz, Joey
670280,2024,29,62,57.2,262,227,54,33,12,0,9,58,28,22.1,10.7,0.238,0.41,0.327,0.737,37,40,3,8,5.77,14,Bednar, David
605130,2024,31,63,55.0,241,204,44,27,11,0,6,68,31,28.2,12.9,0.216,0.358,0.328,0.686,26,27,3,3,4.25,11,Barlow, Scott
664285,2023,29,31,198.0,808,728,166,107,37,3,19,200,57,24.8,7.1,0.228,0.365,0.29,0.655,76,86,12,11,3.45,19,Valdez, Framber
671737,2025,24,27,142.2,605,539,131,84,27,1,19,127,56,21.0,9.3,0.243,0.403,0.316,0.719,80,88,6,8,5.05,7,Bradley, Taj
657649,2025,31,72,66.0,268,241,57,39,11,1,6,68,20,25.4,7.5,0.237,0.365,0.305,0.67,21,21,6,1,2.86,1,Koenig, Jared
669203,2024,29,32,194.1,784,731,165,121,21,1,22,181,48,23.1,6.1,0.226,0.347,0.274,0.621,63,76,15,9,2.92,41,Burnes, Corbin
656605,2025,29,32,176.1,749,686,171,108,40,2,21,150,51,20.0,6.8,0.249,0.405,0.31,0.715,82,91,6,15,4.19,23,Keller, Mitch
623352,2025,31,48,52.2,206,184,29,11,10,0,8,76,16,36.9,7.8,0.158,0.342,0.232,0.574,12,16,6,2,2.05,4,Hader, Josh
608371,2023,29,67,61.0,258,202,33,16,11,1,5,72,39,27.9,15.1,0.163,0.302,0.32,0.622,21,23,7,3,3.1,5,Sims, Lucas
671922,2025,26,76,73.2,300,274,55,29,21,1,4,104,19,34.7,6.3,0.201,0.328,0.261,0.589,24,31,8,5,2.93,1,Smith, Cade
519242,2024,35,29,177.2,702,652,141,96,32,4,9,225,39,32.1,5.6,0.216,0.319,0.269,0.588,47,48,18,3,2.38,12,Sale, Chris
600921,2023,30,44,50.0,207,188,53,32,9,0,12,43,13,20.8,6.3,0.282,0.521,0.328,0.849,29,29,4,1,5.22,11,Machado, Andrés
656794,2025,32,48,92.1,391,350,94,73,16,0,5,91,31,23.3,7.9,0.269,0.357,0.335,0.692,28,36,2,5,2.73,7,Newcomb, Sean
571927,2025,34,53,76.2,309,293,73,49,13,3,8,59,11,19.1,3.6,0.249,0.396,0.28,0.676,26,31,5,2,3.05,1,Matz, Steven
665625,2024,27,52,51.1,227,197,52,42,5,1,4,47,27,20.7,11.9,0.264,0.36,0.357,0.717,17,22,7,4,2.98,4,Peguero, Elvis
642397,2024,29,66,53.0,244,206,56,40,10,2,4,65,27,26.6,11.1,0.272,0.398,0.374,0.772,26,30,3,5,4.42,2,Soto, Gregory
682990,2023,22,10,50.0,234,200,58,29,17,0,12,36,27,15.4,11.5,0.29,0.555,0.378,0.933,43,43,3,3,7.74,2,Priester, Quinn
657612,2025,35,70,67.0,269,251,58,41,9,0,8,37,16,13.8,5.9,0.231,0.363,0.276,0.639,23,27,4,4,3.09,0,Hill, Tim
669302,2024,27,33,208.2,803,756,148,82,39,1,26,220,37,27.4,4.6,0.196,0.353,0.236,0.589,75,83,9,12,3.23,14,Gilbert, Logan
543243,2024,34,28,166.1,671,623,142,82,33,6,21,203,39,30.3,5.8,0.228,0.401,0.275,0.676,71,79,13,9,3.84,25,Gray, Sonny
664285,2025,31,31,192.0,802,717,171,119,33,4,15,187,68,23.3,8.5,0.238,0.358,0.308,0.666,78,82,13,11,3.66,25,Valdez, Framber
672335,2023,27,65,53.1,247,212,56,44,10,0,2,44,27,17.8,10.9,0.264,0.34,0.357,0.697,21,30,4,2,3.54,11,Pérez, Cionel
676106,2025,26,22,90.0,385,346,93,62,16,0,15,64,31,16.6,8.1,0.269,0.445,0.336,0.781,49,51,4,5,4.9,4,Hancock, Emerson
643338,2024,33,53,53.1,210,190,41,26,7,0,8,46,14,21.9,6.7,0.216,0.379,0.271,0.65,19,20,4,6,3.21,6,Green, Chad
543272,2023,33,60,53.2,236,200,54,31,14,3,6,59,22,25.0,9.3,0.27,0.46,0.351,0.811,33,33,5,3,5.53,13,Hand, Brad
693855,2025,26,19,57.0,242,217,48,35,8,0,5,64,19,26.4,7.9,0.221,0.327,0.29,0.617,23,33,4,3,3.63,3,Seymour, Ian
660271,2023,28,23,132.0,531,463,85,52,15,0,18,167,55,31.5,10.4,0.184,0.333,0.285,0.618,46,50,10,5,3.14,5,Ohtani, Shohei
605130,2023,30,63,68.0,299,252,61,46,10,1,4,79,34,26.4,11.4,0.242,0.337,0.337,0.674,33,39,2,6,4.37,11,Barlow, Scott
669022,2024,25,32,166.1,731,649,171,117,36,3,15,181,65,24.8,8.9,0.263,0.398,0.339,0.737,72,93,10,12,3.9,26,Gore, MacKenzie
544150,2024,34,32,133.2,565,510,130,78,34,1,17,108,43,19.1,7.6,0.255,0.425,0.314,0.739,55,56,9,7,3.7,10,Suárez, Albert
694297,2024,25,32,181.2,760,707,183,122,31,6,24,185,42,24.3,5.5,0.259,0.421,0.302,0.723,95,103,11,10,4.71,7,Pfaadt, Brandon
642585,2023,28,56,61.0,237,209,30,23,3,0,4,110,26,46.4,11.0,0.144,0.215,0.245,0.46,10,14,8,2,1.48,10,Bautista, Félix
693821,2025,26,28,156.1,679,616,167,109,32,2,24,131,51,19.3,7.5,0.271,0.446,0.331,0.777,92,95,8,11,5.3,17,Elder, Bryce
622491,2023,30,33,197.0,802,735,160,91,36,5,28,219,56,27.3,7.0,0.218,0.395,0.276,0.671,73,81,14,9,3.34,6,Castillo, Luis
650893,2023,26,61,55.2,239,211,49,28,13,0,8,58,24,24.3,10.0,0.232,0.408,0.315,0.723,25,28,2,1,4.04,5,Cabrera, Génesis
592094,2023,31,56,54.1,222,193,35,19,8,1,7,69,20,31.1,9.0,0.181,0.342,0.288,0.63,18,21,4,2,2.98,10,Adam, Jason
676272,2023,24,22,124.1,505,464,105,68,22,3,12,119,32,23.6,6.3,0.226,0.364,0.283,0.647,52,53,11,4,3.76,14,Miller, Bobby
650556,2025,28,70,71.0,296,260,51,38,9,0,4,105,31,35.5,10.5,0.196,0.277,0.291,0.568,18,18,3,4,2.28,10,Abreu, Bryan
519326,2024,35,72,73.1,294,266,56,33,12,1,10,57,24,19.4,8.2,0.211,0.376,0.28,0.656,27,31,3,2,3.31,6,Strickland, Hunter
592767,2023,34,41,142.1,626,554,147,83,36,2,26,141,56,22.5,8.9,0.265,0.478,0.335,0.813,79,89,11,11,5.0,15,Smyly, Drew
594580,2023,31,70,62.1,268,228,47,34,9,2,2,68,30,25.4,11.2,0.206,0.289,0.315,0.604,21,22,2,3,3.03,12,Moll, Sam
596133,2023,29,29,123.2,563,515,155,83,40,3,29,109,40,19.4,7.1,0.301,0.559,0.353,0.912,88,90,3,6,6.4,3,Weaver, Luke
663893,2025,28,79,68.1,295,245,48,35,9,2,2,91,45,30.8,15.3,0.196,0.273,0.323,0.596,23,28,4,2,3.03,2,Little, Brendon
660896,2024,28,54,58.1,235,210,40,23,8,1,8,58,20,24.7,8.5,0.19,0.352,0.269,0.621,21,23,4,3,3.24,9,Alcala, Jorge
671345,2023,27,70,69.0,276,259,65,48,13,2,2,55,15,19.9,5.4,0.251,0.34,0.293,0.633,20,21,3,3,2.61,3,Foley, Jason
641712,2023,28,18,81.1,354,311,88,57,22,0,9,45,34,12.7,9.6,0.283,0.441,0.363,0.804,45,46,6,3,4.98,2,Hudson, Dakota
669854,2023,29,17,52.0,226,195,49,32,5,0,12,52,28,23.0,12.4,0.251,0.462,0.35,0.812,26,29,2,1,4.5,2,Blanco, Ronel
607481,2024,30,56,55.1,244,220,61,47,11,1,2,69,18,28.3,7.4,0.277,0.364,0.333,0.697,22,24,4,3,3.58,13,Bummer, Aaron
657508,2024,28,57,58.1,264,228,59,36,10,4,9,58,28,22.0,10.6,0.259,0.456,0.345,0.801,36,40,3,1,5.55,7,Baumann, Mike
502043,2024,36,30,169.2,722,641,161,104,30,4,23,151,68,20.9,9.4,0.251,0.418,0.324,0.742,80,91,8,8,4.24,8,Gibson, Kyle
656731,2024,28,16,78.0,337,298,70,46,15,1,8,91,32,27.0,9.5,0.235,0.372,0.315,0.687,35,39,4,5,4.04,5,Megill, Tylor
663773,2024,27,34,53.2,210,196,43,33,5,1,4,43,14,20.5,6.7,0.219,0.316,0.271,0.587,13,15,2,3,2.18,7,Hoeing, Bryan
676710,2023,27,31,129.1,527,484,107,62,26,2,17,135,36,25.6,6.8,0.221,0.388,0.281,0.669,58,59,6,8,4.04,8,Crawford, Kutter
657585,2025,32,58,55.1,238,211,47,30,12,0,5,64,26,26.9,10.9,0.223,0.351,0.311,0.662,24,27,3,6,3.9,3,Garrett, Reed
642100,2025,30,76,62.0,243,224,43,25,11,2,5,82,11,33.7,4.5,0.192,0.326,0.243,0.569,18,19,4,3,2.61,9,Speier, Gabe
625643,2024,30,26,135.2,543,492,108,74,22,2,10,148,42,27.3,7.7,0.22,0.333,0.28,0.613,30,32,8,5,1.99,20,López, Reynaldo
641927,2025,29,27,146.1,624,579,159,92,37,0,30,120,31,19.2,5.0,0.275,0.494,0.314,0.808,83,84,6,9,5.1,4,Ober, Bailey
662253,2025,26,64,62.1,254,216,36,28,6,0,2,83,28,32.7,11.0,0.167,0.222,0.271,0.493,12,18,3,3,1.73,5,Muñoz, Andrés
657376,2025,29,14,78.2,316,282,56,33,12,2,9,73,30,23.1,9.5,0.199,0.351,0.276,0.627,29,29,4,4,3.32,6,Schmidt, Clarke
641329,2025,30,73,68.2,274,255,59,35,9,2,13,83,17,30.3,6.2,0.231,0.435,0.278,0.713,31,33,4,4,4.06,6,Baker, Bryan
641712,2024,29,18,89.0,404,346,99,69,19,0,11,49,50,12.1,12.4,0.286,0.436,0.382,0.818,61,66,2,12,6.17,6,Hudson, Dakota
656629,2023,27,30,129.1,591,483,115,63,21,2,29,134,91,22.7,15.4,0.238,0.47,0.368,0.838,78,80,5,12,5.43,32,Kopech, Michael
607074,2023,30,14,64.1,286,249,65,36,14,0,15,64,28,22.4,9.8,0.261,0.498,0.34,0.838,49,51,3,8,6.85,5,Rodón, Carlos
672710,2023,23,19,68.1,302,266,75,48,16,0,11,55,32,18.2,10.6,0.282,0.466,0.36,0.826,50,50,3,7,6.59,13,Contreras, Roansy
656353,2023,27,38,51.1,236,209,64,40,18,0,6,46,19,19.5,8.1,0.306,0.478,0.371,0.849,34,37,1,2,5.96,10,Davidson, Tucker
664747,2023,26,71,67.1,286,236,44,30,10,0,4,86,36,30.1,12.6,0.186,0.28,0.317,0.597,23,30,9,6,3.07,12,Díaz, Alexis
684007,2025,31,25,144.2,567,537,117,65,20,1,31,117,26,20.6,4.6,0.218,0.432,0.254,0.686,60,62,9,8,3.73,2,Imanaga, Shota
571760,2023,32,34,147.1,641,569,143,84,34,2,23,151,60,23.6,9.4,0.251,0.439,0.332,0.771,68,74,10,6,4.15,11,Heaney, Andrew
552640,2024,34,74,70.2,287,263,60,37,12,1,10,67,20,23.3,7.0,0.228,0.395,0.28,0.675,22,26,5,5,2.8,11,Kittredge, Andrew
677960,2024,24,16,86.2,367,331,78,49,18,0,11,80,24,21.8,6.5,0.236,0.39,0.303,0.693,35,39,5,6,3.63,5,Weathers, Ryan
608337,2023,28,33,184.1,794,705,169,87,34,7,41,204,73,25.7,9.2,0.24,0.482,0.317,0.799,100,110,8,15,4.88,13,Giolito, Lucas
656641,2025,29,33,85.2,348,310,69,45,14,3,7,76,37,21.8,10.6,0.223,0.355,0.305,0.66,27,28,2,0,2.84,9,Latz, Jacob
671737,2023,22,23,104.2,460,416,106,55,25,3,23,129,39,28.0,8.5,0.255,0.495,0.317,0.812,65,69,5,8,5.59,0,Bradley, Taj
608678,2023,31,51,54.0,235,201,49,26,7,2,14,54,28,23.0,11.9,0.244,0.507,0.336,0.843,28,28,1,3,4.67,9,Leone, Dominic
664199,2023,30,58,59.0,266,234,71,47,11,1,12,65,24,24.4,9.0,0.303,0.513,0.371,0.884,39,42,3,6,5.95,0,Clarke, Taylor
701581,2024,24,14,64.1,277,251,62,36,14,3,9,77,23,27.8,8.3,0.247,0.434,0.314,0.748,35,36,2,6,4.9,10,Festa, David
672282,2024,24,17,87.1,391,348,98,57,20,3,18,109,38,27.9,9.7,0.282,0.511,0.353,0.864,65,67,4,9,6.7,14,Detmers, Reid
518617,2023,36,63,56.2,243,202,37,27,6,1,3,64,38,26.3,15.6,0.183,0.267,0.314,0.581,21,29,0,2,3.34,8,Diekman, Jake
571882,2023,32,54,55.0,240,209,50,37,6,1,6,45,26,18.8,10.8,0.239,0.364,0.332,0.696,22,24,4,6,3.6,5,Law, Derek
502043,2023,35,33,192.0,807,732,198,127,43,5,23,157,55,19.5,6.8,0.27,0.437,0.322,0.759,101,101,15,9,4.73,7,Gibson, Kyle
668678,2024,28,28,148.0,621,561,133,86,29,5,13,156,54,25.1,8.7,0.237,0.376,0.308,0.684,60,62,14,6,3.65,18,Gallen, Zac
518585,2023,33,58,66.0,279,246,52,29,14,3,6,98,28,35.1,10.0,0.211,0.366,0.295,0.661,36,39,1,2,4.91,6,Cruz, Fernando
679525,2023,25,17,74.1,342,290,77,39,17,5,16,85,39,24.9,11.4,0.266,0.524,0.369,0.893,47,50,3,9,5.69,11,Marsh, Alec
656464,2023,29,60,65.1,255,226,41,23,15,0,3,70,24,27.5,9.4,0.181,0.288,0.263,0.551,18,24,9,1,2.48,2,Ginkel, Kevin
656288,2024,28,32,171.2,739,656,174,112,28,3,31,130,66,17.6,8.9,0.265,0.459,0.334,0.793,99,105,6,13,5.19,6,Canning, Griffin
641540,2024,29,26,95.0,421,373,97,59,19,1,18,91,40,21.6,9.5,0.26,0.461,0.34,0.801,56,60,5,7,5.31,9,Dunning, Dane
472610,2023,36,61,59.2,267,234,59,44,8,1,6,53,24,19.9,9.0,0.252,0.372,0.336,0.708,27,30,2,3,4.07,12,García, Luis
686613,2025,26,31,185.1,729,661,133,93,20,3,17,206,57,28.3,7.8,0.201,0.318,0.271,0.589,50,55,12,9,2.43,20,Brown, Hunter
642701,2025,29,70,70.1,270,246,44,28,8,3,5,60,17,22.2,6.3,0.179,0.297,0.237,0.534,17,18,4,5,2.18,3,Santana, Dennis
660853,2024,28,64,64.0,278,248,65,30,17,1,17,66,25,23.7,9.0,0.262,0.544,0.342,0.886,37,38,1,2,5.2,3,De Los Santos, Enyel
607625,2025,35,26,145.1,611,546,133,82,23,1,27,125,55,20.5,9.0,0.244,0.438,0.319,0.757,67,70,8,7,4.15,4,Lugo, Seth
506433,2024,37,16,81.2,331,300,65,39,13,1,12,78,22,23.6,6.6,0.217,0.387,0.274,0.661,30,32,7,3,3.31,13,Darvish, Yu
642547,2023,27,30,165.2,680,617,131,75,30,0,26,210,54,30.9,7.9,0.212,0.387,0.282,0.669,71,77,12,10,3.86,7,Peralta, Freddy
621363,2023,29,66,60.2,246,216,42,27,10,1,4,61,24,24.8,9.8,0.194,0.306,0.275,0.581,15,17,12,3,2.23,7,Poche, Colin
570632,2025,33,19,55.0,245,217,57,33,15,1,8,34,23,13.9,9.4,0.263,0.452,0.34,0.792,28,29,0,1,4.58,1,Ureña, José
678368,2025,25,32,81.1,348,316,85,54,15,1,15,54,23,15.5,6.6,0.269,0.465,0.324,0.789,42,44,1,4,4.65,1,Bellozo, Valente
672782,2025,25,21,62.2,277,243,60,38,9,1,12,58,27,20.9,9.7,0.247,0.44,0.33,0.77,36,40,3,3,5.17,6,Gómez, Yoendrys
623211,2025,35,52,63.0,262,225,51,37,7,1,6,57,27,21.8,10.3,0.227,0.347,0.315,0.662,25,29,5,2,3.57,3,Brazobán, Huascar
684320,2024,27,21,86.2,368,323,74,46,16,1,11,85,40,23.1,10.9,0.229,0.387,0.319,0.706,43,46,1,8,4.47,8,Rodríguez, Yariel
573186,2024,33,30,154.2,675,603,167,116,28,4,19,113,60,16.7,8.9,0.277,0.431,0.349,0.78,74,81,10,9,4.31,25,Stroman, Marcus
543135,2025,35,22,130.0,496,463,90,59,20,1,10,129,21,26.0,4.2,0.194,0.307,0.239,0.546,25,28,11,3,1.73,4,Eovaldi, Nathan
668964,2025,26,22,50.2,220,201,54,39,9,1,5,38,15,17.3,6.8,0.269,0.398,0.323,0.721,20,21,1,2,3.55,0,Myers, Tobias
681982,2025,28,66,69.2,299,264,59,42,8,1,8,74,29,24.7,9.7,0.223,0.352,0.303,0.655,25,35,2,6,3.23,6,Anderson, Grant
663878,2024,27,60,66.1,285,255,67,41,14,0,12,74,21,26.0,7.4,0.263,0.459,0.319,0.778,33,34,2,2,4.48,7,Pearson, Nate
571510,2023,32,15,71.0,303,276,69,43,15,0,11,73,25,24.1,8.3,0.25,0.424,0.317,0.741,43,46,5,5,5.45,2,Boyd, Matthew
650644,2025,30,23,102.0,435,392,96,54,26,0,16,88,33,20.2,7.6,0.245,0.434,0.313,0.747,55,59,4,9,4.85,1,Civale, Aaron
571945,2024,35,32,171.2,720,683,194,113,51,4,26,122,25,16.9,3.5,0.284,0.485,0.312,0.797,102,106,10,11,5.35,8,Mikolas, Miles
605400,2025,32,17,94.1,404,371,99,59,19,3,18,97,28,24.0,6.9,0.267,0.48,0.325,0.805,63,65,5,10,6.01,5,Nola, Aaron
680885,2025,25,17,110.2,434,410,89,56,18,2,13,108,18,24.9,4.1,0.217,0.366,0.252,0.618,38,44,7,4,3.09,3,Schwellenbach, Spencer
669713,2024,26,28,67.2,283,260,56,34,10,0,12,67,21,23.7,7.4,0.215,0.392,0.279,0.671,29,37,3,6,3.86,3,Wesneski, Hayden
656288,2025,29,16,76.1,327,292,70,51,10,1,8,70,34,21.4,10.4,0.24,0.363,0.319,0.682,32,35,7,3,3.77,3,Canning, Griffin
676974,2024,25,11,57.0,248,225,62,28,18,2,14,46,19,18.5,7.7,0.276,0.56,0.339,0.899,36,38,3,5,5.68,3,Meyer, Max
663776,2024,27,16,79.2,353,312,85,61,16,0,8,81,35,22.9,9.9,0.272,0.401,0.349,0.75,45,49,2,8,5.08,4,Sandoval, Patrick
694297,2025,26,33,176.2,767,710,198,118,51,3,26,147,37,19.2,4.8,0.279,0.469,0.323,0.792,103,107,13,9,5.25,13,Pfaadt, Brandon
607536,2023,30,29,155.2,677,624,187,122,30,6,29,94,42,13.9,6.2,0.3,0.506,0.342,0.848,87,96,6,14,5.03,13,Freeland, Kyle
456501,2023,37,13,52.1,218,199,51,28,6,0,17,39,15,17.9,6.9,0.256,0.543,0.317,0.86,35,36,1,4,6.02,0,Cueto, Johnny
664353,2023,28,16,63.0,275,247,65,41,12,1,11,45,25,16.4,9.1,0.263,0.453,0.335,0.788,37,37,3,3,5.29,13,Urquidy, José
671922,2024,25,74,75.1,289,268,51,30,19,1,1,103,17,35.6,5.9,0.19,0.28,0.246,0.526,16,16,6,1,1.91,4,Smith, Cade
623437,2025,34,54,60.0,268,242,68,49,17,0,2,49,18,18.3,6.7,0.281,0.376,0.338,0.714,26,32,1,5,3.9,7,Topa, Justin
670955,2025,27,70,76.0,321,282,62,38,11,2,11,103,27,32.1,8.4,0.22,0.39,0.303,0.693,32,33,10,3,3.79,10,Uceta, Edwin
661395,2025,27,72,70.0,287,263,58,47,8,0,3,80,19,27.9,6.6,0.221,0.285,0.279,0.564,16,19,7,6,2.06,13,Duran, Jhoan
682227,2023,25,23,117.0,491,447,111,66,26,1,18,98,39,20.0,7.9,0.248,0.432,0.311,0.743,58,63,5,5,4.46,1,Williamson, Brandon
518489,2023,35,59,59.2,239,213,42,30,9,0,3,56,20,23.4,8.4,0.197,0.282,0.272,0.554,20,24,3,0,3.02,8,Brasier, Ryan
661309,2023,26,22,55.0,241,212,59,41,8,2,8,47,19,19.5,7.9,0.278,0.448,0.344,0.792,29,31,0,2,4.75,9,Martinez, Adrián
477132,2023,35,24,131.2,523,479,100,62,19,0,19,137,40,26.2,7.6,0.209,0.367,0.273,0.64,36,39,13,5,2.46,6,Kershaw, Clayton
621381,2025,33,66,62.1,256,226,47,29,11,2,5,70,20,27.3,7.8,0.208,0.341,0.273,0.614,19,22,2,3,2.74,3,Strahm, Matt
656876,2025,29,31,150.0,585,541,116,84,14,0,18,127,37,21.7,6.3,0.214,0.34,0.271,0.611,46,47,10,5,2.76,19,Rasmussen, Drew
607074,2024,31,32,175.0,736,667,157,90,32,4,31,195,57,26.5,7.7,0.235,0.435,0.304,0.739,77,81,16,9,3.96,21,Rodón, Carlos
682243,2025,26,18,90.1,392,348,93,53,22,1,17,74,34,18.9,8.7,0.267,0.483,0.333,0.816,57,57,4,6,5.68,14,Miller, Bryce
683003,2024,22,22,121.2,504,456,106,55,29,4,18,132,39,26.2,7.7,0.232,0.432,0.298,0.73,56,60,6,8,4.14,5,Jones, Jared
641482,2024,29,31,174.1,710,661,162,94,44,0,24,162,39,22.8,5.5,0.245,0.421,0.29,0.711,73,74,9,10,3.77,8,Cortes, Nestor
663362,2024,27,27,146.2,625,568,145,90,32,2,21,133,40,21.3,6.4,0.255,0.43,0.315,0.745,80,84,7,11,4.91,16,Waldron, Matt
605135,2024,35,31,171.0,758,667,180,132,29,1,18,168,70,22.2,9.2,0.27,0.397,0.352,0.749,79,91,10,14,4.16,14,Bassitt, Chris
606149,2023,31,56,55.0,229,214,54,30,13,0,11,59,12,25.8,5.2,0.252,0.467,0.291,0.758,27,28,2,4,4.42,4,Gallegos, Giovanny
676680,2023,27,54,51.1,205,179,31,25,2,1,3,44,19,21.5,9.3,0.173,0.246,0.27,0.516,10,12,1,2,1.75,1,Cosgrove, Tom
656550,2024,28,26,68.1,282,262,66,49,10,0,7,70,15,24.8,5.3,0.252,0.37,0.294,0.664,27,27,2,1,3.56,7,Holmes, Grant
608337,2025,30,26,145.0,613,547,131,91,22,1,17,121,56,19.7,9.1,0.239,0.377,0.309,0.686,55,62,10,4,3.41,12,Giolito, Lucas
669022,2023,24,27,136.1,582,519,134,86,19,2,27,151,57,25.9,9.8,0.258,0.459,0.33,0.789,67,71,7,10,4.42,10,Gore, MacKenzie
676428,2025,26,43,63.0,277,236,57,45,8,0,4,68,27,24.5,9.7,0.242,0.326,0.345,0.671,17,26,4,3,2.43,9,Hurter, Brant
547943,2023,36,11,52.0,224,206,53,32,12,0,9,38,14,17.0,6.3,0.257,0.447,0.306,0.753,20,25,3,3,3.46,3,Ryu, Hyun Jin
666214,2023,25,25,105.2,492,444,131,78,26,2,25,98,47,19.9,9.6,0.295,0.532,0.362,0.894,81,87,3,13,6.9,12,Wentz, Joey
542888,2023,32,39,52.0,207,191,36,25,8,1,2,54,11,26.1,5.3,0.188,0.272,0.246,0.518,8,12,1,0,1.38,1,Armstrong, Shawn
608331,2025,31,32,195.1,801,737,164,117,26,7,14,189,51,23.6,6.4,0.223,0.334,0.281,0.615,62,73,19,5,2.86,6,Fried, Max
641703,2023,28,40,52.1,235,204,53,37,4,2,10,45,24,19.1,10.2,0.26,0.446,0.35,0.796,28,29,2,4,4.82,6,Honeywell, Brent
425844,2023,39,30,142.1,593,561,158,106,25,2,25,97,23,16.4,3.9,0.282,0.467,0.312,0.779,80,82,2,15,5.06,2,Greinke, Zack
664294,2023,27,55,58.0,239,209,39,18,16,1,4,76,24,31.8,10.0,0.187,0.33,0.276,0.606,24,26,5,2,3.72,6,Moreta, Dauri
446372,2023,37,15,55.0,257,232,69,34,16,2,17,42,21,16.3,8.2,0.297,0.603,0.366,0.969,43,47,3,6,7.04,3,Kluber, Corey
663436,2024,27,11,50.0,220,192,50,40,5,0,5,47,23,21.4,10.5,0.26,0.365,0.355,0.72,24,25,0,5,4.32,2,Martin, Davis
628452,2023,33,58,55.2,231,214,51,35,9,0,7,68,15,29.4,6.5,0.238,0.379,0.286,0.665,17,23,5,4,2.75,0,Iglesias, Raisel
621242,2025,31,62,66.1,258,225,37,27,6,0,4,98,21,38.0,8.1,0.164,0.244,0.258,0.502,12,14,6,3,1.63,15,Díaz, Edwin
680767,2025,25,52,50.2,215,188,45,29,11,1,4,49,26,22.8,12.1,0.239,0.372,0.33,0.702,17,19,4,3,3.02,0,Vodnik, Victor
663738,2023,26,9,52.1,223,204,50,32,8,1,9,34,16,15.2,7.2,0.245,0.426,0.3,0.726,27,29,3,4,4.64,9,Lynch IV, Daniel
683155,2024,22,25,127.2,543,501,130,71,34,2,23,92,27,16.9,5.0,0.259,0.473,0.308,0.781,71,73,7,9,5.01,4,Estes, Joey
656412,2023,27,15,64.2,262,240,48,23,13,0,12,58,20,22.1,7.6,0.2,0.404,0.263,0.667,32,35,2,5,4.45,2,Faedo, Alex
518876,2025,36,32,184.0,748,696,157,96,35,3,23,167,48,22.3,6.4,0.226,0.384,0.277,0.661,72,79,12,9,3.52,14,Kelly, Merrill
607481,2025,31,42,54.1,236,204,51,34,12,2,3,51,18,21.6,7.6,0.25,0.373,0.339,0.712,23,27,3,2,3.81,11,Bummer, Aaron
657240,2023,31,69,72.0,303,265,58,44,6,0,8,98,36,32.3,11.9,0.219,0.332,0.314,0.646,27,28,5,1,3.38,6,Merryweather, Julian
660825,2025,29,73,78.2,313,280,53,38,5,1,9,82,27,26.2,8.6,0.189,0.311,0.262,0.573,22,23,5,0,2.52,7,Bazardo, Eduard
656271,2025,28,69,61.2,257,228,58,40,7,3,8,52,18,20.2,7.0,0.254,0.417,0.311,0.728,23,24,7,1,3.36,4,Burke, Brock
572020,2024,35,21,100.1,437,379,95,63,18,2,12,73,50,16.7,11.4,0.251,0.404,0.336,0.74,49,53,9,3,4.4,6,Paxton, James
656302,2024,28,33,189.1,762,684,137,84,34,1,18,224,65,29.4,8.5,0.2,0.332,0.269,0.601,73,80,14,11,3.47,6,Cease, Dylan
621112,2024,30,14,75.1,316,290,76,49,14,1,12,59,21,18.7,6.6,0.262,0.441,0.317,0.758,39,41,5,4,4.66,6,Blackburn, Paul
674072,2023,25,17,89.0,381,342,86,55,17,2,12,64,35,16.8,9.2,0.251,0.418,0.328,0.746,41,42,5,4,4.15,10,Henry, Tommy
628317,2023,35,21,104.1,428,394,94,54,22,1,17,117,28,27.3,6.5,0.239,0.429,0.292,0.721,49,50,6,8,4.23,13,Maeda, Kenta
806188,2025,27,44,54.2,230,201,44,31,9,1,3,43,21,18.7,9.1,0.219,0.318,0.31,0.628,16,18,4,5,2.63,2,Gibson, Cade
686973,2023,25,17,68.0,283,262,66,39,7,4,16,71,17,25.1,6.0,0.252,0.492,0.299,0.791,35,35,4,3,4.63,1,Varland, Louis
676962,2025,25,25,106.1,472,433,121,80,19,4,18,121,32,25.6,6.8,0.279,0.467,0.333,0.8,70,73,5,8,5.92,8,Brown, Ben
694363,2024,25,39,73.1,321,283,74,51,13,1,9,56,33,17.4,10.3,0.261,0.41,0.333,0.743,35,38,2,5,4.3,7,Shuster, Jared
666142,2023,25,29,96.0,392,346,70,51,10,2,7,113,41,28.8,10.5,0.202,0.303,0.288,0.591,37,40,7,5,3.47,3,Ragans, Cole
450203,2024,40,30,165.1,701,613,154,94,35,2,23,167,65,23.8,9.3,0.251,0.427,0.339,0.766,77,85,8,10,4.19,12,Morton, Charlie
663158,2024,33,65,65.0,258,240,52,38,7,0,7,59,16,22.9,6.2,0.217,0.333,0.265,0.598,20,21,9,3,2.77,0,Suarez, Robert
680730,2025,25,33,164.2,725,653,178,106,43,4,25,103,58,14.2,8.0,0.273,0.466,0.331,0.797,104,116,9,16,5.68,2,Parker, Mitchell
543243,2025,35,32,180.2,753,705,185,125,31,4,25,201,38,26.7,5.0,0.262,0.424,0.302,0.726,86,93,14,8,4.28,11,Gray, Sonny
471911,2024,37,21,103.2,447,406,112,62,26,5,19,89,33,19.9,7.4,0.276,0.505,0.336,0.841,65,68,3,10,5.64,7,Carrasco, Carlos
543135,2024,34,29,170.2,696,642,147,94,28,2,23,166,42,23.9,6.0,0.229,0.386,0.282,0.668,72,74,12,8,3.8,13,Eovaldi, Nathan
670174,2023,25,60,84.1,367,333,89,65,15,0,9,82,31,22.3,8.4,0.267,0.393,0.335,0.728,27,34,4,4,2.88,2,Winckowski, Josh
678394,2023,24,28,157.0,668,611,165,103,36,2,24,132,45,19.8,6.7,0.27,0.453,0.324,0.777,74,77,12,11,4.24,9,Bello, Brayan
642232,2023,31,25,89.2,376,354,96,69,14,0,13,67,13,17.8,3.5,0.271,0.421,0.311,0.732,45,45,8,7,4.52,8,Yarbrough, Ryan
682243,2023,24,25,131.1,537,501,124,70,36,0,18,119,26,22.2,4.8,0.248,0.427,0.293,0.72,63,64,8,7,4.32,6,Miller, Bryce
669947,2023,29,26,85.0,377,343,100,73,12,0,15,58,30,15.4,8.0,0.292,0.458,0.35,0.808,50,54,1,9,5.29,7,Scholtens, Jesse
663978,2025,29,33,158.0,670,619,166,99,32,4,31,112,37,16.7,5.5,0.268,0.483,0.308,0.791,94,98,5,12,5.35,8,Paddack, Chris
668909,2023,23,16,82.0,345,302,66,39,17,2,8,81,37,23.5,10.7,0.219,0.368,0.31,0.678,30,32,3,5,3.29,6,Williams, Gavin
472610,2024,37,60,59.0,254,235,61,40,13,0,8,53,15,20.9,5.9,0.26,0.417,0.311,0.728,32,36,5,1,4.88,9,García, Luis
571927,2023,32,25,105.0,449,410,108,73,23,1,11,98,32,21.8,7.1,0.263,0.405,0.32,0.725,45,48,4,7,3.86,13,Matz, Steven
661395,2023,25,59,62.1,255,222,46,32,8,0,6,84,25,32.9,9.8,0.207,0.324,0.298,0.622,17,25,3,6,2.45,8,Duran, Jhoan
573124,2023,32,60,51.2,216,185,39,25,7,1,6,64,25,29.6,11.6,0.211,0.357,0.312,0.669,22,27,6,4,3.83,6,Rogers, Taylor
671096,2025,26,29,166.1,684,631,148,99,29,1,19,149,43,21.8,6.3,0.235,0.374,0.285,0.659,53,60,10,7,2.87,12,Abbott, Andrew
673929,2025,26,68,64.1,269,237,49,22,14,1,12,81,30,30.1,11.2,0.207,0.426,0.297,0.723,28,30,5,6,3.92,5,Leasure, Jordan
615698,2025,30,26,117.2,513,472,136,79,29,6,22,85,35,16.6,6.8,0.288,0.515,0.343,0.858,79,81,4,12,6.04,25,Quantrill, Cal
676254,2023,27,49,61.1,263,233,61,40,13,0,8,78,24,29.7,9.1,0.262,0.421,0.333,0.754,22,25,5,3,3.23,5,Walker, Ryan
660813,2023,24,68,67.1,257,240,53,42,7,1,3,48,12,18.7,4.7,0.221,0.296,0.262,0.558,9,14,4,2,1.2,5,Graterol, Brusdar
519293,2023,33,60,57.1,226,209,44,27,11,1,5,55,17,24.3,7.5,0.211,0.344,0.27,0.614,28,31,2,7,4.4,7,Smith, Will
682052,2025,27,21,92.2,399,352,81,51,14,1,15,113,37,28.3,9.3,0.23,0.403,0.317,0.72,42,47,7,7,4.08,8,Lopez, Jacob
605154,2024,34,59,55.1,242,220,56,34,11,0,11,67,19,27.7,7.9,0.255,0.455,0.322,0.777,36,36,0,6,5.86,4,Brebbia, John
700249,2024,24,16,79.2,352,313,80,44,22,2,12,69,34,19.6,9.7,0.256,0.454,0.332,0.786,46,49,3,9,5.2,6,Povich, Cade
676508,2025,26,46,77.2,333,307,78,47,22,1,8,71,21,21.3,6.3,0.254,0.41,0.307,0.717,40,41,7,5,4.64,8,Casparius, Ben
622554,2025,30,67,62.2,261,222,44,31,8,0,5,79,36,30.3,13.8,0.198,0.302,0.314,0.616,22,30,4,4,3.16,19,Domínguez, Seranthony
681347,2025,25,23,96.0,402,362,88,62,11,2,13,97,31,24.1,7.7,0.243,0.392,0.308,0.7,42,43,2,4,3.94,8,Burrows, Mike
622098,2023,29,62,56.1,244,208,50,26,13,4,7,60,29,24.6,11.9,0.24,0.442,0.344,0.786,26,31,4,6,4.15,5,Smith, Drew
621107,2024,30,28,165.1,684,653,166,114,28,2,22,134,24,19.6,3.5,0.254,0.404,0.283,0.687,66,71,10,9,3.59,5,Eflin, Zach
641793,2025,29,32,186.2,759,712,174,104,33,1,36,130,32,17.1,4.2,0.244,0.445,0.282,0.727,79,81,10,8,3.81,16,Littell, Zack
657376,2024,28,16,85.1,353,309,71,50,11,2,8,93,30,26.3,8.5,0.23,0.356,0.312,0.668,27,31,5,5,2.85,5,Schmidt, Clarke
674370,2023,27,16,50.2,236,204,55,42,8,1,4,48,21,20.3,8.9,0.27,0.377,0.356,0.733,33,35,2,5,5.86,2,Bido, Osvaldo
676130,2025,27,55,67.0,284,242,62,40,16,2,4,58,32,20.4,11.3,0.256,0.388,0.342,0.73,29,31,5,3,3.9,5,Buttó, José
656986,2025,30,44,50.2,199,181,37,22,11,0,4,59,15,29.6,7.5,0.204,0.331,0.263,0.594,16,18,5,1,2.84,11,Sousa, Bennett
657514,2023,31,55,50.2,216,192,48,33,10,1,4,58,18,26.9,8.3,0.25,0.375,0.333,0.708,18,19,2,1,3.2,2,Bernardino, Brennan
666745,2023,25,25,90.1,372,336,82,48,18,2,14,72,28,19.4,7.5,0.244,0.435,0.306,0.741,43,47,9,7,4.28,7,Brito, Jhony
658648,2023,26,14,50.1,220,187,43,29,11,0,3,54,25,24.5,11.4,0.23,0.337,0.335,0.672,18,23,2,2,3.22,3,Avila, Pedro
592836,2025,32,34,123.2,538,489,132,90,20,1,21,86,42,16.0,7.8,0.27,0.444,0.331,0.775,56,62,5,8,4.08,13,Walker, Taijuan
656756,2024,31,25,117.0,532,478,149,92,40,3,14,83,44,15.6,8.3,0.312,0.496,0.369,0.865,81,83,8,7,6.23,14,Montgomery, Jordan
676684,2025,30,64,68.2,284,259,61,47,8,2,4,75,22,26.4,7.7,0.236,0.328,0.297,0.625,23,26,6,5,3.01,2,Vest, Will
680573,2024,23,28,133.2,569,509,125,87,21,1,16,117,48,20.6,8.4,0.246,0.385,0.31,0.695,62,63,5,5,4.17,11,Woods Richardson, Simeon
669923,2024,26,33,191.0,778,740,181,118,38,3,22,179,23,23.0,3.0,0.245,0.393,0.272,0.665,75,82,14,11,3.53,24,Kirby, George
641729,2024,29,69,68.2,277,248,45,34,9,0,2,82,23,29.6,8.3,0.181,0.242,0.26,0.502,20,22,1,5,2.62,4,Jiménez, Joe
681190,2024,25,20,98.0,431,391,119,81,23,2,13,62,29,14.4,6.7,0.304,0.473,0.36,0.833,53,56,4,7,4.87,12,Vásquez, Randy
661563,2024,26,29,151.2,637,550,104,56,28,2,18,171,77,26.8,12.1,0.189,0.345,0.297,0.642,59,60,15,7,3.5,6,Gil, Luis
572020,2023,34,19,96.0,411,372,93,55,19,1,18,101,33,24.6,8.0,0.25,0.452,0.313,0.765,48,51,7,5,4.5,4,Paxton, James
622608,2025,30,30,130.0,618,554,192,128,39,3,22,73,47,11.8,7.6,0.347,0.547,0.402,0.949,96,103,4,15,6.65,5,Senzatela, Antonio
685126,2025,27,72,69.2,306,272,75,41,20,2,12,74,25,24.2,8.2,0.276,0.496,0.344,0.84,34,36,3,8,4.39,9,Eisert, Brandon
678368,2024,24,13,68.2,295,270,69,39,14,1,15,44,21,14.9,7.1,0.256,0.481,0.312,0.793,28,31,3,4,3.67,2,Bellozo, Valente
666142,2024,26,32,186.1,762,685,146,96,32,3,15,223,67,29.3,8.8,0.213,0.334,0.289,0.623,65,71,11,9,3.14,8,Ragans, Cole
663460,2025,27,20,116.1,476,431,98,68,21,3,6,116,39,24.4,8.2,0.227,0.332,0.294,0.626,33,38,8,7,2.55,2,Bubic, Kris
675627,2023,26,18,69.0,302,280,83,53,15,3,12,73,19,24.2,6.3,0.296,0.5,0.348,0.848,47,47,2,3,6.13,7,Grove, Michael
677944,2024,25,20,77.0,338,313,92,52,23,1,16,64,17,18.9,5.0,0.294,0.527,0.335,0.862,57,57,2,7,6.66,6,Cecconi, Slade
621051,2023,28,52,53.0,219,189,35,17,11,0,7,57,27,26.0,12.3,0.185,0.354,0.297,0.651,23,23,1,2,3.91,2,Wilson, Steven
668678,2023,27,34,210.0,846,790,188,121,42,3,22,220,47,26.0,5.6,0.238,0.382,0.284,0.666,81,87,17,9,3.47,5,Gallen, Zac
608032,2025,32,67,66.0,269,241,48,31,11,1,5,54,22,20.1,8.2,0.199,0.315,0.276,0.591,18,22,4,5,2.45,0,Estévez, Carlos
601713,2024,31,27,145.2,595,554,128,73,23,4,28,172,36,28.9,6.1,0.231,0.439,0.277,0.716,67,70,6,12,4.14,11,Pivetta, Nick
622065,2023,29,63,53.2,236,214,53,34,8,1,10,50,20,21.2,8.5,0.248,0.435,0.315,0.75,23,27,4,2,3.86,4,Young, Alex
676440,2023,24,25,142.0,585,530,122,83,26,0,13,141,45,24.1,7.7,0.23,0.353,0.295,0.648,47,49,10,4,2.98,9,Bibee, Tanner
668881,2023,23,22,112.0,498,438,111,55,33,4,19,152,48,30.5,9.6,0.253,0.477,0.337,0.814,60,65,4,7,4.82,16,Greene, Hunter
663568,2025,28,19,112.2,461,417,98,74,13,2,9,77,31,16.7,6.7,0.235,0.341,0.296,0.637,44,49,5,7,3.51,3,Kolek, Stephen
691587,2025,22,20,95.1,385,349,68,37,17,2,12,105,32,27.3,8.3,0.195,0.358,0.268,0.626,45,47,7,6,4.25,15,Pérez, Eury
656557,2024,28,30,178.2,743,674,156,118,27,0,11,154,48,20.7,6.5,0.231,0.32,0.296,0.616,62,75,9,10,3.12,11,Houck, Tanner
628452,2025,35,70,67.1,267,247,51,31,12,0,8,73,17,27.3,6.4,0.206,0.352,0.262,0.614,24,25,4,6,3.21,5,Iglesias, Raisel
694819,2025,23,15,66.0,272,239,51,33,9,1,8,87,30,32.0,11.0,0.213,0.36,0.309,0.669,32,34,5,3,4.36,1,Misiorowski, Jacob
681857,2025,25,13,68.2,285,254,58,41,12,0,5,65,25,22.8,8.8,0.228,0.335,0.31,0.645,24,24,4,4,3.15,4,Olson, Reese
607200,2024,31,31,177.1,726,661,154,100,30,4,20,154,52,21.2,7.2,0.233,0.381,0.291,0.672,65,66,9,9,3.3,10,Fedde, Erick
675540,2023,24,41,95.0,404,367,98,62,22,2,12,67,30,16.6,7.4,0.267,0.436,0.323,0.759,43,47,3,4,4.07,10,Curry, Xzavion
621121,2025,31,16,55.1,274,227,61,38,12,1,10,61,39,22.3,14.2,0.269,0.463,0.392,0.855,40,45,2,5,6.51,9,McCullers Jr., Lance
700241,2025,24,17,95.2,400,373,100,69,15,4,12,58,20,14.5,5.0,0.268,0.426,0.309,0.735,47,50,8,4,4.42,0,McGreevy, Michael
666214,2024,26,46,67.1,304,262,66,49,9,0,8,73,33,24.0,10.9,0.252,0.378,0.34,0.718,35,37,1,2,4.68,14,Wentz, Joey
500779,2024,35,31,170.1,717,634,150,96,29,3,22,135,63,18.8,8.8,0.237,0.396,0.314,0.71,71,73,10,10,3.75,9,Quintana, Jose
665795,2023,25,22,99.2,434,363,78,49,18,0,11,118,66,27.2,15.2,0.215,0.355,0.341,0.696,47,48,7,7,4.24,16,Cabrera, Edward
596112,2023,30,60,52.1,201,182,30,14,8,0,8,77,16,38.3,8.0,0.165,0.341,0.23,0.571,18,20,3,4,3.1,1,Stephenson, Robert
650644,2024,29,31,161.0,689,627,158,98,31,0,29,149,52,21.6,7.5,0.252,0.44,0.314,0.754,78,82,8,9,4.36,4,Civale, Aaron
672578,2023,26,67,70.0,301,266,62,33,17,2,10,77,32,25.6,10.6,0.233,0.425,0.316,0.741,41,43,1,10,5.27,3,Hernández, Carlos
642207,2025,30,67,62.0,259,228,45,28,11,1,5,90,25,34.7,9.7,0.197,0.32,0.287,0.607,33,37,4,6,4.79,12,Williams, Devin
657649,2024,30,55,62.0,265,236,54,44,5,1,4,63,23,23.8,8.7,0.229,0.309,0.308,0.617,17,22,9,4,2.47,5,Koenig, Jared
684320,2025,28,66,73.0,298,255,50,34,7,1,8,66,34,22.1,11.4,0.196,0.325,0.304,0.629,25,26,3,2,3.08,6,Rodríguez, Yariel
622554,2024,29,63,58.2,255,231,52,31,8,1,12,68,21,26.7,8.2,0.225,0.424,0.294,0.718,29,32,3,4,4.45,12,Domínguez, Seranthony
621383,2024,32,63,72.1,310,277,69,51,11,1,6,78,24,25.2,7.7,0.249,0.361,0.311,0.672,32,41,2,3,3.98,13,Banks, Tanner
657585,2024,31,53,57.1,247,212,50,35,9,0,6,83,30,33.6,12.1,0.236,0.363,0.333,0.696,24,28,8,5,3.77,7,Garrett, Reed
678024,2025,25,47,101.0,423,362,74,52,13,1,8,82,52,19.4,12.3,0.204,0.312,0.318,0.63,28,32,5,3,2.5,24,Vasil, Mike
675911,2025,26,23,125.1,539,475,124,74,29,1,20,131,51,24.3,9.5,0.261,0.453,0.34,0.793,62,63,7,14,4.45,15,Strider, Spencer
647336,2025,27,22,89.2,379,334,72,44,15,1,12,95,29,25.1,7.7,0.216,0.374,0.306,0.68,45,49,3,8,4.52,8,Soroka, Michael
668338,2024,28,58,62.0,235,217,39,24,8,0,7,54,11,23.0,4.7,0.18,0.313,0.235,0.548,16,18,5,1,2.32,4,Miller, Tyson
605288,2025,32,21,125.0,518,467,122,88,20,4,10,92,38,17.8,7.3,0.261,0.385,0.325,0.71,46,49,8,5,3.31,7,Houser, Adrian
686752,2025,27,31,167.2,679,607,134,78,27,3,26,167,61,24.6,9.0,0.221,0.404,0.297,0.701,72,77,11,12,3.86,16,Pepiot, Ryan
689254,2025,23,55,52.2,215,187,36,22,8,0,6,56,24,26.0,11.2,0.193,0.332,0.29,0.622,26,28,5,2,4.44,0,Fluharty, Mason
680732,2025,25,28,134.1,596,522,131,77,30,1,23,133,63,22.3,10.6,0.251,0.444,0.337,0.781,63,76,4,11,4.22,16,Burke, Sean
605288,2023,30,23,111.1,481,443,121,89,18,1,13,96,34,20.0,7.1,0.273,0.406,0.324,0.73,51,56,8,5,4.12,4,Houser, Adrian
500779,2023,34,13,75.2,319,289,75,57,11,2,5,60,24,18.8,7.5,0.26,0.363,0.314,0.677,30,33,3,6,3.57,5,Quintana, Jose
664854,2024,29,65,66.1,266,238,50,41,6,0,3,79,23,29.7,8.6,0.21,0.273,0.275,0.548,15,19,7,4,2.04,4,Helsley, Ryan
663567,2023,26,25,87.1,375,341,93,49,17,9,18,71,28,18.9,7.5,0.273,0.534,0.336,0.87,52,54,3,7,5.36,4,Lambert, Peter
548389,2023,33,22,89.0,381,362,104,69,14,1,20,70,16,18.4,4.2,0.287,0.497,0.32,0.817,53,54,0,5,5.36,6,Stripling, Ross
605452,2025,32,37,51.0,228,202,57,31,17,1,8,39,18,17.1,7.9,0.282,0.495,0.344,0.839,29,30,2,1,5.12,0,Ross, Joe
623211,2024,34,39,51.2,217,189,38,30,3,3,2,51,25,23.5,11.5,0.201,0.28,0.304,0.584,22,26,1,3,3.83,4,Brazobán, Huascar
547973,2024,36,68,61.2,264,222,44,29,9,1,5,98,38,37.1,14.4,0.198,0.315,0.318,0.633,26,31,5,5,3.79,11,Chapman, Aroldis
641778,2025,30,28,104.2,426,396,90,51,22,2,15,102,26,23.9,6.1,0.227,0.407,0.278,0.685,37,39,9,2,3.18,9,Lauer, Eric
606303,2023,29,69,70.2,287,260,57,41,8,0,8,77,17,26.8,5.9,0.219,0.342,0.278,0.62,20,24,7,5,2.55,6,Payamps, Joel
592094,2025,33,65,65.1,270,238,50,41,5,0,4,70,25,25.9,9.3,0.21,0.282,0.291,0.573,14,18,8,4,1.93,12,Adam, Jason
671737,2024,23,25,138.0,578,519,122,77,22,1,22,154,47,26.6,8.1,0.235,0.408,0.3,0.708,63,68,8,11,4.11,6,Bradley, Taj
518886,2023,35,71,69.0,278,243,44,26,8,0,10,94,28,33.8,10.1,0.181,0.337,0.273,0.61,25,28,8,6,3.26,12,Kimbrel, Craig
608379,2024,32,29,166.2,685,625,154,104,29,4,17,145,45,21.2,6.6,0.246,0.387,0.3,0.687,62,65,13,8,3.35,4,Wacha, Michael
681676,2024,26,62,66.2,285,246,58,43,8,3,4,71,32,24.9,11.2,0.236,0.341,0.325,0.666,26,30,1,6,3.51,12,Fernandez, Ryan
669459,2023,26,68,56.0,239,221,59,35,12,0,12,67,14,28.0,5.9,0.267,0.484,0.314,0.798,26,30,7,4,4.18,1,Nelson, Kyle
666157,2024,26,21,115.1,493,437,101,62,26,0,13,122,37,24.7,7.5,0.231,0.38,0.316,0.696,61,62,9,6,4.76,11,Lodolo, Nick
571670,2024,33,66,68.2,279,258,65,50,10,0,5,48,17,17.2,6.1,0.252,0.349,0.299,0.648,29,31,6,4,3.8,9,Floro, Dylan
690986,2024,22,24,124.1,532,476,125,81,25,1,18,118,42,22.2,7.9,0.263,0.433,0.328,0.761,63,65,7,7,4.56,18,Harrison, Kyle
663773,2023,26,33,70.2,304,274,71,32,24,2,13,53,25,17.4,8.2,0.259,0.504,0.322,0.826,43,45,2,3,5.48,6,Hoeing, Bryan
605513,2024,31,17,54.1,222,197,37,22,9,0,6,58,20,26.1,9.0,0.188,0.325,0.279,0.604,16,17,3,0,2.65,6,Turnbull, Spencer
661395,2024,26,58,54.1,228,204,48,31,12,1,4,66,15,28.9,6.6,0.235,0.363,0.305,0.668,22,30,6,9,3.64,6,Duran, Jhoan
686799,2025,24,23,111.0,512,440,136,100,14,1,21,72,58,14.1,11.3,0.309,0.489,0.393,0.882,84,89,3,11,6.81,4,Kochanowicz, Jack
607200,2025,32,32,141.0,623,546,147,94,32,2,19,83,67,13.3,10.8,0.269,0.44,0.351,0.791,86,90,4,13,5.49,30,Fedde, Erick
571760,2025,34,27,122.1,536,479,129,69,34,1,25,86,40,16.0,7.5,0.269,0.501,0.335,0.836,75,77,5,10,5.52,7,Heaney, Andrew
643410,2024,33,60,58.0,256,231,55,37,9,1,8,86,22,33.6,8.6,0.238,0.39,0.313,0.703,29,34,4,5,4.5,6,Leiter Jr., Mark
605200,2023,30,18,82.1,377,332,98,67,17,4,10,72,39,19.1,10.3,0.295,0.461,0.37,0.831,64,67,2,5,7.0,8,Davies, Zach
621053,2024,30,48,51.1,207,180,32,19,7,2,4,62,24,30.0,11.6,0.178,0.306,0.282,0.588,21,23,4,2,3.68,0,Ferguson, Tyler
658648,2024,27,54,82.2,353,306,73,50,14,1,8,82,36,23.2,10.2,0.239,0.369,0.321,0.69,35,38,6,1,3.81,0,Avila, Pedro
668964,2024,25,27,138.0,569,520,126,88,19,1,18,127,36,22.3,6.3,0.242,0.387,0.295,0.682,46,52,9,6,3.0,5,Myers, Tobias
663947,2023,27,59,85.1,324,303,56,38,9,0,9,74,18,22.8,5.6,0.185,0.304,0.232,0.536,20,21,3,2,2.11,1,Holton, Tyler
572955,2024,33,58,56.1,236,209,48,33,8,1,6,67,25,28.4,10.6,0.23,0.364,0.318,0.682,23,25,6,6,3.67,8,Johnson, Pierce
672282,2023,23,28,148.2,644,569,141,93,28,1,19,168,60,26.1,9.3,0.248,0.401,0.332,0.733,74,81,4,10,4.48,15,Detmers, Reid
663903,2025,28,32,169.2,716,631,150,89,36,6,19,163,60,22.8,8.4,0.238,0.404,0.314,0.718,76,80,14,12,4.03,14,Singer, Brady
493603,2024,38,60,56.0,245,213,49,34,8,1,6,70,23,28.6,9.4,0.23,0.362,0.324,0.686,27,29,2,2,4.34,17,Ottavino, Adam
601713,2023,30,38,142.2,587,528,110,55,31,1,23,183,50,31.2,8.5,0.208,0.402,0.283,0.685,64,69,10,9,4.04,12,Pivetta, Nick
641540,2023,28,35,172.2,722,652,163,113,27,3,20,140,55,19.4,7.6,0.25,0.393,0.316,0.709,71,73,12,7,3.7,7,Dunning, Dane
669160,2025,27,25,132.1,584,510,132,84,21,6,21,123,56,21.1,9.6,0.259,0.447,0.344,0.791,73,78,7,11,4.96,18,May, Dustin
680736,2025,24,24,66.2,280,255,65,45,14,0,6,76,17,27.1,6.1,0.255,0.38,0.306,0.686,32,34,5,5,4.32,6,Wrobleski, Justin
663855,2023,26,65,65.2,285,247,57,41,11,1,4,81,32,28.4,11.2,0.231,0.332,0.326,0.658,24,30,3,9,3.29,2,Hicks, Jordan
650633,2023,28,49,104.2,431,390,88,63,13,2,10,127,32,29.5,7.4,0.226,0.346,0.292,0.638,32,35,4,8,2.75,3,King, Michael
664854,2025,30,58,56.0,252,222,61,41,12,0,8,63,25,25.0,9.9,0.275,0.437,0.347,0.784,28,32,3,4,4.5,6,Helsley, Ryan
641360,2023,27,61,67.1,304,257,59,35,14,2,8,76,39,25.0,12.8,0.23,0.393,0.339,0.732,37,41,5,5,4.95,18,Bickford, Phil
664062,2023,29,20,103.0,435,381,86,52,15,0,19,82,40,18.9,9.2,0.226,0.415,0.307,0.722,57,61,8,5,4.98,8,Gonsolin, Tony
630023,2023,29,20,85.0,367,331,91,53,22,1,15,53,27,14.4,7.4,0.275,0.483,0.336,0.819,51,53,5,5,5.4,3,Chirinos, Yonny
665152,2025,29,31,171.2,708,656,163,106,32,3,22,142,45,20.1,6.4,0.248,0.407,0.297,0.704,80,83,11,10,4.19,5,Kremer, Dean
571946,2024,33,51,55.2,225,203,41,22,10,0,9,49,13,21.8,5.8,0.202,0.384,0.262,0.646,28,31,6,8,4.53,5,Miller, Shelby
673540,2023,30,29,166.1,694,606,126,88,21,0,17,202,77,29.1,11.1,0.208,0.327,0.301,0.628,55,60,12,7,2.98,11,Senga, Kodai
641755,2025,34,73,72.2,308,270,53,36,11,0,6,73,33,23.7,10.7,0.196,0.304,0.289,0.593,32,35,6,3,3.96,12,Kinley, Tyler
670059,2023,27,58,56.0,240,215,55,40,11,0,4,58,20,24.2,8.3,0.256,0.363,0.322,0.685,24,25,0,3,3.86,6,Holderman, Colin
677944,2025,26,23,132.0,545,506,125,72,27,2,24,109,32,20.0,5.9,0.247,0.451,0.294,0.745,63,66,7,7,4.3,3,Cecconi, Slade
573124,2025,34,57,50.2,221,190,47,26,13,1,7,53,23,24.0,10.4,0.247,0.437,0.332,0.769,19,25,3,2,3.38,5,Rogers, Taylor
656849,2023,27,27,111.0,492,432,124,87,17,4,16,128,50,26.0,10.2,0.287,0.456,0.367,0.823,62,64,3,8,5.03,4,Peterson, David
605400,2023,30,32,193.2,793,741,178,108,35,3,32,202,45,25.5,5.7,0.24,0.425,0.283,0.708,96,105,12,9,4.46,21,Nola, Aaron
607067,2023,32,26,124.2,517,468,110,66,18,3,23,110,38,21.3,7.4,0.235,0.434,0.296,0.73,63,65,6,6,4.55,17,Rea, Colin
502171,2023,35,28,151.1,646,600,163,107,33,4,19,131,37,20.3,5.7,0.272,0.435,0.319,0.754,65,69,7,7,3.87,13,Cobb, Alex
592791,2025,33,23,129.2,519,489,110,61,23,2,24,98,27,18.9,5.2,0.225,0.427,0.265,0.692,53,54,11,7,3.68,10,Taillon, Jameson
693821,2023,24,31,174.2,732,654,160,106,32,3,19,128,63,17.5,8.6,0.245,0.39,0.316,0.706,74,79,12,4,3.81,9,Elder, Bryce
628711,2023,26,21,117.1,482,444,112,59,28,1,24,117,24,24.3,5.0,0.252,0.482,0.296,0.778,60,61,11,8,4.6,11,Urías, Julio
694297,2023,24,19,96.0,421,386,109,59,25,3,22,94,26,22.3,6.2,0.282,0.534,0.329,0.863,61,63,3,9,5.72,8,Pfaadt, Brandon
608718,2023,33,57,69.1,292,261,65,49,11,2,3,55,25,18.8,8.6,0.249,0.341,0.32,0.661,26,36,4,3,3.38,3,Suter, Brent
607625,2023,33,26,146.1,604,563,140,89,29,3,19,140,36,23.2,6.0,0.249,0.412,0.296,0.708,58,62,8,7,3.57,6,Lugo, Seth
681517,2025,28,62,88.0,363,328,80,59,16,0,5,80,28,22.0,7.7,0.244,0.338,0.3,0.638,30,32,4,2,3.07,2,Leahy, Kyle
607192,2025,31,18,90.1,366,316,56,34,12,0,10,106,43,29.0,11.7,0.177,0.31,0.279,0.589,32,33,4,3,3.19,10,Glasnow, Tyler
667463,2024,29,56,60.0,248,225,58,47,6,0,5,38,14,15.3,5.6,0.258,0.351,0.296,0.647,19,23,3,3,2.85,11,King, John
571948,2023,32,73,64.1,252,235,49,34,9,1,5,59,13,23.4,5.2,0.209,0.319,0.254,0.573,13,16,2,1,1.82,0,Milner, Hoby
543859,2023,33,45,80.0,325,295,64,43,7,1,13,75,23,23.1,7.1,0.217,0.38,0.276,0.656,38,41,7,3,4.28,7,Tonkin, Michael
656222,2024,30,71,70.0,312,276,77,60,10,1,6,55,27,17.6,8.7,0.279,0.388,0.346,0.734,35,42,7,4,4.5,4,Beeks, Jalen
657508,2023,27,60,64.2,273,235,52,32,12,1,7,61,33,22.3,12.1,0.221,0.37,0.32,0.69,27,29,10,1,3.76,10,Baumann, Mike
541640,2023,33,38,60.1,274,250,82,57,13,1,11,43,13,15.7,4.7,0.328,0.52,0.361,0.881,43,47,3,3,6.41,1,Ramírez, Erasmo
548384,2023,35,66,54.2,236,203,44,29,11,0,4,61,25,25.8,10.6,0.217,0.33,0.319,0.649,17,19,1,2,2.8,5,Raley, Brooks
657571,2023,26,68,60.1,270,238,64,50,9,1,4,70,23,25.9,8.5,0.269,0.366,0.352,0.718,23,30,7,4,3.43,4,Ferguson, Caleb
592866,2024,32,13,66.2,260,238,51,39,8,1,3,59,18,22.7,6.9,0.214,0.294,0.265,0.559,15,17,6,1,2.03,1,Williams, Trevor
669060,2024,26,34,104.2,442,405,102,71,9,2,20,82,31,18.6,7.0,0.252,0.432,0.311,0.743,47,49,5,4,4.04,7,Wilson, Bryse
676440,2025,26,31,182.1,762,692,170,114,24,5,27,162,54,21.3,7.1,0.246,0.412,0.308,0.72,86,93,12,11,4.24,17,Bibee, Tanner
641302,2024,29,23,107.2,455,419,110,66,20,1,23,90,24,19.8,5.3,0.263,0.48,0.307,0.787,61,61,6,5,5.1,10,Alexander, Tyler
605121,2024,31,56,53.1,243,205,48,34,9,0,5,57,33,23.5,13.6,0.234,0.351,0.347,0.698,26,29,1,2,4.39,8,Anderson, Justin
621107,2023,29,31,177.2,703,671,158,104,31,4,19,186,24,26.5,3.4,0.235,0.379,0.264,0.643,69,69,16,8,3.5,7,Eflin, Zach
656427,2023,27,29,144.1,650,565,162,106,37,2,17,148,66,22.8,10.2,0.287,0.45,0.37,0.82,80,83,8,9,4.99,4,Flaherty, Jack
687473,2025,26,27,101.2,453,407,114,75,21,1,17,97,36,21.4,7.9,0.28,0.462,0.343,0.805,64,67,7,7,5.67,8,Gusto, Ryan
657097,2024,30,60,56.2,237,208,40,25,11,0,4,58,27,24.5,11.4,0.192,0.303,0.287,0.59,19,23,2,5,3.02,4,Webb, Jacob
676440,2024,25,31,173.2,710,651,150,84,40,4,22,187,44,26.3,6.2,0.23,0.406,0.285,0.691,67,70,12,8,3.47,6,Bibee, Tanner
650911,2023,26,19,99.1,396,375,88,52,18,2,16,96,16,24.2,4.0,0.235,0.421,0.271,0.692,38,44,3,5,3.44,7,Sánchez, Cristopher
686563,2024,23,23,124.1,522,475,125,80,24,3,18,91,40,17.4,7.7,0.263,0.44,0.324,0.764,62,65,5,10,4.49,10,Cannon, Jonathan
593423,2024,31,30,150.2,655,576,140,87,28,1,24,148,66,22.6,10.1,0.243,0.42,0.325,0.745,81,89,7,11,4.84,17,Montas, Frankie
663687,2023,26,14,63.0,284,249,67,37,20,0,10,56,28,19.7,9.9,0.269,0.47,0.348,0.818,50,51,3,6,7.14,4,Harris, Hogan
458681,2024,37,23,117.1,511,458,113,75,21,1,16,109,44,21.3,8.6,0.247,0.402,0.316,0.718,50,64,7,4,3.84,16,Lynn, Lance
527048,2025,34,11,56.0,228,202,40,23,10,1,6,44,22,19.3,9.6,0.198,0.347,0.281,0.628,22,23,1,6,3.54,4,Pérez, Martín
547179,2024,32,26,130.1,535,468,101,63,20,1,17,97,59,18.1,11.0,0.216,0.372,0.31,0.682,48,49,7,6,3.31,6,Lorenzen, Michael
669330,2023,28,25,118.2,470,429,83,41,15,2,25,117,34,24.9,7.2,0.193,0.413,0.257,0.67,48,50,7,6,3.64,2,Wells, Tyler
656849,2024,28,21,121.0,510,453,110,79,22,1,8,101,46,19.8,9.0,0.243,0.349,0.32,0.669,39,44,10,3,2.9,5,Peterson, David
605397,2024,31,19,99.2,410,375,94,59,21,0,14,101,23,24.6,5.6,0.251,0.419,0.31,0.729,43,44,6,5,3.88,7,Musgrove, Joe
622491,2024,31,30,175.1,719,663,158,95,36,2,25,175,47,24.3,6.5,0.238,0.412,0.293,0.705,71,73,11,12,3.64,13,Castillo, Luis
690928,2025,25,13,61.0,256,237,61,40,14,1,6,45,17,17.6,6.6,0.257,0.401,0.313,0.714,28,30,4,1,4.13,1,Dobbins, Hunter
676664,2024,28,32,180.2,758,685,172,102,39,3,28,137,49,18.1,6.5,0.251,0.439,0.311,0.75,88,93,11,13,4.38,23,Sears, JP
676254,2024,28,76,80.0,308,279,50,37,7,1,5,99,18,32.1,5.8,0.179,0.265,0.251,0.516,17,19,10,4,1.91,8,Walker, Ryan
643377,2023,28,71,65.1,274,250,58,42,9,2,5,68,19,24.8,6.9,0.232,0.344,0.297,0.641,28,30,6,10,3.86,9,Jax, Griffin
664199,2025,32,51,55.1,206,196,38,23,6,1,8,44,9,21.4,4.4,0.194,0.357,0.233,0.59,20,20,1,1,3.25,3,Clarke, Taylor
622663,2024,30,31,182.0,761,684,166,118,23,2,23,161,60,21.2,7.9,0.243,0.383,0.313,0.696,79,86,11,7,3.91,15,Severino, Luis
642545,2023,26,34,82.1,362,328,91,54,17,0,20,62,30,17.1,8.3,0.277,0.512,0.34,0.852,52,63,2,6,5.68,0,Barria, Jaime
686752,2024,26,26,130.0,539,481,102,65,18,2,17,142,48,26.3,8.9,0.212,0.364,0.292,0.656,52,58,8,8,3.6,9,Pepiot, Ryan
592332,2024,33,31,181.0,756,693,165,101,41,3,20,162,56,21.4,7.4,0.238,0.392,0.296,0.688,77,86,14,11,3.83,20,Gausman, Kevin
660896,2025,29,56,55.0,257,221,66,36,17,0,13,61,30,23.7,11.7,0.299,0.552,0.379,0.931,38,44,0,2,6.22,8,Alcala, Jorge
657514,2024,32,57,51.0,226,195,50,34,9,1,6,56,22,24.8,9.7,0.256,0.405,0.347,0.752,23,25,4,3,4.06,3,Bernardino, Brennan
642207,2023,28,61,58.2,231,202,26,16,6,0,4,87,28,37.7,12.1,0.129,0.218,0.238,0.456,10,13,8,3,1.53,10,Williams, Devin
641745,2025,29,68,69.2,276,247,45,37,4,0,4,75,22,27.2,8.0,0.182,0.247,0.265,0.512,16,18,4,2,2.07,0,Keller, Brad
548389,2024,34,22,85.1,381,353,109,72,30,0,7,49,22,12.9,5.8,0.309,0.453,0.347,0.8,57,65,2,11,6.01,7,Stripling, Ross
621076,2023,29,14,61.0,280,241,66,41,16,0,9,57,31,20.4,11.1,0.274,0.452,0.367,0.819,43,45,2,6,6.34,10,Kaprielian, James
690990,2025,23,23,118.0,476,433,95,67,17,1,10,97,33,20.4,6.9,0.219,0.333,0.282,0.615,35,40,11,4,2.67,8,Horton, Cade
669796,2023,25,50,50.2,223,197,47,22,15,1,9,62,22,27.8,9.9,0.239,0.462,0.317,0.779,28,30,1,3,4.97,7,Hernandez, Jose E.
672851,2023,24,12,51.2,240,211,60,34,18,0,8,48,24,20.0,10.0,0.284,0.483,0.364,0.847,37,37,2,4,6.45,9,Adon, Joan
687911,2025,28,68,68.0,275,258,60,43,7,0,10,69,11,25.1,4.0,0.233,0.376,0.273,0.649,21,21,5,4,2.78,1,King, Bryan
657097,2025,31,55,66.0,267,243,49,31,8,0,10,58,19,21.7,7.1,0.202,0.358,0.264,0.622,22,24,5,4,3.0,8,Webb, Jacob
607067,2025,34,32,159.1,662,601,155,104,29,2,20,127,44,19.2,6.6,0.258,0.413,0.312,0.725,70,73,11,7,3.95,7,Rea, Colin
680570,2023,23,23,122.0,515,467,121,83,18,4,16,129,42,25.0,8.2,0.259,0.418,0.321,0.739,59,62,7,4,4.35,4,Rodriguez, Grayson
687330,2023,25,57,67.0,276,251,53,33,18,0,2,56,15,20.3,5.4,0.211,0.307,0.283,0.59,23,27,5,2,3.09,7,Kelly, Kevin
676395,2025,29,71,64.0,269,242,58,42,8,0,8,68,22,25.3,8.2,0.24,0.372,0.305,0.677,21,26,4,8,2.95,3,Garcia, Robert
669461,2025,25,29,151.2,648,593,158,105,32,2,19,122,40,18.8,6.2,0.266,0.423,0.313,0.736,71,79,8,12,4.21,22,Liberatore, Matthew
623352,2024,30,71,71.0,278,251,43,25,5,1,12,105,25,37.8,9.0,0.171,0.343,0.248,0.591,30,33,8,8,3.8,5,Hader, Josh
678394,2025,26,29,166.2,700,620,147,107,23,1,16,124,59,17.7,8.4,0.237,0.355,0.314,0.669,62,71,11,9,3.35,16,Bello, Brayan
645261,2023,27,28,184.2,762,700,176,123,30,1,22,151,48,19.8,6.3,0.251,0.391,0.302,0.693,85,91,7,12,4.14,17,Alcantara, Sandy
660853,2023,27,70,65.2,262,232,50,31,15,0,4,62,25,23.7,9.5,0.216,0.332,0.302,0.634,24,26,5,2,3.29,5,De Los Santos, Enyel
664285,2024,30,28,176.1,703,634,140,102,24,1,13,169,55,24.0,7.8,0.221,0.323,0.287,0.61,57,60,15,7,2.91,9,Valdez, Framber
672335,2024,28,62,53.2,238,203,47,33,12,2,0,46,28,19.3,11.8,0.232,0.31,0.338,0.648,27,29,2,0,4.53,2,Pérez, Cionel
691587,2023,20,19,91.1,374,337,72,33,22,2,15,108,31,28.9,8.3,0.214,0.424,0.282,0.706,32,35,5,6,3.15,11,Pérez, Eury
623167,2024,29,33,160.0,707,635,180,109,44,3,24,123,63,17.4,8.9,0.283,0.476,0.349,0.825,88,95,3,15,4.95,6,Flexen, Chris
612434,2023,28,75,64.2,268,239,51,32,11,0,8,60,25,22.4,9.3,0.213,0.36,0.296,0.656,31,32,6,6,4.31,8,Castro, Miguel
686218,2025,25,15,73.1,291,265,49,30,10,2,7,89,22,30.6,7.6,0.185,0.317,0.251,0.568,23,29,6,3,2.82,0,Sheehan, Emmet
605288,2024,31,23,69.1,309,272,74,43,23,0,8,45,32,14.6,10.4,0.272,0.445,0.356,0.801,45,48,1,5,5.84,8,Houser, Adrian
542881,2024,34,31,179.1,765,681,158,99,32,3,24,142,73,18.6,9.5,0.232,0.394,0.311,0.705,76,83,10,15,3.81,15,Anderson, Tyler
623149,2023,33,65,60.2,249,221,46,30,8,0,8,80,24,32.1,9.6,0.208,0.353,0.287,0.64,21,23,3,2,3.12,7,Sewald, Paul
641302,2025,30,52,97.2,423,386,107,78,17,3,9,82,30,19.4,7.1,0.277,0.407,0.331,0.738,54,62,5,14,4.98,6,Alexander, Tyler
641793,2024,28,29,156.1,656,618,164,111,29,2,22,141,31,21.5,4.7,0.265,0.426,0.306,0.732,63,68,8,10,3.63,6,Littell, Zack
668933,2025,27,62,65.1,284,254,68,48,18,0,2,64,25,22.5,8.8,0.268,0.362,0.333,0.695,29,37,8,5,3.99,4,Ashcraft, Graham
663978,2024,28,17,88.1,384,360,102,72,16,0,14,79,21,20.6,5.5,0.283,0.444,0.323,0.767,49,50,5,3,4.99,3,Paddack, Chris
650644,2023,28,23,122.1,504,463,109,75,21,1,12,116,33,23.0,6.5,0.235,0.363,0.293,0.656,47,47,7,5,3.46,6,Civale, Aaron
669387,2025,26,34,99.0,419,385,102,72,20,2,8,89,27,21.2,6.4,0.265,0.39,0.32,0.71,39,42,5,8,3.55,2,Mlodzinski, Carmen
472610,2025,38,58,55.1,233,203,55,36,15,2,2,48,26,20.6,11.2,0.271,0.394,0.351,0.745,21,23,2,2,3.42,4,García, Luis
650911,2024,27,31,181.2,754,706,182,135,34,2,11,153,44,20.3,5.8,0.258,0.358,0.301,0.659,67,76,11,9,3.32,14,Sánchez, Cristopher
596295,2025,31,12,57.2,272,252,82,46,18,2,16,34,17,12.5,6.3,0.325,0.603,0.369,0.972,48,51,0,7,7.49,5,Gomber, Austin
663567,2024,27,28,61.1,280,242,73,50,12,4,7,50,29,17.9,10.4,0.302,0.471,0.374,0.845,39,42,2,5,5.72,6,Lambert, Peter
605177,2024,34,62,56.1,246,211,52,42,5,0,5,70,31,28.5,12.6,0.246,0.341,0.341,0.682,22,26,4,3,3.51,6,Chafin, Andrew
681293,2024,24,29,145.0,632,557,139,85,32,1,21,171,65,27.1,10.3,0.25,0.424,0.334,0.758,73,80,7,13,4.53,16,Arrighetti, Spencer
682243,2024,25,31,180.1,704,654,131,84,25,1,21,171,45,24.3,6.4,0.2,0.338,0.254,0.592,59,62,12,8,2.94,10,Miller, Bryce
606160,2023,32,68,67.1,298,265,74,46,14,3,11,79,29,26.5,9.7,0.279,0.479,0.356,0.835,38,40,3,3,5.08,11,Montero, Rafael
665795,2024,26,20,96.1,417,361,82,54,12,1,15,107,49,25.7,11.8,0.227,0.391,0.326,0.717,53,60,4,8,4.95,20,Cabrera, Edward
667755,2025,26,31,169.0,724,634,158,117,28,1,12,152,78,21.0,10.8,0.249,0.353,0.335,0.688,80,89,10,11,4.26,5,Soriano, José
670950,2024,31,55,65.1,277,234,44,30,7,0,7,62,35,22.4,12.6,0.188,0.308,0.295,0.603,33,36,2,2,4.55,5,Richards, Trevor
695243,2024,25,55,65.0,249,225,36,25,5,0,6,104,21,41.8,8.4,0.16,0.262,0.233,0.495,18,23,2,2,2.49,6,Miller, Mason
676664,2023,27,32,172.1,735,662,165,94,33,4,34,161,53,21.9,7.2,0.249,0.465,0.319,0.784,87,90,5,14,4.54,15,Sears, JP
682990,2025,24,29,157.1,653,593,145,91,34,2,18,132,50,20.2,7.7,0.245,0.4,0.309,0.709,58,62,13,3,3.32,7,Priester, Quinn
621381,2023,31,56,87.2,351,320,68,39,17,1,11,108,21,30.8,6.0,0.212,0.375,0.263,0.638,32,34,9,5,3.29,6,Strahm, Matt
605280,2024,31,67,63.0,271,242,60,44,12,0,4,68,22,25.1,8.1,0.248,0.347,0.315,0.662,22,29,3,5,3.14,4,Holmes, Clay
641835,2023,31,69,53.1,215,199,50,36,12,0,2,53,15,24.7,7.0,0.251,0.342,0.302,0.644,9,10,3,1,1.52,3,Mayza, Tim
676879,2025,27,43,66.2,270,238,54,42,7,2,3,76,24,28.1,8.9,0.227,0.311,0.307,0.618,16,16,5,2,2.16,7,Ashby, Aaron
592426,2025,33,52,51.0,219,182,41,33,4,0,4,38,28,17.4,12.8,0.225,0.313,0.333,0.646,23,30,2,5,4.06,6,Jackson, Luke
543475,2023,32,31,177.2,748,689,176,87,48,2,39,120,45,16.0,6.0,0.255,0.501,0.305,0.806,124,130,6,17,6.28,9,Lyles, Jordan
642701,2024,28,62,71.2,287,259,57,33,18,2,4,69,21,24.0,7.3,0.22,0.351,0.287,0.638,31,33,3,1,3.89,7,Santana, Dennis
669467,2025,26,31,162.2,715,640,173,116,32,4,21,111,62,15.5,8.7,0.27,0.431,0.337,0.768,96,109,6,15,5.31,18,Pallante, Andre
663556,2023,26,21,115.0,469,428,95,57,20,3,15,121,41,25.8,8.7,0.222,0.388,0.29,0.678,42,42,11,2,3.29,7,McClanahan, Shane
680686,2023,25,30,159.0,698,605,152,100,29,1,22,143,80,20.5,11.5,0.251,0.412,0.345,0.757,69,72,8,13,3.91,21,Gray, Josiah
542881,2023,33,27,141.0,629,549,146,84,40,2,20,119,64,18.9,10.2,0.266,0.455,0.346,0.801,85,90,6,6,5.43,7,Anderson, Tyler
677958,2025,25,14,64.1,287,256,71,45,12,3,11,56,23,19.5,8.0,0.277,0.477,0.343,0.82,41,42,4,5,5.74,11,Rocker, Kumar
673540,2025,32,22,113.1,482,420,94,52,24,6,12,109,55,22.6,11.4,0.224,0.395,0.317,0.712,38,44,7,6,3.02,5,Senga, Kodai
666171,2025,27,62,57.0,256,216,49,29,8,0,12,73,34,28.5,13.3,0.227,0.431,0.341,0.772,30,31,6,5,4.74,7,Zeferjahn, Ryan
607192,2023,29,21,120.0,485,444,93,61,16,3,13,162,37,33.4,7.6,0.209,0.347,0.27,0.617,47,52,10,7,3.53,19,Glasnow, Tyler
641771,2024,31,31,53.1,240,205,56,39,11,1,5,54,25,22.5,10.4,0.273,0.41,0.367,0.777,30,33,0,2,5.06,1,Kuhl, Chad
663855,2025,28,34,67.1,314,269,80,56,15,3,6,58,32,18.5,10.2,0.297,0.442,0.387,0.829,52,56,2,7,6.95,3,Hicks, Jordan
605397,2023,30,17,97.1,399,365,90,63,17,0,10,97,21,24.3,5.3,0.247,0.375,0.301,0.676,33,35,10,3,3.05,5,Musgrove, Joe
592332,2025,34,32,193.0,775,716,155,98,34,2,21,189,50,24.4,6.5,0.216,0.358,0.269,0.627,77,79,10,11,3.59,17,Gausman, Kevin
543339,2024,37,65,63.0,253,232,46,27,8,1,10,63,19,24.9,7.5,0.198,0.371,0.261,0.632,21,25,6,2,3.0,2,Hudson, Daniel
608331,2024,30,29,174.1,714,645,146,116,16,1,13,166,57,23.2,8.0,0.226,0.315,0.295,0.61,63,71,11,10,3.25,13,Fried, Max
686218,2023,23,13,60.1,248,219,46,24,10,1,11,64,26,25.8,10.5,0.21,0.416,0.294,0.71,33,33,4,1,4.92,4,Sheehan, Emmet
656412,2024,28,37,57.1,246,210,49,31,9,0,9,55,28,22.4,11.4,0.233,0.405,0.328,0.733,23,24,5,3,3.61,1,Faedo, Alex
542585,2023,34,63,59.1,267,233,63,43,9,1,10,70,25,26.2,9.4,0.27,0.446,0.351,0.797,35,39,3,4,5.31,4,Cisnero, José
670950,2023,30,56,72.2,315,276,63,36,13,1,13,105,35,33.3,11.1,0.228,0.424,0.317,0.741,40,41,2,1,4.95,2,Richards, Trevor
694462,2025,23,10,56.1,229,203,45,34,8,0,3,55,22,24.0,9.6,0.222,0.305,0.306,0.611,18,18,6,1,2.88,8,Waldrep, Hurston
686799,2024,23,11,65.1,266,247,68,47,14,0,7,25,10,9.4,3.8,0.275,0.417,0.325,0.742,29,30,2,6,3.99,2,Kochanowicz, Jack
621244,2025,31,31,166.0,698,632,160,102,30,2,26,138,56,19.8,8.0,0.253,0.43,0.32,0.75,77,86,9,5,4.17,13,Berríos, José
608344,2023,29,24,77.1,336,305,78,51,15,1,11,68,21,20.2,6.3,0.256,0.42,0.315,0.735,38,42,1,4,4.42,0,Irvin, Cole
596295,2023,29,27,139.0,603,552,164,100,35,3,26,87,43,14.4,7.1,0.297,0.513,0.351,0.864,85,88,9,9,5.5,8,Gomber, Austin
519008,2024,35,79,56.2,235,210,53,37,12,0,4,39,17,16.6,7.2,0.252,0.367,0.316,0.683,24,28,2,4,3.81,6,McFarland, T.J.
621244,2023,29,32,189.2,782,717,173,113,33,2,25,184,52,23.5,6.6,0.241,0.397,0.3,0.697,77,82,11,12,3.65,12,Berríos, José
686826,2024,26,44,59.1,258,218,52,37,9,0,6,38,33,14.7,12.8,0.239,0.362,0.349,0.711,21,25,1,2,3.19,2,Jarvis, Bryce
671096,2024,25,25,138.0,586,529,127,73,28,1,25,114,52,19.5,8.9,0.24,0.439,0.309,0.748,57,60,10,10,3.72,10,Abbott, Andrew
687888,2025,28,9,53.2,212,204,46,27,8,1,10,52,4,24.5,1.9,0.225,0.422,0.251,0.673,20,20,1,3,3.35,3,Walter, Brandon
669432,2024,26,25,124.1,562,491,140,86,37,3,14,97,56,17.3,10.0,0.285,0.458,0.357,0.815,68,74,2,11,4.92,14,Rogers, Trevor
605280,2023,30,66,63.0,262,234,51,39,9,1,2,71,23,27.1,8.8,0.218,0.291,0.294,0.585,20,22,4,4,2.86,2,Holmes, Clay
670102,2025,29,14,64.0,288,251,71,46,5,1,19,54,27,18.8,9.4,0.283,0.538,0.361,0.899,43,46,2,8,6.05,0,Francis, Bowden
543243,2023,33,32,184.0,754,689,156,111,34,3,8,183,55,24.3,7.3,0.226,0.319,0.288,0.607,57,59,8,8,2.79,8,Gray, Sonny
701581,2025,25,11,53.1,229,204,49,32,7,0,10,53,19,23.1,8.3,0.24,0.422,0.316,0.738,32,35,3,4,5.4,5,Festa, David
669022,2025,26,30,159.2,679,602,152,103,28,1,20,185,63,27.2,9.3,0.252,0.402,0.325,0.727,74,75,5,15,4.17,13,Gore, MacKenzie
686701,2025,25,19,76.1,323,284,61,39,13,1,8,73,35,22.6,10.8,0.215,0.352,0.302,0.654,31,32,2,2,3.66,2,Bergert, Ryan
663903,2023,26,29,159.2,702,634,182,113,44,5,20,133,49,18.9,7.0,0.287,0.467,0.341,0.808,98,102,8,11,5.52,11,Singer, Brady
656427,2025,29,31,161.0,681,614,147,92,31,1,23,188,59,27.6,8.7,0.239,0.406,0.311,0.717,83,85,8,15,4.64,7,Flaherty, Jack
657024,2023,29,69,66.2,262,240,52,35,8,1,8,75,21,28.6,8.0,0.217,0.358,0.28,0.638,22,22,4,2,2.97,8,Swanson, Erik
669062,2024,26,73,67.1,284,244,50,32,9,2,7,87,38,30.6,13.4,0.205,0.344,0.313,0.657,29,33,4,5,3.88,8,Miller, Erik
670280,2025,30,64,62.2,251,230,46,32,8,2,4,86,19,34.3,7.6,0.2,0.304,0.263,0.567,16,18,6,5,2.3,7,Bednar, David
571760,2024,33,32,160.0,693,634,159,105,30,1,23,159,41,22.9,5.9,0.251,0.41,0.307,0.717,76,84,5,14,4.28,8,Heaney, Andrew
554430,2023,33,32,192.0,787,734,168,111,35,2,20,212,39,26.9,5.0,0.229,0.364,0.274,0.638,77,82,13,6,3.61,3,Wheeler, Zack
664076,2025,31,67,61.1,243,217,40,25,5,1,9,82,18,33.7,7.4,0.184,0.341,0.267,0.608,16,17,2,6,2.35,2,Cleavinger, Garrett
621111,2025,30,26,126.0,564,490,130,91,16,1,22,92,60,16.3,10.6,0.265,0.437,0.357,0.794,69,73,10,7,4.93,19,Buehler, Walker
434378,2024,41,17,90.1,396,358,98,67,14,2,15,74,27,18.7,6.8,0.274,0.45,0.331,0.781,55,56,5,6,5.48,8,Verlander, Justin
670036,2025,32,63,54.2,226,199,44,33,6,1,4,56,15,24.8,6.6,0.221,0.322,0.288,0.61,25,29,5,4,4.12,8,Festa, Matt
669467,2024,25,29,121.1,509,458,110,81,21,0,8,94,48,18.5,9.4,0.24,0.338,0.315,0.653,51,55,8,8,3.78,26,Pallante, Andre
543859,2024,34,57,79.1,340,297,70,49,14,1,6,85,30,25.0,8.8,0.236,0.35,0.318,0.668,32,43,4,4,3.63,8,Tonkin, Michael
641729,2023,28,59,56.1,238,219,51,29,12,1,9,73,14,30.7,5.9,0.233,0.42,0.284,0.704,19,22,0,3,3.04,8,Jiménez, Joe
665622,2023,24,23,109.2,495,427,109,61,31,3,14,106,57,21.4,11.5,0.255,0.44,0.352,0.792,66,73,3,10,5.42,7,Medina, Luis
663969,2025,27,54,77.2,313,287,65,46,10,1,8,52,24,16.6,7.7,0.226,0.352,0.291,0.643,24,26,2,1,2.78,1,Phillips, Tyler
689225,2024,26,46,67.2,282,246,55,36,11,3,5,69,30,24.5,10.6,0.224,0.354,0.31,0.664,27,31,4,5,3.59,5,Brieske, Beau
594835,2023,31,10,50.0,215,195,55,36,14,0,5,34,18,15.8,8.4,0.282,0.431,0.34,0.771,29,32,4,1,5.22,1,Gonzales, Marco
608379,2023,31,24,134.1,553,505,113,65,32,1,15,124,43,22.4,7.8,0.224,0.38,0.288,0.668,48,49,14,4,3.22,4,Wacha, Michael
686973,2025,27,74,72.2,296,266,65,41,17,1,6,75,22,25.3,7.4,0.244,0.383,0.304,0.687,24,27,4,3,2.97,6,Varland, Louis
606303,2024,30,68,59.0,235,212,39,21,10,1,7,59,18,25.1,7.7,0.184,0.34,0.253,0.593,20,23,3,7,3.05,3,Payamps, Joel
642397,2025,30,70,60.1,279,241,62,49,9,0,4,70,24,25.1,8.6,0.257,0.344,0.349,0.693,28,33,1,5,4.18,12,Soto, Gregory
678495,2024,24,35,52.1,221,196,47,31,10,2,4,53,18,24.0,8.1,0.24,0.372,0.311,0.683,25,29,3,2,4.3,4,Rodríguez, Randy
676962,2024,24,15,55.1,222,197,41,27,9,0,5,64,19,28.8,8.6,0.208,0.33,0.276,0.606,22,22,1,3,3.58,5,Brown, Ben
686613,2024,25,31,170.0,712,645,156,120,16,2,18,179,60,25.1,8.4,0.242,0.357,0.31,0.667,66,71,11,9,3.49,20,Brown, Hunter
622491,2025,32,32,180.2,745,689,168,108,34,3,23,162,46,21.7,6.2,0.244,0.402,0.297,0.699,71,76,11,8,3.54,13,Castillo, Luis
593576,2024,35,62,59.1,260,225,55,34,11,2,8,64,28,24.6,10.8,0.244,0.418,0.331,0.749,27,31,10,5,4.1,5,Neris, Héctor
596001,2024,31,24,67.0,253,241,49,28,12,1,8,51,8,20.2,3.2,0.203,0.361,0.237,0.598,20,22,4,0,2.69,6,Junis, Jakob
666974,2023,29,72,72.2,283,266,60,40,16,0,4,65,13,23.0,4.6,0.226,0.331,0.27,0.601,17,19,1,4,2.11,7,Cano, Yennier
643377,2025,30,73,66.0,283,257,64,44,12,1,7,99,21,35.0,7.4,0.249,0.385,0.307,0.692,31,33,1,7,4.23,6,Jax, Griffin
641927,2024,28,31,178.2,709,655,136,75,29,5,27,191,43,26.9,6.1,0.208,0.391,0.261,0.652,79,81,12,9,3.98,3,Ober, Bailey
676534,2024,28,53,53.2,235,199,49,34,11,4,0,63,26,26.8,11.1,0.246,0.342,0.339,0.681,19,25,2,3,3.19,5,Faucher, Calvin
640451,2024,29,49,50.2,219,197,51,26,19,1,5,55,16,25.1,7.3,0.259,0.442,0.33,0.772,25,28,2,4,4.44,13,Harvey, Hunter
686610,2023,25,35,141.0,639,550,149,84,39,2,24,132,71,20.7,11.1,0.271,0.48,0.36,0.84,84,93,4,9,5.36,7,Waldichuk, Ken
579328,2025,34,33,178.1,772,689,180,120,35,1,24,174,74,22.5,9.6,0.261,0.419,0.333,0.752,79,87,7,11,3.99,11,Kikuchi, Yusei
621107,2025,31,14,71.1,309,289,88,51,19,0,18,50,13,16.2,4.2,0.304,0.557,0.336,0.893,47,48,6,5,5.93,2,Eflin, Zach
596001,2025,32,57,66.2,274,249,64,46,11,2,5,55,18,20.1,6.6,0.257,0.378,0.315,0.693,22,24,4,1,2.97,5,Junis, Jakob
605483,2024,31,20,104.0,418,373,65,45,13,1,6,145,44,34.7,10.5,0.174,0.263,0.263,0.526,36,38,5,3,3.12,13,Snell, Blake
663546,2024,27,58,80.2,337,314,84,64,9,1,10,75,14,22.3,4.2,0.268,0.398,0.308,0.706,35,37,3,4,3.9,4,Hjelle, Sean
670970,2024,25,60,63.2,272,246,63,40,17,2,4,71,21,26.1,7.7,0.256,0.39,0.314,0.704,20,24,3,2,2.83,9,Morejon, Adrian
676254,2025,29,68,61.1,266,236,60,41,14,1,4,60,18,22.6,6.8,0.254,0.373,0.326,0.699,28,32,5,7,4.11,0,Walker, Ryan
643511,2025,34,81,77.1,299,288,66,54,7,1,4,48,7,16.1,2.3,0.229,0.302,0.248,0.55,17,20,4,6,1.98,5,Rogers, Tyler
641154,2024,28,32,185.1,772,715,180,121,33,0,26,198,41,25.6,5.3,0.252,0.407,0.298,0.705,84,90,15,10,4.08,11,López, Pablo
671106,2025,26,30,156.2,676,600,157,108,31,0,18,122,62,18.0,9.2,0.262,0.403,0.334,0.737,74,84,8,11,4.25,8,Allen, Logan
666142,2025,27,13,61.2,257,232,53,32,13,1,7,98,20,38.1,7.8,0.228,0.384,0.293,0.677,32,33,3,3,4.67,3,Ragans, Cole
678394,2024,25,30,162.1,702,622,157,107,31,0,19,153,64,21.8,9.1,0.252,0.394,0.33,0.724,81,84,14,8,4.49,12,Bello, Brayan
668933,2023,25,26,145.2,624,558,148,98,23,4,23,111,52,17.8,8.3,0.265,0.444,0.338,0.782,77,78,7,9,4.76,10,Ashcraft, Graham
608665,2023,32,68,66.1,282,238,51,33,8,1,9,66,36,23.4,12.8,0.214,0.37,0.329,0.699,23,27,5,6,3.12,5,Graveman, Kendall
650893,2024,27,69,62.2,271,235,63,42,11,0,10,50,29,18.5,10.7,0.268,0.443,0.348,0.791,25,31,3,3,3.59,14,Cabrera, Génesis
656546,2023,30,54,52.1,208,183,29,18,7,1,3,69,19,33.2,9.1,0.158,0.257,0.244,0.501,14,16,5,2,2.41,9,Hoffman, Jeff
663623,2023,26,24,121.0,530,462,118,79,17,2,20,99,54,18.7,10.2,0.255,0.431,0.34,0.771,62,66,3,7,4.61,5,Irvin, Jake
669194,2023,25,29,144.0,619,559,159,88,37,10,24,96,46,15.5,7.4,0.284,0.515,0.334,0.849,85,87,8,8,5.31,2,Nelson, Ryne
662253,2024,25,60,59.1,232,202,31,22,3,0,6,77,26,33.2,11.2,0.153,0.257,0.259,0.516,14,16,3,7,2.12,6,Muñoz, Andrés
506433,2025,38,15,72.0,296,269,66,36,15,1,14,68,19,23.0,6.4,0.245,0.465,0.31,0.775,43,44,5,5,5.38,10,Darvish, Yu
593576,2023,34,71,68.1,273,236,41,27,7,0,7,77,31,28.2,11.4,0.174,0.292,0.277,0.569,13,16,6,3,1.71,9,Neris, Héctor
663941,2023,27,33,85.0,354,330,83,58,15,0,10,68,21,19.2,5.9,0.252,0.388,0.3,0.688,37,40,3,3,3.92,2,Beck, Tristan
643410,2023,32,69,64.1,269,233,48,27,12,2,7,77,24,28.6,8.9,0.206,0.365,0.299,0.664,25,27,1,3,3.5,9,Leiter Jr., Mark
643511,2024,33,77,70.1,290,273,67,46,14,0,7,51,6,17.6,2.1,0.245,0.374,0.278,0.652,22,23,3,4,2.82,7,Rogers, Tyler
592866,2023,31,30,144.1,658,593,178,110,32,2,34,111,52,16.9,7.9,0.3,0.533,0.358,0.891,89,97,6,10,5.55,9,Williams, Trevor
671212,2025,25,13,52.0,226,195,43,25,12,0,6,58,28,25.7,12.4,0.221,0.374,0.327,0.701,27,33,1,4,4.67,11,Boyle, Joe
596001,2023,30,40,86.0,367,335,90,54,23,1,12,96,21,26.2,5.7,0.269,0.451,0.318,0.769,37,42,4,3,3.87,5,Junis, Jakob
666200,2024,26,12,66.2,274,248,61,39,12,1,9,58,22,21.2,8.0,0.246,0.411,0.311,0.722,37,37,3,6,5.0,5,Luzardo, Jesús
656222,2025,31,61,57.1,231,208,42,25,11,0,6,47,20,20.3,8.7,0.202,0.341,0.277,0.618,24,26,5,3,3.77,5,Beeks, Jalen
543056,2023,33,61,51.1,210,195,45,35,6,0,4,58,12,27.6,5.7,0.231,0.323,0.282,0.605,16,17,5,3,2.81,11,Coulombe, Danny
594902,2023,31,19,88.2,383,355,96,60,14,2,20,79,25,20.6,6.5,0.27,0.49,0.324,0.814,53,53,4,7,5.38,7,Lively, Ben
656427,2024,28,28,162.0,649,605,135,88,18,5,24,194,38,29.9,5.9,0.223,0.388,0.273,0.661,57,61,13,7,3.17,11,Flaherty, Jack
663947,2025,29,70,78.2,312,287,65,43,7,0,15,64,17,20.5,5.4,0.226,0.408,0.266,0.674,32,34,6,5,3.66,3,Holton, Tyler
605130,2025,32,75,68.1,303,250,50,33,8,1,8,75,45,24.8,14.9,0.2,0.336,0.333,0.669,32,35,6,3,4.21,13,Barlow, Scott
687765,2025,27,32,84.2,375,342,96,60,20,0,16,66,26,17.6,6.9,0.281,0.48,0.337,0.817,48,57,3,6,5.1,5,Spence, Mitch
657277,2024,27,33,204.2,841,783,202,152,35,4,11,172,50,20.5,5.9,0.258,0.355,0.302,0.657,79,83,13,10,3.47,21,Webb, Logan
621383,2023,31,32,61.0,255,232,59,32,13,4,10,51,16,20.0,6.3,0.254,0.474,0.31,0.784,30,32,1,4,4.43,8,Banks, Tanner
607625,2024,34,33,206.2,836,773,177,119,36,6,16,181,48,21.7,5.7,0.229,0.353,0.281,0.634,69,75,16,9,3.0,5,Lugo, Seth
657756,2023,27,27,87.1,408,366,116,67,27,3,19,67,28,16.4,6.9,0.317,0.563,0.372,0.935,73,76,1,7,7.52,1,Seabold, Connor
676534,2025,29,65,60.1,255,225,53,40,4,1,8,59,24,23.1,9.4,0.236,0.369,0.314,0.683,22,27,4,4,3.28,4,Faucher, Calvin
642547,2025,29,33,176.2,723,643,124,80,23,0,21,204,66,28.2,9.1,0.193,0.327,0.277,0.604,53,54,17,6,2.7,12,Peralta, Freddy
672582,2024,24,60,53.2,240,216,59,44,8,1,6,49,20,20.4,8.3,0.273,0.403,0.339,0.742,23,24,2,0,3.86,1,Zerpa, Angel
663542,2024,27,43,62.1,231,208,28,13,7,1,7,62,17,26.8,7.4,0.135,0.279,0.209,0.488,12,12,6,1,1.73,3,Hudson, Bryan
608344,2024,30,29,111.0,492,450,132,81,28,5,18,78,29,15.9,5.9,0.293,0.498,0.34,0.838,63,71,6,6,5.11,2,Irvin, Cole
808967,2024,25,18,90.0,368,340,78,48,21,2,7,105,22,28.5,6.0,0.229,0.365,0.275,0.64,30,32,7,2,3.0,3,Yamamoto, Yoshinobu
657746,2025,29,31,171.0,689,633,138,80,32,0,26,194,39,28.2,5.7,0.218,0.392,0.275,0.667,65,69,13,10,3.42,21,Ryan, Joe
676282,2025,25,34,95.1,401,357,78,50,18,0,10,108,42,26.9,10.5,0.218,0.353,0.299,0.652,34,39,5,3,3.21,4,Cantillo, Joey
641793,2023,27,28,90.0,379,360,94,60,20,1,13,74,12,19.5,3.2,0.261,0.431,0.291,0.722,41,43,3,6,4.1,1,Littell, Zack
622554,2023,28,57,50.0,224,195,48,37,4,0,7,48,22,21.4,9.8,0.246,0.374,0.339,0.713,21,25,5,5,3.78,4,Domínguez, Seranthony
450203,2025,41,33,142.0,654,557,152,95,31,3,23,149,72,22.8,11.0,0.273,0.463,0.367,0.83,92,94,9,11,5.83,10,Morton, Charlie
527048,2024,33,26,135.0,590,533,151,101,28,0,22,107,49,18.1,8.3,0.283,0.46,0.349,0.809,68,71,5,6,4.53,4,Pérez, Martín
640462,2024,29,62,71.1,294,262,51,28,17,1,5,88,28,29.9,9.5,0.195,0.324,0.276,0.6,25,31,4,9,3.15,5,Puk, A.J.
579328,2023,32,32,167.2,700,646,165,110,27,1,27,181,48,25.9,6.9,0.255,0.426,0.311,0.737,72,78,11,6,3.86,14,Kikuchi, Yusei
683769,2024,26,78,74.2,278,259,43,23,14,2,4,66,14,23.7,5.0,0.166,0.282,0.219,0.501,13,16,6,3,1.57,1,Gaddis, Hunter
694363,2023,24,11,52.2,230,201,53,34,10,2,7,30,26,13.0,11.3,0.264,0.438,0.348,0.786,34,34,4,3,5.81,9,Shuster, Jared
642397,2023,28,69,60.1,250,224,47,31,10,0,6,65,22,26.0,8.8,0.21,0.335,0.284,0.619,31,34,3,4,4.62,2,Soto, Gregory
661527,2024,29,44,52.2,222,199,49,29,12,1,7,36,18,16.2,8.1,0.246,0.422,0.321,0.743,21,24,3,2,3.59,4,Martinez, Seth
570632,2024,32,33,109.0,463,414,105,72,19,1,13,70,39,15.1,8.4,0.254,0.399,0.321,0.72,46,51,5,8,3.8,10,Ureña, José
670280,2023,28,66,67.1,277,247,53,36,12,2,3,80,21,28.9,7.6,0.215,0.316,0.281,0.597,15,22,3,3,2.0,1,Bednar, David
650633,2025,30,15,73.1,308,277,62,38,12,0,12,76,26,24.7,8.4,0.224,0.397,0.299,0.696,28,31,5,3,3.44,0,King, Michael
675848,2025,24,55,61.1,261,226,52,31,13,2,6,68,25,26.1,9.6,0.23,0.385,0.319,0.704,27,34,2,2,3.96,2,Mejia, Juan
608032,2024,31,54,55.0,212,198,38,26,5,2,5,50,12,23.6,5.7,0.192,0.313,0.241,0.554,15,18,4,5,2.45,3,Estévez, Carlos
669276,2024,29,52,59.2,240,221,49,30,11,1,7,76,17,31.7,7.1,0.222,0.376,0.276,0.652,14,19,4,2,2.11,1,Lee, Dylan
666200,2023,25,32,178.2,741,677,162,94,43,3,22,208,55,28.1,7.4,0.239,0.409,0.301,0.71,71,79,10,10,3.58,11,Luzardo, Jesús
668933,2024,26,15,77.1,350,316,89,63,15,0,11,57,27,16.3,7.7,0.282,0.434,0.349,0.783,45,50,5,5,5.24,4,Ashcraft, Graham
689147,2024,23,64,63.0,257,229,51,37,12,0,2,74,17,28.8,6.6,0.223,0.301,0.297,0.598,16,20,5,3,2.29,6,Kerkering, Orion
657376,2023,27,33,159.0,694,630,169,103,41,1,24,149,46,21.5,6.6,0.268,0.451,0.326,0.777,82,91,9,9,4.64,8,Schmidt, Clarke
621111,2024,29,16,75.1,344,308,89,56,15,2,16,64,28,18.6,8.1,0.289,0.506,0.356,0.862,45,52,1,6,5.38,12,Buehler, Walker
656638,2023,27,67,66.0,288,232,43,25,12,0,6,79,45,27.4,15.6,0.185,0.315,0.328,0.643,27,30,7,5,3.68,7,Lange, Alex
669194,2024,26,28,150.2,630,583,155,93,36,9,17,126,34,20.0,5.4,0.266,0.446,0.308,0.754,71,73,10,6,4.24,2,Nelson, Ryne
571578,2024,34,32,174.2,764,697,208,134,42,7,25,139,54,18.2,7.1,0.298,0.486,0.348,0.834,109,114,6,13,5.62,24,Corbin, Patrick
640462,2023,28,58,56.2,242,224,54,34,10,0,10,78,13,32.2,5.4,0.241,0.42,0.286,0.706,25,29,7,5,3.97,8,Puk, A.J.
663687,2025,28,48,64.2,277,239,54,37,12,0,5,65,33,23.5,11.9,0.226,0.339,0.319,0.658,23,26,2,1,3.2,8,Harris, Hogan
641941,2023,32,66,69.1,273,248,45,26,12,2,5,65,21,23.8,7.7,0.181,0.306,0.246,0.552,23,26,5,2,2.99,2,Pagán, Emilio
621051,2025,30,59,55.1,241,209,50,36,7,0,7,51,22,21.2,9.1,0.239,0.373,0.311,0.684,21,21,2,2,3.42,8,Wilson, Steven
686563,2025,24,22,103.2,466,417,116,68,25,4,19,86,38,18.5,8.2,0.278,0.494,0.344,0.838,67,69,4,10,5.82,12,Cannon, Jonathan
663623,2024,27,33,187.2,769,710,173,103,38,3,29,156,52,20.3,6.8,0.244,0.428,0.299,0.727,92,97,10,14,4.41,5,Irvin, Jake
666619,2023,23,60,66.1,289,267,69,58,8,1,2,66,17,22.8,5.9,0.258,0.318,0.315,0.633,25,29,2,2,3.39,10,Santos, Gregory
641941,2025,34,70,68.2,270,244,41,20,11,0,10,81,22,30.0,8.1,0.168,0.336,0.241,0.577,22,26,2,4,2.88,3,Pagán, Emilio
669199,2025,30,53,71.0,296,258,55,33,9,3,10,75,30,25.3,10.1,0.213,0.388,0.298,0.686,31,34,8,2,3.93,4,Bachar, Lake
592791,2024,32,28,165.1,675,633,154,107,24,2,21,125,33,18.5,4.9,0.243,0.387,0.28,0.667,60,67,12,8,3.27,14,Taillon, Jameson
664875,2023,28,69,75.0,326,277,65,45,12,3,5,78,36,23.9,11.0,0.235,0.354,0.334,0.688,31,37,4,7,3.72,8,Lawrence, Justin
665152,2024,28,24,129.2,553,493,110,73,19,0,18,123,51,22.2,9.2,0.223,0.371,0.297,0.668,59,72,8,10,4.1,6,Kremer, Dean
674370,2025,29,26,79.2,363,313,93,57,16,1,19,68,35,18.7,9.6,0.297,0.537,0.37,0.907,52,56,2,5,5.87,13,Bido, Osvaldo
663941,2025,29,31,56.2,232,211,47,30,8,2,7,41,16,17.7,6.9,0.223,0.379,0.28,0.659,29,29,1,0,4.61,3,Beck, Tristan
670174,2024,26,40,76.0,336,298,81,56,15,0,10,60,26,17.9,7.7,0.272,0.423,0.334,0.757,35,44,4,2,4.14,4,Winckowski, Josh
624133,2025,29,26,157.1,651,602,154,113,25,2,14,151,38,23.2,5.8,0.256,0.374,0.305,0.679,56,57,12,8,3.2,6,Suarez, Ranger
453286,2023,38,27,152.2,621,570,126,76,22,0,28,174,45,28.0,7.2,0.221,0.407,0.282,0.689,64,65,13,6,3.77,9,Scherzer, Max
640448,2024,32,65,63.2,271,245,61,45,4,3,9,60,24,22.1,8.9,0.249,0.4,0.315,0.715,26,31,3,8,3.68,8,Finnegan, Kyle
664208,2023,30,68,66.0,274,237,49,31,12,0,6,74,25,27.0,9.1,0.207,0.333,0.304,0.637,22,27,4,3,3.0,3,Maton, Phil
670912,2023,25,32,177.2,781,678,161,96,41,5,19,158,83,20.2,10.6,0.237,0.397,0.33,0.727,85,91,9,14,4.31,9,Oviedo, Johan
621053,2025,31,56,58.0,246,201,43,31,5,3,4,54,34,22.0,13.8,0.214,0.328,0.332,0.66,30,32,4,2,4.66,6,Ferguson, Tyler
669713,2023,25,34,89.1,379,339,82,49,12,1,20,83,32,21.9,8.4,0.242,0.46,0.311,0.771,46,50,3,5,4.63,2,Wesneski, Hayden
664076,2024,30,68,60.0,266,225,52,41,3,2,6,71,31,26.7,11.7,0.231,0.342,0.338,0.68,25,29,7,5,3.75,14,Cleavinger, Garrett
694335,2025,26,39,60.1,234,206,33,23,5,2,3,68,20,29.1,8.5,0.16,0.248,0.244,0.492,13,14,4,0,1.94,1,Svanson, Matt
665871,2023,25,32,109.1,449,402,93,59,18,3,13,94,41,20.9,9.1,0.231,0.388,0.306,0.694,37,38,5,3,3.05,8,Assad, Javier
543294,2023,33,24,137.0,578,542,138,92,30,3,13,93,27,16.1,4.7,0.255,0.393,0.293,0.686,57,68,6,8,3.74,23,Hendricks, Kyle
657571,2025,28,70,65.1,270,236,54,41,11,0,2,51,22,18.9,8.1,0.229,0.301,0.307,0.608,26,27,5,4,3.58,10,Ferguson, Caleb
669711,2024,29,62,63.1,263,237,65,49,9,0,7,58,20,22.1,7.6,0.274,0.401,0.324,0.725,22,32,4,2,3.13,5,Weissert, Greg
681857,2024,24,22,112.1,465,421,100,70,21,2,7,101,33,21.7,7.1,0.238,0.347,0.295,0.642,44,51,4,8,3.53,9,Olson, Reese
668674,2023,28,50,55.0,251,208,51,31,18,1,1,68,36,27.1,14.3,0.245,0.356,0.371,0.727,29,33,4,4,4.75,0,Erceg, Lucas
693433,2024,24,22,121.1,472,454,96,67,15,0,14,101,13,21.4,2.8,0.211,0.337,0.237,0.574,39,41,9,3,2.89,4,Woo, Bryan
615698,2024,29,29,148.1,656,571,156,101,26,6,23,110,69,16.8,10.5,0.273,0.461,0.361,0.822,82,83,8,11,4.98,14,Quantrill, Cal
641585,2023,28,24,136.1,581,524,138,98,20,1,19,101,47,17.4,8.1,0.263,0.414,0.322,0.736,58,64,11,6,3.83,9,France, J.P.
676477,2025,29,62,72.0,293,262,54,44,8,0,2,91,24,31.1,8.2,0.206,0.26,0.283,0.543,18,21,7,3,2.25,7,Whitlock, Garrett
672710,2024,24,49,68.1,298,259,63,38,14,0,11,56,31,18.8,10.4,0.243,0.425,0.33,0.755,33,36,2,4,4.35,10,Contreras, Roansy
657006,2024,28,24,134.2,555,506,111,76,23,0,12,135,37,24.3,6.7,0.219,0.336,0.276,0.612,46,54,5,5,3.07,9,Steele, Justin
675911,2023,24,32,186.2,763,696,146,92,29,3,22,281,58,36.8,7.6,0.21,0.355,0.279,0.634,80,85,20,5,3.86,19,Strider, Spencer
672841,2025,25,70,77.0,331,297,81,58,12,1,10,54,23,16.3,6.9,0.273,0.421,0.337,0.758,34,39,5,5,3.97,6,Vargas, Carlos
669194,2025,27,33,154.0,619,572,124,73,25,9,17,132,41,21.3,6.6,0.217,0.381,0.273,0.654,58,62,7,3,3.39,1,Nelson, Ryne
677952,2025,25,26,69.2,292,264,63,43,16,1,3,71,24,24.3,8.2,0.239,0.341,0.306,0.647,21,22,4,4,2.71,5,Ashcraft, Braxton
592773,2025,33,65,56.0,255,221,56,38,10,1,7,58,32,22.7,12.5,0.253,0.403,0.345,0.748,33,39,4,6,5.3,1,Stanek, Ryne
592351,2023,31,29,157.1,656,582,149,110,16,1,22,142,54,21.6,8.2,0.256,0.4,0.325,0.725,72,75,9,8,4.12,12,Gray, Jon
650556,2023,26,72,72.0,287,248,44,29,9,0,6,100,31,34.8,10.8,0.177,0.286,0.274,0.56,14,17,3,2,1.75,4,Abreu, Bryan
622663,2025,31,29,162.2,705,630,162,111,35,0,16,124,50,17.6,7.1,0.257,0.389,0.324,0.713,82,93,8,11,4.54,10,Severino, Luis
676710,2024,28,33,183.2,759,695,155,89,30,2,34,175,51,23.1,6.7,0.223,0.419,0.284,0.703,89,97,9,16,4.36,7,Crawford, Kutter
493603,2023,37,66,61.2,261,221,46,31,8,0,7,62,29,23.8,11.1,0.208,0.339,0.32,0.659,22,24,1,7,3.21,22,Ottavino, Adam
669461,2023,23,22,61.2,275,241,66,37,22,2,5,46,25,16.7,9.1,0.274,0.444,0.349,0.793,36,42,3,6,5.25,6,Liberatore, Matthew
554340,2023,32,73,66.0,282,257,67,47,11,1,8,79,15,28.0,5.3,0.261,0.405,0.315,0.72,30,35,3,4,4.09,6,García, Yimi
453286,2025,40,17,85.0,358,332,87,47,21,0,19,82,23,22.9,6.4,0.262,0.497,0.313,0.81,49,49,5,5,5.19,7,Scherzer, Max
642232,2025,33,19,64.0,264,242,58,37,7,1,13,55,19,20.8,7.2,0.24,0.438,0.299,0.737,31,31,3,1,4.36,7,Yarbrough, Ryan
666808,2025,27,69,65.1,278,238,51,38,9,0,4,72,35,25.9,12.6,0.214,0.303,0.321,0.624,26,34,4,3,3.58,11,Doval, Camilo
657612,2024,34,62,67.0,291,266,77,68,7,0,2,31,19,10.7,6.5,0.289,0.338,0.338,0.676,25,32,4,0,3.36,3,Hill, Tim
669060,2023,25,53,76.2,314,284,60,33,16,2,9,61,22,19.4,7.0,0.211,0.377,0.271,0.648,22,26,6,0,2.58,4,Wilson, Bryse
592791,2023,31,30,154.1,655,604,156,100,28,1,27,140,41,21.4,6.3,0.258,0.442,0.308,0.75,83,96,8,10,4.84,13,Taillon, Jameson
805673,2025,25,16,79.1,354,323,94,67,15,0,12,88,24,24.9,6.8,0.291,0.449,0.335,0.784,49,50,5,6,5.56,5,Matthews, Zebby
687792,2024,23,19,88.2,382,340,76,53,11,1,11,106,36,27.7,9.4,0.224,0.359,0.303,0.662,41,45,4,9,4.16,2,Herz, DJ
669373,2023,26,15,80.1,310,292,58,40,11,3,4,102,14,32.9,4.5,0.199,0.298,0.242,0.54,25,28,7,3,2.8,4,Skubal, Tarik
663436,2025,28,26,142.2,601,541,136,84,29,3,20,104,48,17.3,8.0,0.251,0.427,0.317,0.744,65,74,7,10,4.1,14,Martin, Davis
543037,2024,33,17,95.0,390,355,78,52,14,1,11,99,29,25.4,7.4,0.22,0.358,0.29,0.648,36,38,8,5,3.41,15,Cole, Gerrit
518585,2024,34,69,66.2,288,250,54,30,14,1,9,109,35,37.8,12.2,0.216,0.388,0.314,0.702,36,36,3,8,4.86,11,Cruz, Fernando
592332,2023,32,31,185.0,763,700,163,100,43,1,19,237,55,31.1,7.2,0.233,0.379,0.291,0.67,65,72,12,9,3.16,21,Gausman, Kevin
672456,2024,23,19,98.1,412,378,100,65,14,2,19,77,31,18.7,7.5,0.265,0.463,0.325,0.788,52,54,6,6,4.76,6,Montero, Keider
656457,2025,31,46,51.0,215,186,40,24,11,0,5,49,24,22.8,11.2,0.215,0.355,0.31,0.665,22,24,4,2,3.88,8,Gilbert, Tyler
678606,2025,25,72,76.1,324,294,81,62,12,2,5,71,16,21.9,4.9,0.276,0.381,0.326,0.707,38,41,4,4,4.48,3,Ferrer, Jose A.
622072,2023,32,29,97.2,429,373,98,61,24,4,9,74,42,17.2,9.8,0.263,0.421,0.347,0.768,47,52,5,5,4.33,4,Wood, Alex
663855,2024,27,29,109.2,481,423,112,75,23,2,12,96,47,20.0,9.8,0.265,0.414,0.349,0.763,50,54,4,7,4.1,11,Hicks, Jordan
676272,2024,25,13,56.0,258,226,69,44,7,1,17,52,30,20.2,11.6,0.305,0.571,0.391,0.962,53,53,2,4,8.52,5,Miller, Bobby
693312,2024,25,51,54.2,244,205,51,40,7,0,4,55,32,22.5,13.1,0.249,0.341,0.357,0.698,24,30,2,2,3.95,0,Nicolas, Kyle
693433,2023,23,18,87.2,371,331,75,48,12,2,13,93,31,25.1,8.4,0.227,0.393,0.305,0.698,41,44,4,5,4.21,8,Woo, Bryan
663738,2025,28,57,67.2,289,254,66,46,12,0,8,45,26,15.6,9.0,0.26,0.402,0.341,0.743,23,24,6,2,3.06,0,Lynch IV, Daniel
607455,2025,31,71,65.0,269,229,45,26,10,1,8,61,35,22.7,13.0,0.197,0.354,0.305,0.659,23,23,5,1,3.18,9,Banda, Anthony
621381,2024,32,66,62.2,237,217,36,20,12,0,4,79,11,33.3,4.6,0.166,0.276,0.224,0.5,13,14,6,2,1.87,2,Strahm, Matt
621242,2024,30,54,53.2,216,192,36,24,4,1,7,84,20,38.9,9.3,0.188,0.328,0.273,0.601,21,23,6,4,3.52,22,Díaz, Edwin
663559,2024,27,28,142.1,589,531,138,86,34,1,17,97,45,16.5,7.6,0.26,0.424,0.315,0.739,70,72,8,9,4.43,18,Falter, Bailey
663423,2024,30,71,72.1,294,265,63,38,16,1,8,77,19,26.2,6.5,0.238,0.396,0.299,0.695,29,32,4,3,3.61,7,Thornton, Trent
676596,2023,27,12,51.2,221,199,56,38,8,1,9,25,19,11.3,8.6,0.281,0.467,0.339,0.806,27,29,2,0,4.7,1,Fleming, Josh
680730,2024,24,29,151.0,646,595,154,103,31,2,18,133,43,20.6,6.7,0.259,0.408,0.309,0.717,72,82,7,10,4.29,4,Parker, Mitchell
571945,2025,36,31,156.1,669,622,169,94,42,4,29,100,37,14.9,5.5,0.272,0.492,0.313,0.805,84,87,8,11,4.84,12,Mikolas, Miles
657514,2025,33,55,51.2,225,190,39,30,8,0,1,43,27,19.1,12.0,0.205,0.263,0.309,0.572,18,23,4,3,3.14,4,Bernardino, Brennan
571945,2023,34,35,201.1,860,802,226,145,50,5,26,137,39,15.9,4.5,0.282,0.454,0.319,0.773,107,110,9,13,4.78,12,Mikolas, Miles
667755,2024,25,22,113.0,468,407,91,65,17,1,8,97,45,20.7,9.6,0.224,0.329,0.311,0.64,43,50,6,7,3.42,2,Soriano, José
518886,2024,36,57,52.1,232,192,40,25,7,1,7,73,31,31.5,13.4,0.208,0.365,0.329,0.694,31,35,7,5,5.33,15,Kimbrel, Craig
694738,2024,25,23,50.1,217,190,43,28,13,0,2,47,26,21.7,12.0,0.226,0.326,0.323,0.649,20,21,1,2,3.58,3,Roupp, Landen
666129,2023,25,31,159.2,659,617,154,93,37,4,20,156,29,23.7,4.4,0.25,0.42,0.294,0.714,65,68,9,7,3.66,14,Garrett, Braxton
678692,2025,25,69,73.0,303,267,53,33,12,0,8,98,27,32.3,8.9,0.199,0.333,0.278,0.611,18,23,7,1,2.22,17,Henriquez, Ronny
680885,2024,24,21,123.2,500,468,106,61,27,4,14,127,23,25.4,4.6,0.226,0.391,0.271,0.662,46,49,8,7,3.35,4,Schwellenbach, Spencer
592454,2025,35,66,63.0,267,235,51,33,8,2,8,50,31,18.7,11.6,0.217,0.37,0.311,0.681,31,32,1,5,4.43,0,Kahnle, Tommy
666808,2024,26,62,59.0,271,224,54,32,15,2,5,78,39,28.8,14.4,0.241,0.393,0.353,0.746,32,35,5,3,4.88,12,Doval, Camilo
666200,2025,27,32,183.2,758,696,167,118,33,0,16,216,57,28.5,7.5,0.24,0.356,0.299,0.655,80,85,15,7,3.92,22,Luzardo, Jesús
669276,2025,30,74,68.1,266,249,53,33,7,0,13,76,14,28.6,5.3,0.213,0.398,0.254,0.652,25,27,2,4,3.29,2,Lee, Dylan
663986,2023,27,71,68.2,294,257,63,39,17,1,6,75,26,25.5,8.8,0.245,0.389,0.323,0.712,31,35,7,7,4.06,13,Stephan, Trevor
674003,2024,26,14,76.1,308,293,64,41,9,4,10,70,13,22.7,4.2,0.218,0.379,0.253,0.632,30,32,6,3,3.54,8,Bradford, Cody
640470,2023,28,58,64.0,253,231,52,38,8,1,5,67,13,26.5,5.1,0.225,0.333,0.278,0.611,19,23,2,5,2.67,6,Alzolay, Adbert
623474,2025,31,59,83.1,347,309,72,50,15,1,6,81,26,23.3,7.5,0.233,0.346,0.303,0.649,23,24,1,2,2.48,6,Herget, Jimmy
669923,2025,27,23,126.0,524,480,121,85,20,1,15,137,29,26.1,5.5,0.252,0.392,0.3,0.692,59,60,10,8,4.21,9,Kirby, George
606930,2024,34,63,66.0,277,252,67,43,13,1,10,55,20,19.9,7.2,0.266,0.444,0.314,0.758,32,36,8,3,4.36,7,Barnes, Jacob
676775,2024,26,12,55.1,238,209,56,32,10,5,9,48,20,20.2,8.4,0.268,0.493,0.338,0.831,44,44,3,8,7.16,7,Winn, Keaton
593958,2023,30,26,152.2,621,563,128,86,25,2,15,143,48,23.0,7.7,0.227,0.359,0.289,0.648,56,59,13,9,3.3,10,Rodriguez, Eduardo
607259,2023,32,63,110.1,461,413,99,76,11,0,12,106,40,23.0,8.7,0.24,0.354,0.311,0.665,42,45,6,4,3.43,12,Martinez, Nick
676684,2024,29,69,70.1,289,261,61,48,9,1,3,63,18,21.8,6.2,0.234,0.31,0.285,0.595,22,23,3,4,2.82,3,Vest, Will
677161,2024,29,49,56.2,241,212,44,26,8,0,10,61,27,25.3,11.2,0.208,0.387,0.303,0.69,25,31,6,3,3.97,6,Kelly, Zack
683409,2025,22,43,58.2,275,246,76,51,12,0,13,43,23,15.6,8.4,0.309,0.516,0.382,0.898,46,49,1,5,7.06,4,Chivilli, Angel
676664,2025,29,27,135.2,583,534,143,76,36,1,30,117,36,20.1,6.2,0.268,0.507,0.319,0.826,76,79,9,11,5.04,4,Sears, JP
641755,2024,33,67,64.0,285,246,61,34,14,2,11,72,33,25.3,11.6,0.248,0.455,0.338,0.793,44,44,6,1,6.19,11,Kinley, Tyler
552640,2025,35,54,53.0,208,194,41,26,6,2,7,64,11,30.8,5.3,0.211,0.371,0.251,0.622,20,22,4,3,3.4,8,Kittredge, Andrew
801403,2025,23,21,98.0,441,381,103,70,14,1,18,82,49,18.6,11.1,0.27,0.454,0.359,0.813,71,76,2,12,6.52,17,Dollander, Chase
666374,2023,25,78,70.2,308,269,65,51,9,2,3,107,29,34.7,9.4,0.242,0.323,0.325,0.648,24,26,9,4,3.06,5,Brash, Matt
608723,2024,32,68,61.0,248,226,46,28,8,1,9,61,18,24.6,7.3,0.204,0.367,0.271,0.638,25,31,2,5,3.69,5,Voth, Austin
543521,2023,36,41,58.2,268,239,70,55,10,0,5,47,22,17.5,8.2,0.293,0.397,0.362,0.759,28,34,4,1,4.3,3,McHugh, Collin
625643,2023,29,68,66.0,278,241,50,36,5,1,8,83,34,29.9,12.2,0.207,0.336,0.307,0.643,24,25,3,7,3.27,7,López, Reynaldo
656546,2024,31,68,66.1,265,244,48,31,9,2,6,89,16,33.6,6.0,0.197,0.324,0.253,0.577,16,20,3,3,2.17,3,Hoffman, Jeff
605347,2024,31,52,53.0,216,196,46,31,9,0,6,50,18,23.1,8.3,0.235,0.372,0.306,0.678,17,19,2,3,2.89,6,López, Jorge
607259,2024,33,42,142.1,570,539,128,81,32,2,13,116,18,20.4,3.2,0.237,0.377,0.267,0.644,49,56,10,7,3.1,10,Martinez, Nick
686993,2025,28,59,65.0,266,234,47,32,5,0,10,70,21,26.3,7.9,0.201,0.35,0.283,0.633,23,24,4,3,3.18,14,Sterner, Justin
669724,2025,27,54,60.0,260,243,65,46,14,2,3,40,14,15.4,5.4,0.267,0.379,0.312,0.691,20,31,3,3,3.0,5,Hanifee, Brenan
628317,2024,36,29,112.1,485,442,124,76,25,1,22,96,31,19.8,6.4,0.281,0.491,0.331,0.822,76,80,3,7,6.09,11,Maeda, Kenta
669438,2023,23,31,56.0,253,230,67,39,14,2,12,41,17,16.2,6.7,0.291,0.526,0.343,0.869,34,39,4,3,5.46,7,Englert, Mason
669371,2025,25,57,52.2,241,196,43,28,8,0,7,52,32,21.6,13.3,0.219,0.367,0.358,0.725,25,27,1,2,4.27,10,Henry, Cole
669302,2023,26,32,190.2,770,724,169,102,36,2,29,189,36,24.5,4.7,0.233,0.409,0.27,0.679,79,82,13,7,3.73,14,Gilbert, Logan
681857,2023,23,21,103.2,422,386,83,53,13,3,14,103,33,24.4,7.8,0.215,0.373,0.277,0.65,46,49,5,7,3.99,4,Olson, Reese
671131,2025,26,63,73.1,331,293,87,56,14,1,16,65,25,19.6,7.6,0.297,0.515,0.361,0.876,47,49,4,2,5.77,5,Rutledge, Jackson
676467,2025,26,20,86.0,379,352,103,58,23,1,21,72,19,19.0,5.0,0.293,0.543,0.329,0.872,51,54,6,4,5.34,3,Gordon, Colton
594902,2024,32,29,151.0,632,577,139,86,26,4,23,118,49,18.7,7.8,0.241,0.419,0.305,0.724,64,67,13,10,3.81,12,Lively, Ben
695243,2025,26,60,61.2,234,202,28,18,3,2,5,104,28,44.4,12.0,0.139,0.248,0.246,0.494,18,19,1,2,2.63,4,Miller, Mason
543037,2023,32,33,209.0,821,761,157,110,26,1,20,222,48,27.0,5.8,0.206,0.322,0.259,0.581,61,64,15,4,2.63,7,Cole, Gerrit
668881,2025,25,19,107.2,420,391,75,37,22,1,15,132,26,31.4,6.2,0.192,0.368,0.246,0.614,33,35,7,4,2.76,9,Greene, Hunter
671345,2024,28,69,60.0,250,224,51,37,8,1,5,46,20,18.4,8.0,0.228,0.339,0.293,0.632,21,28,3,6,3.15,9,Foley, Jason
656234,2025,29,48,55.1,248,217,60,40,12,1,7,66,25,26.6,10.1,0.276,0.438,0.355,0.793,34,37,4,2,5.53,2,Bird, Jake
669212,2023,27,61,67.1,299,273,73,52,11,1,9,75,24,25.1,8.0,0.267,0.414,0.328,0.742,30,37,5,2,4.01,11,Morgan, Eli
661403,2024,26,74,74.1,270,253,39,31,6,0,2,66,10,24.4,3.7,0.154,0.202,0.19,0.392,5,10,4,2,0.61,1,Clase, Emmanuel
572955,2025,34,65,59.0,238,215,52,35,8,1,8,59,19,24.8,8.0,0.242,0.4,0.303,0.703,20,21,3,3,3.05,8,Johnson, Pierce
682842,2025,25,75,75.1,298,263,51,43,4,0,4,90,27,30.2,9.1,0.194,0.255,0.284,0.539,14,18,3,2,1.67,0,Uribe, Abner
605182,2023,32,24,131.1,549,496,121,75,27,3,16,110,40,20.0,7.3,0.244,0.407,0.31,0.717,55,56,9,9,3.77,27,Clevinger, Mike
680704,2023,26,61,60.0,239,209,38,19,7,0,12,66,24,27.6,10.0,0.182,0.388,0.27,0.658,25,28,5,5,3.75,7,Sandlin, Nick
694973,2024,22,23,133.0,514,475,94,69,14,1,10,170,32,33.1,6.2,0.198,0.295,0.257,0.552,29,31,11,3,1.96,6,Skenes, Paul
502624,2023,35,19,86.1,372,329,90,60,11,2,17,64,33,17.2,8.9,0.274,0.474,0.35,0.824,52,53,1,6,5.42,4,Anderson, Chase
666974,2024,30,70,60.0,249,223,54,38,9,1,6,65,24,26.1,9.6,0.242,0.372,0.317,0.689,21,24,4,3,3.15,7,Cano, Yennier
605488,2025,32,32,171.0,713,647,153,89,36,0,28,138,54,19.4,7.6,0.236,0.422,0.295,0.717,78,90,11,11,4.11,20,Springs, Jeffrey
682610,2024,24,18,82.2,379,327,89,44,17,2,26,70,42,18.5,11.1,0.272,0.575,0.359,0.934,60,66,2,7,6.53,6,Muñoz, Roddery
666157,2025,27,29,156.2,642,592,138,92,23,1,22,156,31,24.3,4.8,0.233,0.387,0.285,0.672,58,60,9,8,3.33,14,Lodolo, Nick
650556,2024,27,78,78.1,325,285,59,39,10,1,9,103,32,31.7,9.8,0.207,0.344,0.299,0.643,27,27,3,3,3.1,13,Abreu, Bryan
674370,2024,28,16,63.1,259,224,43,28,12,0,3,63,26,24.3,10.0,0.192,0.286,0.295,0.581,24,25,5,3,3.41,6,Bido, Osvaldo
686580,2024,26,44,55.1,224,211,47,36,6,1,4,58,9,25.9,4.0,0.223,0.318,0.259,0.577,18,21,6,2,2.93,2,Slaten, Justin
593974,2023,31,63,54.0,227,189,36,26,2,1,7,51,30,22.5,13.2,0.19,0.323,0.319,0.642,17,19,4,2,2.83,1,Peralta, Wandy
702070,2025,25,24,138.1,556,509,109,72,17,2,18,114,43,20.5,7.7,0.214,0.361,0.279,0.64,46,46,9,7,2.99,2,Cameron, Noah
628452,2024,34,66,69.1,259,238,38,27,5,2,4,68,13,26.3,5.0,0.16,0.248,0.211,0.459,15,19,6,2,1.95,2,Iglesias, Raisel
592789,2023,30,18,88.2,391,358,104,62,17,3,22,56,19,14.3,4.9,0.291,0.539,0.34,0.879,64,65,2,6,6.5,34,Syndergaard, Noah
592773,2023,31,55,50.2,213,190,42,26,8,0,8,51,21,23.9,9.9,0.221,0.389,0.3,0.689,23,24,3,1,4.09,2,Stanek, Ryne
650911,2025,28,32,202.0,807,754,171,124,35,0,12,212,44,26.3,5.5,0.227,0.321,0.275,0.596,56,58,13,5,2.5,10,Sánchez, Cristopher
489119,2023,36,23,120.1,490,443,99,60,22,1,16,79,38,16.1,7.8,0.223,0.386,0.287,0.673,42,44,9,4,3.14,2,Miley, Wade
656849,2025,29,30,168.2,723,643,166,118,35,2,11,150,65,20.7,9.0,0.258,0.37,0.331,0.701,79,84,9,6,4.22,4,Peterson, David
669203,2025,30,11,64.1,265,233,49,29,13,0,7,63,26,23.8,9.8,0.21,0.356,0.297,0.653,19,23,3,2,2.66,2,Burnes, Corbin
614179,2024,29,52,51.0,217,196,51,35,8,0,8,52,17,24.0,7.8,0.26,0.423,0.318,0.741,21,23,5,1,3.71,1,Ruiz, José
607259,2025,34,40,165.2,683,621,158,91,44,1,22,116,42,17.0,6.1,0.254,0.435,0.304,0.739,82,86,11,14,4.45,12,Martinez, Nick
593334,2023,30,20,108.2,444,401,83,42,19,2,20,114,34,25.7,7.7,0.207,0.414,0.277,0.691,55,61,5,7,4.56,12,Germán, Domingo
623465,2023,28,62,61.1,234,215,38,24,7,1,6,66,13,28.2,5.6,0.177,0.302,0.233,0.535,14,19,2,4,2.05,3,Phillips, Evan
605452,2024,31,25,74.0,321,287,72,55,10,0,7,66,29,20.6,9.0,0.251,0.359,0.319,0.678,31,35,3,6,3.77,2,Ross, Joe
425794,2023,41,21,101.0,484,438,151,93,36,2,20,55,41,11.4,8.5,0.345,0.573,0.4,0.973,83,89,5,11,7.4,4,Wainwright, Adam
656756,2023,30,32,188.2,777,718,177,111,45,3,18,166,48,21.4,6.2,0.247,0.393,0.295,0.688,67,75,10,11,3.2,14,Montgomery, Jordan
669461,2024,24,60,86.0,358,323,81,50,20,0,11,76,28,21.2,7.8,0.251,0.415,0.312,0.727,42,44,3,4,4.4,7,Liberatore, Matthew
669467,2023,24,62,68.0,302,266,76,54,16,0,6,43,30,14.2,9.9,0.286,0.414,0.362,0.776,36,37,4,1,4.76,15,Pallante, Andre
571882,2024,33,75,90.0,365,333,82,63,11,1,7,76,24,20.8,6.6,0.246,0.348,0.294,0.642,26,31,7,4,2.6,7,Law, Derek
680767,2024,24,64,73.2,320,280,72,55,6,4,7,65,37,20.3,11.6,0.257,0.382,0.345,0.727,35,37,5,4,4.28,3,Vodnik, Victor
571510,2025,34,31,179.2,718,656,154,107,25,3,19,154,42,21.4,5.8,0.235,0.369,0.288,0.657,64,69,14,8,3.21,5,Boyd, Matthew
668868,2023,25,25,66.1,287,256,69,46,15,0,8,72,25,25.1,8.7,0.27,0.422,0.336,0.758,33,35,5,7,4.48,2,Thompson, Zack
542888,2024,33,57,66.2,295,266,77,52,17,2,6,66,25,22.4,8.5,0.289,0.436,0.354,0.79,36,38,3,3,4.86,9,Armstrong, Shawn
595345,2023,31,64,58.2,247,218,50,26,14,1,9,73,24,29.6,9.7,0.229,0.427,0.31,0.737,29,31,3,2,4.45,9,Okert, Steven
676263,2025,26,67,76.1,307,276,56,36,14,2,4,74,24,24.1,7.8,0.203,0.312,0.263,0.575,25,26,3,2,2.95,5,Dreyer, Jack
592836,2024,31,19,83.2,381,338,107,63,20,0,24,58,37,15.2,9.7,0.317,0.589,0.386,0.975,66,68,3,7,7.1,6,Walker, Taijuan
593958,2024,31,10,50.0,224,202,56,33,14,1,8,47,19,21.0,8.5,0.277,0.475,0.341,0.816,28,29,3,4,5.04,2,Rodriguez, Eduardo
657044,2024,32,67,66.1,272,252,64,47,8,4,5,52,15,19.1,5.5,0.254,0.377,0.296,0.673,24,26,7,5,3.26,17,Thompson, Ryan
666277,2023,24,26,52.0,228,197,46,31,9,0,6,52,23,22.8,10.1,0.234,0.371,0.326,0.697,22,26,0,0,3.81,0,Soriano, George
663554,2024,27,22,102.1,452,417,121,86,20,4,11,78,29,17.3,6.4,0.29,0.436,0.336,0.772,51,57,2,6,4.49,11,Mize, Casey
656731,2023,27,25,126.1,567,500,141,98,25,0,18,105,58,18.5,10.2,0.282,0.44,0.362,0.802,66,76,9,8,4.7,11,Megill, Tylor
668674,2025,30,61,61.1,249,227,54,40,9,1,4,48,18,19.3,7.2,0.238,0.339,0.305,0.644,18,19,8,4,2.64,3,Erceg, Lucas
674003,2023,25,20,56.0,234,216,56,28,15,2,11,51,12,21.8,5.1,0.259,0.5,0.296,0.796,33,33,4,3,5.3,2,Bradford, Cody
621383,2025,33,69,67.1,267,250,56,39,6,2,9,61,12,22.8,4.5,0.224,0.372,0.261,0.633,23,24,6,2,3.07,4,Banks, Tanner
434378,2023,40,27,162.1,669,615,139,89,30,2,18,144,45,21.5,6.7,0.226,0.369,0.283,0.652,58,63,13,8,3.22,11,Verlander, Justin
640455,2025,33,15,60.2,263,241,62,37,11,1,13,75,12,28.5,4.6,0.257,0.473,0.31,0.783,38,38,2,4,5.64,4,Manaea, Sean
682847,2023,24,18,86.2,400,344,99,71,14,1,13,59,48,14.8,12.0,0.288,0.448,0.372,0.82,46,50,5,5,4.78,5,Ortiz, Luis
519242,2025,36,21,125.2,510,463,102,72,15,4,11,165,32,32.4,6.3,0.22,0.341,0.285,0.626,36,38,7,5,2.58,23,Sale, Chris
663559,2023,26,18,80.2,347,326,94,59,17,1,17,60,20,17.3,5.8,0.288,0.503,0.329,0.832,48,55,2,9,5.36,9,Falter, Bailey
596295,2024,30,30,165.0,696,653,178,105,39,4,30,116,38,16.7,5.5,0.273,0.482,0.312,0.794,87,89,5,12,4.75,13,Gomber, Austin
681343,2025,25,29,146.1,616,542,117,74,23,3,17,145,58,23.5,9.4,0.216,0.363,0.305,0.668,62,70,7,8,3.81,14,Smith, Shane
669093,2025,26,77,73.0,304,269,58,36,9,1,12,108,27,35.5,8.9,0.216,0.39,0.291,0.681,28,31,4,5,3.45,4,Estrada, Jeremiah
605540,2025,32,12,64.2,257,239,45,29,7,0,9,83,14,32.3,5.4,0.188,0.331,0.242,0.573,23,26,7,2,3.2,6,Woodruff, Brandon
680573,2025,24,23,111.1,471,418,96,62,16,1,17,107,46,22.7,9.8,0.23,0.395,0.308,0.703,50,53,7,4,4.04,8,Woods Richardson, Simeon
669302,2025,28,25,131.0,535,494,104,63,20,1,20,173,31,32.3,5.8,0.211,0.377,0.266,0.643,50,53,6,6,3.44,10,Gilbert, Logan
688138,2025,24,16,81.1,350,313,82,52,15,2,13,59,31,16.9,8.9,0.262,0.447,0.335,0.782,39,45,6,5,4.32,4,Evans, Logan
656605,2024,28,31,178.0,773,697,182,110,38,11,23,166,50,21.5,6.5,0.261,0.446,0.321,0.767,84,90,11,12,4.25,33,Keller, Mitch
621389,2023,32,20,78.0,352,315,104,71,16,2,15,50,24,14.2,6.8,0.33,0.537,0.381,0.918,48,51,3,3,5.54,2,Blach, Ty
677960,2023,23,15,57.2,257,223,68,40,15,1,12,43,29,16.7,11.3,0.305,0.543,0.383,0.926,42,44,1,8,6.55,2,Weathers, Ryan
656550,2025,29,22,115.0,492,426,100,68,15,1,16,123,54,25.0,11.0,0.235,0.387,0.328,0.715,51,52,4,9,3.99,2,Holmes, Grant
657053,2023,27,20,87.0,384,310,69,49,9,1,10,85,57,22.1,14.8,0.223,0.355,0.349,0.704,48,48,4,7,4.97,9,Toussaint, Touki
640448,2025,33,56,57.0,229,204,45,30,8,3,4,55,18,24.0,7.9,0.221,0.348,0.283,0.631,22,24,4,4,3.47,6,Finnegan, Kyle
676130,2024,26,30,74.0,294,246,41,26,9,0,6,79,38,26.9,12.9,0.167,0.276,0.287,0.563,21,21,7,3,2.55,3,Buttó, José
547179,2025,33,27,141.2,606,557,149,90,30,4,25,127,39,21.0,6.4,0.268,0.47,0.32,0.79,73,76,7,11,4.64,8,Lorenzen, Michael
664208,2025,32,63,61.1,249,214,42,27,12,0,3,81,24,32.5,9.6,0.196,0.294,0.296,0.59,19,21,4,5,2.79,8,Maton, Phil
605483,2023,30,32,180.0,742,636,115,78,22,0,15,234,99,31.5,13.3,0.181,0.286,0.293,0.579,45,47,14,9,2.25,25,Snell, Blake
669373,2024,27,31,192.0,753,705,142,99,24,4,15,228,35,30.3,4.6,0.201,0.311,0.247,0.558,51,54,18,4,2.39,3,Skubal, Tarik
663474,2024,26,16,75.2,340,288,69,39,10,1,19,74,49,21.8,14.4,0.24,0.479,0.351,0.83,43,46,3,5,5.11,9,McKenzie, Triston
641656,2023,28,39,58.0,239,209,45,33,9,1,2,69,26,28.9,10.9,0.215,0.297,0.31,0.607,17,19,3,2,2.64,2,Hamilton, Ian
519151,2024,35,59,56.2,244,220,58,37,17,0,4,58,18,23.8,7.4,0.264,0.395,0.322,0.717,22,25,2,3,3.49,3,Pressly, Ryan
571948,2024,33,61,64.2,268,244,63,44,11,2,6,64,14,23.9,5.2,0.258,0.393,0.299,0.692,34,38,5,1,4.73,3,Milner, Hoby
676979,2024,25,32,146.0,595,555,123,78,25,2,18,209,33,35.1,5.5,0.222,0.371,0.271,0.642,58,61,6,12,3.58,17,Crochet, Garrett
643511,2023,32,68,74.0,309,280,66,44,14,1,7,60,19,19.4,6.1,0.236,0.368,0.289,0.657,25,27,4,5,3.04,5,Rogers, Tyler
668678,2025,29,33,192.0,813,737,176,104,37,4,31,175,66,21.5,8.1,0.239,0.426,0.303,0.729,103,109,13,15,4.83,14,Gallen, Zac
681217,2023,23,16,52.1,221,193,41,23,9,0,9,56,26,25.3,11.8,0.212,0.399,0.312,0.711,23,26,4,1,3.96,3,Silseth, Chase
663465,2025,27,33,65.0,266,245,64,45,13,1,5,42,14,15.8,5.3,0.261,0.384,0.3,0.684,19,22,2,2,2.63,5,Allard, Kolby
656605,2023,27,32,194.1,825,752,187,122,38,2,25,210,55,25.5,6.7,0.249,0.404,0.308,0.712,91,97,13,9,4.21,12,Keller, Mitch
605347,2023,30,61,59.0,266,231,67,40,15,0,12,49,22,18.4,8.3,0.29,0.511,0.366,0.877,39,42,6,2,5.95,7,López, Jorge
681190,2025,26,28,133.2,570,506,125,89,19,1,16,78,52,13.7,9.1,0.247,0.383,0.323,0.706,57,59,6,7,3.84,10,Vásquez, Randy
669854,2024,30,30,167.1,676,599,114,63,26,3,22,166,68,24.6,10.1,0.19,0.354,0.273,0.627,52,56,13,6,2.8,7,Blanco, Ronel
656945,2025,30,61,57.0,237,213,54,34,7,2,11,60,17,25.3,7.2,0.254,0.46,0.318,0.778,30,33,1,4,4.74,1,Scott, Tanner
657746,2024,28,23,135.0,538,507,110,61,24,6,19,147,23,27.3,4.3,0.217,0.4,0.257,0.657,54,59,7,7,3.6,11,Ryan, Joe
663947,2024,28,66,94.1,354,330,57,38,10,2,7,77,17,21.8,4.8,0.173,0.279,0.222,0.501,23,25,7,2,2.19,3,Holton, Tyler
678495,2025,25,50,50.2,198,182,34,24,6,0,4,67,11,33.8,5.6,0.187,0.286,0.247,0.533,10,12,3,5,1.78,7,Rodríguez, Randy
547179,2023,31,29,153.0,624,567,138,91,26,1,20,111,47,17.8,7.5,0.243,0.399,0.302,0.701,71,76,9,9,4.18,2,Lorenzen, Michael
668881,2024,24,26,150.1,611,526,96,62,19,3,12,169,57,27.7,9.3,0.183,0.298,0.283,0.581,46,47,9,5,2.75,14,Greene, Hunter
683004,2025,25,29,151.2,646,571,127,84,25,0,18,148,67,22.9,10.4,0.222,0.361,0.309,0.67,65,69,10,10,3.86,17,Leiter, Jack
669622,2025,30,51,50.0,204,181,32,21,7,1,3,42,21,20.6,10.3,0.177,0.276,0.27,0.546,12,13,3,5,2.16,11,Bender, Anthony
543294,2025,35,31,164.2,695,638,167,102,37,3,25,114,43,16.4,6.2,0.262,0.447,0.311,0.758,87,92,8,10,4.76,24,Hendricks, Kyle
445276,2025,37,62,59.0,234,212,37,23,5,1,8,57,19,24.4,8.1,0.175,0.321,0.245,0.566,17,18,5,4,2.59,13,Jansen, Kenley
663903,2024,27,32,179.2,762,693,175,116,34,3,22,170,54,22.3,7.1,0.253,0.405,0.315,0.72,74,77,9,13,3.71,3,Singer, Brady
663559,2025,28,26,125.1,518,464,115,68,27,1,19,81,46,15.6,8.9,0.248,0.433,0.315,0.748,62,68,7,7,4.45,12,Falter, Bailey
