player_id,year,player_age,xba,xslg,woba,avg_swing_speed,fast_swing_rate,swords,exit_velocity_avg,launch_angle_avg,sweet_spot_percent,barrel_batted_rate,hard_hit_percent,z_swing_percent,z_swing_miss_percent,oz_swing_percent,oz_swing_miss_percent,iz_contact_percent,whiff_percent,swing_percent,f_strike_percent,groundballs_percent,flyballs_percent,linedrives_percent,popups_percent,last_name,first_name
656288,2023,27,0.233,0.422,0.315,71.1,18.7,7.0,91.0,12.8,31.5,9.8,44.2,66.4,17.5,29.0,56.0,82.5,29.1,48.4,60.3,43.0,30.1,20.5,6.5,Canning, Griffin
656945,2024,29,0.2,0.298,0.241,71.9,24.1,11.0,84.3,11.1,30.4,4.7,27.5,70.0,25.1,31.9,50.8,74.9,32.7,51.8,68.7,52.0,18.1,21.6,8.2,Scott, Tanner
682120,2024,27,0.206,0.33,0.236,70.8,15.9,8.0,86.9,7.4,28.3,6.9,36.5,62.7,18.9,31.2,50.3,81.1,29.3,47.0,62.1,51.6,22.6,18.9,6.9,Herrin, Tim
666205,2023,25,0.31,0.548,0.417,71.9,25.9,3.0,92.1,12.8,35.4,10.9,49.6,71.3,13.5,24.1,45.3,86.5,21.2,48.4,53.2,43.4,28.1,23.4,5.1,Muller, Kyle
676974,2025,26,0.263,0.453,0.341,72.7,31.7,10.0,91.9,8.7,30.3,9.2,48.2,64.8,15.7,27.7,58.5,84.3,27.4,47.4,62.8,49.7,24.6,20.5,5.1,Meyer, Max
605280,2025,32,0.245,0.395,0.302,72.1,27.5,22.0,89.7,4.4,30.5,6.8,42.3,61.2,11.8,29.4,42.3,88.2,22.1,44.8,60.3,55.9,18.2,21.6,4.2,Holmes, Clay
686730,2024,26,0.254,0.476,0.379,72.1,27.2,10.0,88.9,17.4,36.2,10.4,38.9,67.2,13.6,26.1,44.4,86.4,21.4,48.0,62.7,35.9,32.6,23.5,8.1,Spiers, Carson
571578,2025,35,0.268,0.439,0.328,72.4,29.9,19.0,89.2,14.4,34.7,8.4,40.4,65.1,15.9,29.6,48.6,84.1,26.9,46.3,65.5,41.0,27.4,25.5,6.1,Corbin, Patrick
668941,2024,27,0.267,0.465,0.305,71.6,22.3,9.0,89.9,7.9,34.5,10.5,39.8,61.8,13.3,26.4,52.4,86.7,25.4,43.7,66.3,49.7,24.0,24.0,2.3,Romero, JoJo
608718,2024,34,0.268,0.423,0.305,71.2,19.9,8.0,86.1,13.8,33.7,7.3,30.2,71.1,12.2,28.9,39.6,87.8,20.2,49.8,63.0,41.5,27.8,23.4,7.3,Suter, Brent
573009,2024,33,0.227,0.384,0.265,71.4,18.9,9.0,88.1,5.4,26.2,7.6,41.9,69.0,19.9,38.5,39.5,80.1,27.5,52.8,63.6,54.1,25.6,18.0,2.3,Mantiply, Joe
621244,2024,30,0.262,0.447,0.308,71.8,24.2,26.0,89.6,13.4,36.3,7.8,41.8,64.5,13.3,29.5,37.8,86.7,21.1,46.7,64.8,43.2,26.0,24.1,6.7,Berríos, José
445276,2024,36,0.207,0.369,0.253,71.1,18.8,8.0,90.4,22.3,36.3,11.1,37.0,67.4,19.9,24.9,53.6,80.1,27.0,49.4,68.1,31.1,36.3,22.2,10.4,Jansen, Kenley
623211,2023,33,0.208,0.331,0.308,72.1,25.2,2.0,85.4,7.9,31.2,7.0,28.0,65.1,21.1,34.0,47.7,78.9,31.7,47.6,62.0,51.6,17.2,23.6,7.6,Brazobán, Huascar
519043,2023,34,0.212,0.372,0.296,70.8,19.9,8.0,88.4,16.4,32.1,7.9,36.7,71.5,21.2,34.9,42.2,78.8,28.2,53.1,55.3,35.0,33.6,22.9,8.6,Moore, Matt
669358,2025,26,0.23,0.386,0.33,71.8,24.9,27.0,89.0,10.7,32.3,9.5,39.4,67.2,17.1,29.3,47.9,82.9,25.8,49.2,62.3,47.0,22.7,21.6,8.7,Baz, Shane
641816,2025,30,0.253,0.413,0.265,71.8,24.6,4.0,88.5,14.4,37.8,8.0,37.1,69.4,19.1,27.9,34.8,80.9,23.2,49.9,65.0,38.6,26.7,27.1,7.6,Mahle, Tyler
489446,2024,37,0.146,0.218,0.186,71.2,21.6,9.0,87.5,15.2,16.5,4.1,33.1,67.6,28.6,32.8,42.9,71.4,33.6,49.3,64.4,45.5,34.7,13.2,6.6,Yates, Kirby
571656,2024,33,0.236,0.404,0.293,71.3,22.1,9.0,88.3,18.1,36.8,8.3,35.8,64.2,17.4,29.3,43.3,82.6,26.1,45.9,63.6,36.8,28.0,23.3,11.9,Farmer, Buck
554430,2024,34,0.194,0.333,0.256,71.2,20.3,18.0,86.5,13.5,32.6,8.3,33.6,69.1,21.4,33.8,39.7,78.6,27.5,51.2,64.0,43.1,26.0,20.9,9.9,Wheeler, Zack
571578,2023,33,0.298,0.52,0.353,72.3,26.6,13.0,90.7,11.7,37.9,9.3,44.0,65.4,11.8,27.1,43.1,88.2,21.4,45.7,65.4,45.3,25.3,24.5,5.0,Corbin, Patrick
595345,2025,33,0.185,0.326,0.233,71.5,21.8,5.0,88.4,25.3,29.2,7.0,32.7,71.7,24.8,27.3,57.6,75.2,32.8,51.3,59.3,25.7,36.8,24.0,13.5,Okert, Steven
601713,2025,32,0.229,0.424,0.256,71.8,23.7,25.0,90.3,19.1,36.4,10.9,45.0,65.0,19.1,28.2,38.8,80.9,24.6,47.7,63.4,34.1,33.3,23.4,9.2,Pivetta, Nick
605463,2024,32,0.215,0.32,0.275,70.5,16.4,11.0,88.0,13.5,33.3,3.5,35.7,64.7,22.1,27.6,43.7,77.9,29.5,44.2,56.9,42.1,26.3,24.0,7.6,Scott, Tayler
573186,2023,32,0.261,0.389,0.285,72.4,31.0,1.0,90.3,3.0,30.7,5.0,41.4,66.6,13.1,26.8,41.9,86.9,22.4,45.1,57.9,57.4,16.2,24.2,2.2,Stroman, Marcus
664126,2025,31,0.22,0.339,0.269,71.7,23.6,9.0,90.2,14.3,28.9,4.8,42.8,68.1,15.9,29.0,55.5,84.1,26.1,50.6,61.1,45.8,24.7,21.1,8.4,Fairbanks, Pete
607536,2024,31,0.274,0.488,0.357,72.4,28.5,16.0,90.3,15.2,34.7,10.6,40.7,70.6,9.8,28.9,35.3,90.2,17.1,50.0,65.7,40.2,24.6,27.0,8.2,Freeland, Kyle
680755,2025,24,0.206,0.351,0.248,71.2,18.0,9.0,88.1,16.5,29.7,7.6,36.4,58.4,18.4,29.4,52.0,81.6,29.9,43.6,60.2,36.4,33.1,19.5,11.0,Fisher, Braydon
694813,2024,25,0.253,0.407,0.304,71.7,26.5,13.0,88.2,11.2,32.5,6.4,36.2,70.4,18.0,31.1,39.4,82.0,24.7,50.4,62.1,44.7,25.6,24.9,4.7,Stone, Gavin
608032,2023,30,0.232,0.385,0.32,71.4,20.5,2.0,90.4,20.4,33.5,6.6,44.3,72.6,23.3,27.1,41.0,76.7,27.5,51.9,65.9,31.7,25.7,28.1,14.4,Estévez, Carlos
622250,2023,29,0.211,0.368,0.291,71.8,23.6,2.0,89.9,12.0,30.8,8.5,40.8,63.6,26.1,31.4,57.8,73.9,37.2,47.1,60.5,46.9,23.8,21.5,7.7,Sborz, Josh
684007,2024,30,0.232,0.398,0.279,71.9,23.4,17.0,88.6,17.8,36.0,8.6,39.3,75.3,20.0,34.8,47.6,80.0,28.3,55.7,68.0,37.2,32.9,21.3,8.6,Imanaga, Shota
663776,2023,26,0.256,0.403,0.318,71.5,21.6,9.0,87.6,9.4,38.0,7.0,35.1,65.8,18.7,29.1,46.2,81.3,27.7,46.6,59.0,47.0,18.9,27.9,6.3,Sandoval, Patrick
471911,2023,36,0.3,0.52,0.39,72.7,31.4,3.0,91.5,8.7,37.5,10.7,48.2,69.4,14.0,28.1,46.7,86.0,24.7,46.9,59.0,45.6,21.5,28.3,4.6,Carrasco, Carlos
701542,2025,26,0.252,0.426,0.321,72.0,25.0,14.0,91.0,12.2,36.0,10.9,45.3,62.0,17.8,24.7,40.7,82.2,24.6,42.8,63.7,42.8,25.5,26.2,5.5,Warren, Will
641154,2023,27,0.213,0.343,0.294,71.4,23.3,23.0,87.1,12.6,32.4,6.3,34.8,69.2,21.4,34.3,48.0,78.5,30.3,51.7,68.9,45.4,25.3,22.8,6.7,López, Pablo
623352,2023,29,0.156,0.234,0.239,70.7,15.4,3.0,87.0,20.5,33.6,4.4,28.3,70.8,24.8,33.6,47.2,75.2,33.1,50.1,57.6,37.2,31.9,20.4,10.6,Hader, Josh
641871,2023,29,0.212,0.363,0.296,71.6,27.2,1.0,85.3,4.2,25.0,8.1,31.5,72.8,24.4,33.1,58.3,75.6,36.0,51.6,65.1,56.5,23.4,16.9,3.2,Middleton, Keynan
593974,2025,33,0.252,0.386,0.293,72.6,28.2,10.0,87.6,3.7,29.4,6.9,36.2,68.5,19.3,31.1,47.6,80.7,29.0,48.5,65.2,59.6,17.9,20.6,1.8,Peralta, Wandy
669432,2025,27,0.225,0.376,0.226,72.2,26.5,7.0,89.7,13.1,31.5,7.6,48.4,71.3,20.2,29.9,41.5,79.8,25.6,52.9,66.0,46.4,24.6,20.1,9.0,Rogers, Trevor
615698,2023,28,0.285,0.489,0.339,71.3,20.3,3.0,87.9,13.4,37.2,8.4,39.2,70.8,14.8,26.6,28.3,85.2,18.9,47.0,62.2,40.4,24.7,27.6,7.3,Quantrill, Cal
666168,2023,25,0.254,0.397,0.345,71.4,24.1,0.0,86.6,7.2,30.0,5.3,35.9,61.5,13.2,25.7,42.5,86.8,21.6,43.9,62.1,50.6,21.2,21.8,6.5,Thompson, Mason
596133,2024,30,0.197,0.37,0.256,71.2,22.2,10.0,89.1,16.5,36.4,8.6,38.4,72.7,28.2,31.9,42.9,71.8,33.5,49.7,62.8,37.4,32.8,21.7,8.1,Weaver, Luke
670059,2024,28,0.21,0.376,0.307,70.7,18.8,5.0,87.6,15.7,37.2,10.9,38.0,66.0,19.1,25.8,55.3,80.9,29.5,45.6,62.3,40.1,24.1,24.8,10.9,Holderman, Colin
594798,2025,37,0.221,0.391,0.259,71.9,24.0,39.0,90.1,16.0,33.1,9.2,41.9,70.9,19.6,32.4,53.6,80.4,30.2,51.7,63.7,38.1,33.1,22.3,6.5,deGrom, Jacob
542888,2025,34,0.202,0.339,0.224,72.0,26.0,8.0,88.0,19.1,32.6,7.1,34.2,66.7,20.3,24.5,37.9,79.7,24.4,47.6,68.7,35.9,33.7,20.1,10.3,Armstrong, Shawn
665871,2024,26,0.259,0.445,0.33,72.0,27.3,16.0,89.1,13.3,36.0,8.8,39.8,62.4,12.6,23.4,31.4,87.4,17.9,42.5,58.8,43.8,27.6,22.9,5.6,Assad, Javier
683627,2024,22,0.308,0.482,0.349,71.5,20.7,3.0,90.4,11.2,38.7,8.0,45.7,72.6,11.7,22.1,43.0,88.3,18.8,47.7,63.9,41.2,18.6,33.2,7.0,Molina, Anthony
657746,2023,27,0.22,0.409,0.316,72.1,26.1,5.0,90.0,20.4,34.0,8.7,41.6,74.1,22.9,33.0,36.9,77.1,26.8,55.1,67.3,33.1,34.7,23.0,9.2,Ryan, Joe
700249,2025,25,0.269,0.495,0.349,72.0,25.5,13.0,91.2,13.0,36.5,11.3,46.9,62.8,16.1,26.5,43.8,83.9,24.2,44.9,60.2,42.3,26.4,24.5,6.7,Povich, Cade
621389,2024,33,0.312,0.575,0.413,72.0,26.7,4.0,90.7,13.2,37.8,12.2,42.6,69.2,10.5,29.3,25.8,89.5,14.8,50.1,70.3,41.5,30.4,24.8,3.3,Blach, Ty
547973,2023,35,0.169,0.275,0.258,70.8,21.1,2.0,86.5,10.4,34.9,9.2,33.0,64.9,35.4,23.5,62.3,64.6,42.2,44.9,56.3,47.7,18.3,24.8,9.2,Chapman, Aroldis
676083,2025,29,0.277,0.453,0.295,72.4,27.5,5.0,91.6,14.7,35.1,8.5,47.3,70.5,14.5,30.5,28.7,85.5,18.2,52.5,67.6,41.4,24.9,26.9,6.8,Junk, Janson
806185,2024,22,0.229,0.414,0.321,71.1,21.9,10.0,92.0,13.8,32.8,8.9,50.0,63.1,18.3,25.9,52.5,81.7,29.8,42.6,55.2,41.1,33.3,22.2,3.3,Birdsong, Hayden
642547,2024,28,0.222,0.386,0.305,71.1,20.3,25.0,87.6,17.3,35.3,8.7,36.9,70.4,22.7,28.0,47.9,77.3,31.1,46.9,61.4,37.4,29.5,23.5,9.6,Peralta, Freddy
657277,2025,28,0.247,0.385,0.303,71.9,26.5,31.0,89.7,5.7,32.8,8.3,40.2,63.1,13.8,29.7,47.2,86.2,24.7,46.2,68.5,54.2,16.9,25.6,3.3,Webb, Logan
669093,2024,25,0.187,0.286,0.239,71.1,21.9,6.0,89.2,17.5,35.8,5.2,37.3,72.1,28.2,33.5,54.4,71.8,36.0,53.7,67.7,35.1,31.3,25.4,8.2,Estrada, Jeremiah
657006,2023,27,0.247,0.368,0.291,71.5,21.8,18.0,87.8,9.3,33.4,5.4,36.6,71.5,15.8,31.9,44.9,84.2,24.0,52.9,65.5,50.3,19.5,24.1,6.0,Steele, Justin
519242,2023,34,0.208,0.387,0.306,71.2,23.8,5.0,87.9,15.6,33.5,8.4,34.6,63.6,21.6,33.6,44.1,78.4,29.7,48.1,63.5,38.4,31.2,22.8,7.6,Sale, Chris
682847,2024,25,0.238,0.433,0.287,71.7,23.7,13.0,89.0,13.9,34.9,8.8,37.7,70.0,14.5,24.5,40.7,85.5,21.0,48.1,58.8,39.9,30.7,21.9,7.5,Ortiz, Luis
571670,2023,32,0.252,0.341,0.335,70.8,15.1,3.0,87.1,5.2,32.4,2.9,37.1,63.5,18.2,30.0,35.1,81.8,24.0,46.0,68.0,54.7,14.1,27.6,3.5,Floro, Dylan
605540,2023,30,0.203,0.334,0.241,71.1,20.9,10.0,89.0,18.3,32.9,6.8,41.6,67.0,22.0,30.0,45.1,78.0,28.3,50.1,66.4,37.3,29.8,23.6,9.3,Woodruff, Brandon
663158,2025,34,0.237,0.402,0.235,71.5,22.9,3.0,90.5,15.5,37.5,9.1,42.6,73.2,20.9,30.3,33.3,79.1,24.0,54.3,65.9,36.9,26.7,27.8,8.5,Suarez, Robert
664747,2024,27,0.204,0.334,0.3,71.8,22.3,6.0,88.5,22.6,31.3,6.7,38.0,68.7,20.0,25.0,43.7,80.0,26.6,46.2,54.4,32.7,28.0,22.7,16.7,Díaz, Alexis
663623,2025,28,0.273,0.506,0.355,72.0,25.2,15.0,90.4,12.8,34.8,11.9,47.1,63.2,11.7,26.6,37.2,88.3,18.2,46.8,64.9,43.5,27.9,23.2,5.4,Irvin, Jake
608718,2025,35,0.25,0.425,0.316,71.0,18.5,2.0,85.8,13.5,33.9,7.8,32.9,67.2,17.7,25.6,34.6,82.3,21.4,48.0,66.2,45.4,28.9,21.1,4.6,Suter, Brent
694477,2025,26,0.24,0.395,0.307,71.5,20.8,15.0,89.4,18.5,40.1,8.1,42.2,70.8,19.8,29.0,32.9,80.2,23.5,50.1,65.6,31.9,28.9,29.2,9.9,Patrick, Chad
642100,2023,28,0.239,0.388,0.278,71.4,22.6,9.0,88.5,6.9,30.4,8.7,42.0,67.4,18.4,39.7,49.7,81.6,30.8,52.8,79.3,55.8,20.3,21.0,2.9,Speier, Gabe
668909,2025,25,0.231,0.405,0.299,71.8,23.9,34.0,90.4,9.8,35.3,9.0,44.3,65.5,17.9,26.1,51.8,82.1,27.7,45.7,57.7,46.1,26.7,22.2,4.9,Williams, Gavin
458681,2023,36,0.247,0.461,0.347,72.1,24.9,9.0,88.7,17.0,35.2,10.4,39.3,74.1,22.0,28.3,44.9,78.0,28.8,50.1,64.2,36.3,30.6,24.1,9.1,Lynn, Lance
607074,2025,32,0.206,0.351,0.266,72.5,29.6,25.0,88.6,12.8,32.3,7.5,38.9,64.6,19.7,29.2,50.5,80.3,30.3,45.5,62.0,44.0,27.6,21.6,6.7,Rodón, Carlos
669372,2025,26,0.227,0.388,0.344,72.6,29.0,8.0,88.4,7.8,26.2,9.8,44.5,62.1,16.1,27.5,51.7,83.9,28.7,42.9,54.5,52.3,20.7,20.3,6.6,Ginn, J.T.
694738,2025,26,0.248,0.408,0.325,71.8,24.9,14.0,88.4,9.8,36.5,8.9,36.5,60.5,16.8,28.8,40.9,83.2,25.2,43.8,61.1,46.0,24.2,24.8,4.9,Roupp, Landen
657571,2024,27,0.244,0.38,0.322,71.0,19.2,6.0,88.2,9.9,35.9,6.5,37.3,65.5,17.2,29.4,46.8,82.8,26.6,47.1,69.8,46.4,20.9,28.1,4.6,Ferguson, Caleb
686613,2023,24,0.235,0.416,0.34,71.0,21.8,5.0,90.8,6.9,30.0,10.9,44.4,65.3,14.8,27.5,48.5,85.2,24.8,46.4,58.3,52.2,22.2,20.8,4.7,Brown, Hunter
664139,2023,29,0.233,0.368,0.298,69.9,13.9,8.0,86.7,16.2,34.3,6.0,31.9,69.3,19.8,32.1,39.1,80.2,25.5,51.7,67.7,40.7,28.7,23.1,7.4,Gibaut, Ian
527048,2023,32,0.267,0.446,0.335,71.3,25.7,0.0,89.0,10.9,33.1,7.6,37.2,65.0,12.1,28.1,28.3,87.9,17.5,45.3,63.8,46.1,25.3,22.9,5.6,Pérez, Martín
572143,2024,34,0.265,0.442,0.328,71.0,19.5,8.0,90.7,12.9,34.8,9.4,44.8,72.5,16.1,26.9,34.8,83.9,20.7,51.3,66.0,44.8,27.6,22.7,5.0,Smith, Burch
702352,2025,31,0.247,0.395,0.322,71.6,23.2,10.0,87.5,7.2,28.6,7.1,37.3,67.3,11.3,29.4,31.1,88.7,17.0,49.1,65.5,52.8,20.6,19.4,7.1,Bivens, Spencer
680704,2024,27,0.221,0.425,0.328,71.4,18.5,7.0,91.3,18.3,29.0,11.0,42.8,69.8,24.0,28.8,52.5,76.0,33.7,47.1,64.5,40.0,31.0,18.6,10.3,Sandlin, Nick
607192,2024,30,0.193,0.332,0.258,71.5,23.0,16.0,89.0,9.3,32.5,8.5,40.1,66.7,19.7,27.3,62.6,80.3,30.9,48.4,64.2,48.3,23.7,21.1,6.9,Glasnow, Tyler
681911,2025,29,0.185,0.346,0.269,71.1,20.7,11.0,88.5,24.9,38.5,10.8,37.7,69.0,26.1,29.3,43.0,73.9,30.7,50.2,62.0,30.8,29.2,20.8,19.2,Vesia, Alex
670167,2025,31,0.245,0.416,0.305,72.0,26.1,6.0,88.5,15.2,35.0,9.3,38.3,67.0,19.6,26.3,34.4,80.4,23.4,47.7,61.0,39.9,27.9,23.5,8.7,Schreiber, John
608379,2025,33,0.257,0.421,0.299,71.9,25.8,27.0,87.5,17.7,36.7,7.4,34.6,70.0,16.0,28.3,36.2,84.0,21.3,50.4,63.3,37.8,27.2,25.2,9.8,Wacha, Michael
663574,2025,28,0.244,0.404,0.28,71.4,20.0,9.0,91.8,17.4,35.1,8.4,45.5,71.1,19.3,25.2,51.7,80.5,27.0,49.7,64.8,37.7,23.0,28.8,11.0,Santillan, Tony
608331,2023,29,0.215,0.316,0.279,71.4,18.2,3.0,86.5,4.8,23.7,3.8,32.7,68.5,17.2,29.0,45.8,82.8,27.2,46.5,58.5,59.2,18.0,19.0,3.8,Fried, Max
663704,2024,27,0.268,0.436,0.344,70.9,17.6,12.0,90.2,7.1,34.3,8.3,40.3,64.7,16.4,30.0,53.7,83.6,28.3,47.3,66.5,53.6,18.8,23.2,4.4,McArthur, James
687765,2024,26,0.248,0.42,0.34,72.0,25.5,18.0,89.5,9.6,30.9,8.4,41.7,70.8,12.0,31.7,44.6,88.0,22.5,50.6,61.3,48.4,23.8,21.9,5.9,Spence, Mitch
621237,2024,29,0.234,0.374,0.288,71.4,22.1,1.0,89.5,12.6,31.3,6.6,41.0,67.3,18.7,27.8,49.7,81.3,28.4,46.6,60.5,45.8,20.5,24.7,9.0,Alvarado, José
592662,2025,33,0.219,0.385,0.299,71.9,25.4,20.0,91.0,17.7,35.4,9.6,44.7,71.0,19.4,27.7,49.3,80.6,27.8,49.3,59.1,36.6,33.1,23.4,6.9,Ray, Robbie
450203,2023,39,0.244,0.403,0.318,72.0,26.7,10.0,88.9,9.9,36.8,7.8,39.1,60.7,18.6,28.2,56.5,81.4,32.2,42.9,59.8,44.2,25.2,26.1,4.6,Morton, Charlie
650633,2024,29,0.223,0.364,0.284,71.5,22.6,23.0,85.7,13.8,35.2,6.2,30.3,60.7,20.9,30.5,45.6,79.1,29.3,45.4,66.1,41.5,23.7,25.9,8.8,King, Michael
668941,2025,28,0.22,0.343,0.265,71.6,22.1,11.0,87.3,5.1,28.6,7.1,35.1,58.7,17.7,24.6,48.8,82.3,27.0,41.5,59.5,57.1,18.5,17.3,7.1,Romero, JoJo
670970,2025,26,0.222,0.31,0.208,72.0,25.5,10.0,85.9,5.1,30.2,4.0,30.7,60.4,16.2,32.2,41.8,83.8,23.8,48.0,69.1,54.3,19.6,19.1,7.0,Morejon, Adrian
605242,2023,30,0.236,0.377,0.32,71.4,28.4,5.0,86.4,15.4,37.3,6.3,30.3,65.7,17.8,29.6,63.2,82.2,33.5,46.2,63.7,39.4,27.5,24.6,8.5,Fulmer, Michael
806185,2025,23,0.228,0.42,0.338,72.0,26.0,13.0,89.8,20.0,36.2,9.6,46.8,65.2,17.3,25.3,52.8,82.7,28.4,43.7,54.0,34.0,30.3,24.5,11.2,Birdsong, Hayden
642232,2024,32,0.243,0.395,0.273,70.9,18.7,6.0,86.0,14.3,33.6,6.2,29.4,66.5,18.4,27.2,28.0,81.6,21.1,47.4,62.8,41.5,26.0,22.5,10.0,Yarbrough, Ryan
663554,2025,28,0.236,0.413,0.319,72.4,28.4,10.0,90.0,14.0,36.1,9.1,42.5,68.9,19.1,28.5,37.2,80.9,24.1,49.6,67.9,40.3,29.2,23.8,6.7,Mize, Casey
607536,2025,32,0.282,0.473,0.341,72.9,32.4,33.0,91.1,12.7,36.8,9.4,47.3,69.3,11.6,29.7,47.5,88.4,21.0,51.3,68.5,41.6,25.3,28.7,4.4,Freeland, Kyle
664208,2024,31,0.235,0.393,0.29,70.8,17.8,3.0,86.5,12.9,32.6,7.0,33.1,67.1,22.3,29.9,35.5,77.7,26.7,47.2,56.1,47.1,21.5,22.7,8.7,Maton, Phil
596133,2025,31,0.193,0.359,0.269,72.0,24.2,8.0,90.0,22.0,35.7,8.3,39.9,73.2,25.5,32.8,42.9,74.5,31.0,52.6,64.8,27.4,39.9,23.2,9.5,Weaver, Luke
519151,2023,34,0.234,0.401,0.269,71.7,24.6,3.0,91.3,6.7,27.7,9.0,43.5,67.7,15.3,35.0,60.2,84.7,31.4,50.7,68.7,54.8,23.2,19.8,2.3,Pressly, Ryan
571656,2023,32,0.216,0.41,0.303,70.7,16.9,3.0,87.8,19.8,28.2,8.7,35.0,66.9,23.2,29.0,45.2,76.8,30.3,47.0,62.5,33.5,32.5,20.4,13.6,Farmer, Buck
683769,2025,27,0.227,0.384,0.293,71.4,20.0,13.0,90.1,17.4,34.1,9.5,39.1,70.6,22.3,32.8,52.0,77.7,32.2,50.9,66.5,37.4,30.7,22.9,8.9,Gaddis, Hunter
527054,2023,32,0.263,0.469,0.324,73.2,33.9,2.0,89.8,14.7,39.4,10.0,42.1,68.9,16.0,27.2,32.2,84.0,20.6,48.1,64.9,40.7,27.1,25.3,6.8,Teheran, Julio
676395,2024,28,0.205,0.297,0.27,71.3,20.2,5.0,87.7,11.5,29.6,3.1,30.2,66.5,23.7,33.6,42.3,76.3,29.4,51.1,70.1,47.2,17.0,25.8,10.1,Garcia, Robert
669923,2023,25,0.258,0.427,0.284,71.6,23.7,3.0,89.2,12.4,32.0,7.5,40.9,70.9,17.2,32.9,39.1,82.8,22.9,54.5,69.5,44.6,25.7,22.1,7.5,Kirby, George
641627,2023,30,0.238,0.357,0.309,71.7,23.7,7.0,88.2,13.4,33.5,4.5,36.4,64.0,18.3,26.1,34.6,81.7,23.2,44.6,57.8,41.5,22.7,26.7,9.1,Gott, Trevor
656232,2023,27,0.263,0.462,0.357,72.7,36.9,2.0,90.5,8.8,30.0,10.4,48.4,66.7,15.9,26.8,40.1,84.1,23.7,45.0,51.3,51.2,22.4,22.0,4.4,Bielak, Brandon
656557,2023,27,0.24,0.398,0.323,72.2,24.8,7.0,90.2,6.5,31.2,6.6,43.8,66.5,18.8,29.3,50.0,81.2,28.8,47.3,61.3,53.3,20.8,21.5,4.4,Houck, Tanner
621112,2023,29,0.259,0.414,0.34,71.7,23.3,10.0,87.2,12.2,38.0,5.8,33.2,66.3,13.3,29.8,41.9,86.7,23.8,45.7,58.6,41.5,23.6,29.4,5.4,Blackburn, Paul
666974,2025,31,0.234,0.351,0.342,72.3,27.6,5.0,88.1,6.1,27.1,4.7,35.3,62.3,14.4,29.1,41.9,85.6,23.5,45.2,59.2,55.9,17.6,21.8,4.7,Cano, Yennier
543294,2024,34,0.273,0.432,0.339,71.5,23.0,9.0,85.9,13.0,36.4,7.4,33.4,64.4,13.4,29.6,29.6,86.6,18.9,46.2,68.4,45.6,23.3,23.0,8.1,Hendricks, Kyle
593958,2025,32,0.259,0.431,0.353,72.0,27.1,24.0,88.2,16.3,35.8,8.2,35.2,66.6,17.7,29.2,34.2,82.3,23.0,47.1,58.9,38.9,23.9,27.4,9.8,Rodriguez, Eduardo
668909,2024,24,0.245,0.394,0.315,71.1,19.4,10.0,90.8,13.2,32.1,6.9,44.0,69.2,19.1,29.0,38.6,80.9,24.8,49.2,62.7,40.8,26.1,26.1,6.9,Williams, Gavin
695418,2025,25,0.27,0.437,0.319,71.3,21.5,12.0,88.5,10.1,34.4,7.1,41.8,70.2,18.0,25.3,32.1,82.0,21.3,50.0,60.1,49.0,19.9,25.5,5.6,Lord, Brad
641482,2023,28,0.214,0.398,0.323,72.5,26.7,0.0,89.6,26.6,33.0,7.4,41.5,70.7,20.3,26.1,36.1,79.7,24.2,49.4,66.5,26.1,36.4,21.6,15.9,Cortes, Nestor
573124,2024,33,0.213,0.338,0.309,70.3,15.0,8.0,86.7,12.3,32.3,6.2,32.9,61.1,17.3,21.2,43.0,82.7,23.3,42.5,63.9,46.0,23.6,21.7,8.7,Rogers, Taylor
675627,2024,27,0.218,0.366,0.308,71.4,25.1,9.0,87.6,10.5,30.9,9.4,33.8,63.9,16.6,28.6,49.2,83.4,26.6,46.3,57.4,45.3,22.3,23.0,9.4,Grove, Michael
434378,2025,42,0.252,0.419,0.32,71.6,23.7,23.0,88.6,18.2,37.3,8.1,37.0,68.6,19.3,28.1,38.7,80.7,24.8,48.8,62.2,35.5,30.0,25.3,9.2,Verlander, Justin
687064,2025,26,0.242,0.439,0.372,71.9,26.5,7.0,89.4,13.3,32.1,10.2,42.2,69.0,16.8,27.8,33.3,83.2,21.6,48.2,62.1,44.9,28.9,20.3,5.9,Young, Brandon
500779,2025,36,0.269,0.463,0.308,72.0,25.2,13.0,88.7,13.1,35.0,9.7,41.7,61.8,11.8,26.9,31.8,88.2,18.4,43.2,59.7,42.7,27.2,24.0,6.1,Quintana, Jose
592094,2024,32,0.204,0.35,0.224,71.9,24.8,9.0,88.5,13.8,29.7,6.4,37.8,70.7,26.4,33.0,60.1,73.6,38.4,50.3,61.1,43.0,27.3,19.8,9.9,Adam, Jason
671106,2023,24,0.253,0.42,0.326,71.7,22.9,3.0,88.9,12.6,34.2,7.6,39.1,68.2,16.1,28.4,41.7,83.9,24.0,47.7,63.3,42.7,25.3,24.7,7.3,Allen, Logan
670167,2024,30,0.228,0.318,0.287,71.0,17.5,6.0,89.0,10.2,25.3,3.9,37.0,67.7,16.4,25.7,33.9,83.6,21.6,45.6,56.5,52.6,18.8,19.5,9.1,Schreiber, John
600917,2023,29,0.183,0.337,0.261,71.6,25.0,9.0,85.9,25.1,29.4,8.1,32.4,72.2,24.6,31.6,52.7,75.4,35.6,48.0,54.5,28.7,35.3,19.9,16.2,Leclerc, José
489446,2023,36,0.203,0.393,0.282,70.3,13.7,7.0,90.6,16.8,34.8,10.6,40.2,67.7,20.9,27.9,49.7,79.1,30.8,45.5,57.5,37.9,31.1,22.0,9.1,Yates, Kirby
663432,2024,31,0.234,0.488,0.335,71.8,25.3,7.0,91.1,25.8,33.8,14.3,42.9,71.5,18.5,26.7,46.4,81.5,26.0,49.1,56.1,28.6,39.6,19.5,12.3,Rainey, Tanner
660261,2023,29,0.237,0.411,0.332,71.5,21.9,3.0,90.4,13.9,33.3,7.7,44.6,68.6,25.5,23.0,43.3,74.5,30.1,45.4,52.2,39.2,27.0,25.7,8.1,Fujinami, Shintaro
645261,2025,29,0.262,0.437,0.311,72.3,28.1,17.0,90.7,9.4,33.0,8.6,45.0,67.9,13.7,29.0,39.9,86.3,20.9,49.5,63.0,46.6,24.1,24.6,4.7,Alcantara, Sandy
640455,2024,32,0.225,0.388,0.275,71.0,18.6,23.0,88.6,16.3,37.0,7.5,37.8,68.5,19.0,28.6,43.9,81.0,26.1,49.0,59.8,37.8,29.1,24.9,8.1,Manaea, Sean
663687,2024,27,0.26,0.442,0.32,71.0,18.0,8.0,88.9,15.6,36.5,7.2,39.4,61.6,14.6,23.7,40.9,85.4,21.1,44.2,63.3,38.0,29.8,25.0,7.2,Harris, Hogan
542881,2025,35,0.254,0.48,0.341,72.2,27.7,17.0,88.0,21.0,41.8,11.0,36.6,69.2,17.8,29.8,40.8,82.2,25.0,49.0,59.6,29.4,34.9,25.5,10.1,Anderson, Tyler
681911,2024,28,0.153,0.324,0.246,71.5,25.6,10.0,87.5,30.0,29.3,12.1,35.0,70.0,26.3,26.7,43.5,73.7,31.3,47.5,60.0,25.7,37.9,15.7,20.7,Vesia, Alex
623437,2023,32,0.23,0.325,0.269,70.5,15.2,4.0,87.5,2.6,26.9,3.0,36.5,62.8,14.2,26.8,34.6,85.8,19.5,46.6,65.8,57.4,16.2,22.3,4.1,Topa, Justin
683232,2025,28,0.259,0.466,0.266,71.1,18.8,15.0,90.4,16.6,39.8,10.6,42.9,71.8,14.7,33.5,52.8,85.3,25.0,54.9,65.2,34.8,34.8,23.6,6.8,Mears, Nick
693645,2025,24,0.23,0.384,0.291,72.0,28.4,9.0,89.0,14.5,41.3,8.2,40.2,69.3,19.9,28.2,43.6,80.1,26.1,50.1,62.5,36.4,26.6,30.4,6.5,Schlittler, Cam
448179,2023,43,0.275,0.479,0.359,71.6,21.9,6.0,89.4,14.3,37.3,10.1,39.9,63.8,13.8,25.0,35.0,86.2,19.3,45.4,59.7,39.0,25.6,27.6,7.8,Hill, Rich
672282,2025,25,0.231,0.363,0.295,71.0,18.3,20.0,90.1,9.9,32.7,8.2,42.8,63.4,22.6,33.9,54.4,77.4,32.7,49.7,62.2,45.3,23.3,27.7,3.8,Detmers, Reid
660761,2024,26,0.254,0.413,0.371,71.7,23.7,10.0,89.0,13.4,37.3,8.5,47.7,68.0,16.0,29.0,48.4,84.0,27.5,46.0,57.1,39.9,22.2,30.1,7.8,Suarez, José
605447,2023,30,0.211,0.362,0.281,70.7,19.0,3.0,89.0,16.6,34.0,7.3,36.7,68.8,22.8,33.2,60.8,77.2,35.9,50.3,59.7,38.0,26.7,24.7,10.7,Romano, Jordan
687134,2025,24,0.322,0.591,0.423,71.8,25.1,7.0,91.4,12.8,36.5,12.2,45.9,71.2,9.9,23.2,34.7,90.1,15.9,47.5,54.9,40.5,31.1,25.7,2.7,Blalock, Bradley
445926,2024,40,0.26,0.419,0.315,71.7,18.9,2.0,87.3,11.1,37.6,6.3,35.4,63.5,13.7,22.3,25.8,86.3,17.0,42.3,61.2,43.4,27.5,25.9,3.2,Chavez, Jesse
641927,2023,27,0.222,0.412,0.294,71.9,23.9,6.0,88.2,20.0,33.4,9.6,35.7,73.2,22.7,33.6,41.3,77.3,28.7,53.1,66.0,34.7,35.2,20.8,9.4,Ober, Bailey
665795,2025,27,0.238,0.394,0.303,72.0,26.0,28.0,90.3,9.4,31.1,8.6,46.4,60.6,15.3,30.3,56.2,84.7,29.4,45.1,62.7,47.5,24.7,24.4,3.5,Cabrera, Edward
621345,2023,29,0.215,0.362,0.283,71.8,23.3,2.0,87.9,17.7,36.9,7.0,36.3,70.8,20.7,30.8,55.1,79.3,31.4,50.4,61.2,36.3,28.0,27.4,8.3,Minter, A.J.
605400,2024,31,0.243,0.398,0.31,71.7,24.5,30.0,88.5,12.0,35.4,7.2,38.2,66.7,15.9,32.1,42.6,84.1,25.2,48.6,66.6,44.6,24.4,24.6,6.5,Nola, Aaron
679525,2024,26,0.261,0.461,0.325,71.5,22.4,21.0,89.7,15.0,38.0,9.6,40.9,67.4,14.4,27.4,46.4,85.6,23.5,47.6,61.5,38.8,26.5,25.7,9.1,Marsh, Alec
673513,2025,29,0.228,0.397,0.318,72.1,28.2,17.0,88.5,20.6,30.5,9.0,37.3,71.7,20.4,29.4,51.2,79.6,30.3,49.0,57.4,32.2,36.7,19.8,11.3,Matsui, Yuki
656302,2023,27,0.239,0.386,0.321,71.5,24.1,27.0,90.0,15.4,36.8,6.2,41.6,68.6,18.7,28.2,55.5,81.3,31.0,46.3,61.1,36.8,27.2,27.9,8.1,Cease, Dylan
657097,2023,29,0.213,0.357,0.294,70.7,16.3,8.0,88.1,15.0,32.6,5.0,39.7,70.4,28.1,33.1,40.5,71.9,32.2,51.2,62.8,37.6,31.2,24.8,6.4,Webb, Jacob
572403,2023,32,0.216,0.383,0.314,71.8,22.6,4.0,88.1,15.5,30.1,8.1,36.4,65.3,21.3,28.2,51.3,78.7,30.6,46.4,61.3,41.0,31.8,20.2,6.9,VerHagen, Drew
640455,2023,31,0.238,0.401,0.306,71.1,17.2,9.0,89.4,13.0,35.8,8.7,36.4,70.6,17.7,26.9,42.8,82.3,24.2,49.8,62.1,42.4,24.3,26.2,7.2,Manaea, Sean
518876,2023,34,0.241,0.394,0.294,72.3,29.9,6.0,89.6,11.8,35.1,7.8,41.8,68.3,18.1,33.0,42.3,81.9,27.0,49.1,61.0,45.7,23.6,24.0,6.7,Kelly, Merrill
679885,2024,22,0.216,0.288,0.269,70.7,17.4,10.0,86.4,-0.3,27.9,2.8,31.8,65.6,23.3,30.5,57.3,76.7,34.5,47.5,63.0,60.3,12.8,23.5,3.4,Martinez, Justin
608372,2025,35,0.289,0.524,0.342,72.4,28.3,10.0,90.0,14.5,38.5,11.8,39.8,66.1,10.1,29.0,36.5,89.9,18.5,47.0,57.2,40.8,28.6,24.2,6.5,Sugano, Tomoyuki
605135,2025,36,0.252,0.4,0.324,71.5,22.6,28.0,87.7,10.5,34.5,8.5,36.6,66.8,18.5,25.2,36.9,81.5,23.3,46.8,59.6,46.1,21.6,24.2,8.1,Bassitt, Chris
656529,2023,26,0.262,0.388,0.292,71.3,20.6,6.0,91.6,0.9,32.9,5.4,49.0,62.8,14.3,26.5,59.5,85.7,27.4,45.0,56.1,57.7,16.1,25.5,0.7,Hentges, Sam
661403,2023,25,0.232,0.359,0.265,70.6,16.8,3.0,88.4,1.9,29.4,5.0,37.6,71.5,17.3,30.9,56.5,82.7,27.4,53.4,56.7,56.6,19.0,20.8,3.6,Clase, Emmanuel
656578,2023,27,0.265,0.48,0.31,71.5,20.8,4.0,90.8,14.5,39.2,10.8,44.3,69.6,20.4,25.8,35.7,79.6,24.4,48.3,60.7,36.9,29.0,26.1,8.0,Jackson, Andre
665152,2023,27,0.264,0.458,0.317,71.7,24.7,6.0,89.7,12.7,36.9,8.9,40.3,69.2,18.5,26.3,38.4,81.5,24.0,47.7,62.6,40.2,26.8,28.0,5.0,Kremer, Dean
502085,2024,39,0.21,0.332,0.257,71.1,19.3,7.0,88.7,9.9,31.1,5.5,37.8,61.8,22.0,25.6,47.1,78.0,29.5,43.4,59.7,47.0,26.2,22.6,4.3,Robertson, David
669456,2023,28,0.28,0.453,0.307,70.7,14.1,1.0,91.6,9.5,34.4,7.8,47.8,64.4,11.7,29.0,50.5,88.3,24.3,46.1,67.4,47.5,22.0,26.1,4.4,Bieber, Shane
685299,2025,27,0.294,0.53,0.374,72.1,26.6,6.0,90.1,17.0,42.4,11.4,41.2,73.6,13.4,27.1,33.8,86.6,18.0,53.2,65.9,35.3,29.4,28.2,7.1,Gordon, Tanner
518876,2024,35,0.262,0.483,0.311,72.7,30.6,7.0,90.5,11.0,33.5,10.7,40.9,68.0,12.6,30.6,38.2,87.1,21.3,48.2,63.0,42.8,29.8,23.3,4.2,Kelly, Merrill
663485,2025,27,0.235,0.404,0.296,71.7,23.0,7.0,89.4,12.4,32.1,9.9,41.5,66.7,15.3,27.7,41.2,84.7,22.2,48.5,60.9,43.9,25.9,22.6,7.5,Sands, Cole
502085,2023,38,0.202,0.35,0.289,72.0,26.6,2.0,89.3,15.2,30.1,6.1,37.4,62.4,22.3,28.7,49.4,77.7,31.2,45.0,64.0,44.2,26.4,19.6,9.8,Robertson, David
643377,2024,29,0.186,0.312,0.227,70.9,15.6,22.0,88.2,6.3,23.9,8.0,38.7,65.8,24.4,38.3,60.8,75.6,37.8,52.1,71.3,52.1,23.9,17.8,6.1,Jax, Griffin
669622,2024,29,0.229,0.341,0.296,71.0,19.4,7.0,87.7,8.7,32.0,4.8,40.8,57.8,13.1,27.2,42.9,86.9,22.2,42.9,55.9,51.7,19.0,23.1,6.1,Bender, Anthony
669211,2024,29,0.18,0.32,0.255,70.7,16.5,8.0,88.3,18.5,29.7,7.7,37.4,66.3,22.9,25.7,50.7,77.1,30.0,47.2,63.6,38.5,27.7,20.5,13.3,Akin, Keegan
657277,2023,26,0.251,0.397,0.283,71.9,25.5,9.0,90.7,0.6,28.4,6.9,46.0,62.4,11.3,32.5,39.0,88.7,20.8,47.4,65.3,62.7,14.9,20.5,1.9,Webb, Logan
808967,2025,26,0.199,0.305,0.244,71.8,24.2,20.0,88.3,7.7,28.3,5.7,39.7,64.0,18.9,29.6,50.4,81.1,28.9,46.7,61.8,53.7,22.1,19.7,4.5,Yamamoto, Yoshinobu
670102,2024,28,0.217,0.391,0.272,71.7,24.0,12.0,89.1,18.9,35.5,8.7,36.2,72.5,16.5,27.1,36.3,83.5,21.2,51.7,61.3,34.5,33.1,22.0,10.5,Francis, Bowden
694037,2025,25,0.225,0.354,0.284,70.9,19.2,16.0,90.1,14.4,38.2,4.4,48.5,71.5,21.3,27.1,46.7,78.7,27.5,51.0,59.8,39.7,25.7,27.2,7.4,Palencia, Daniel
672456,2025,24,0.26,0.446,0.337,71.8,23.3,10.0,89.1,14.5,37.7,8.1,39.4,64.5,12.4,28.3,39.4,87.6,19.8,47.7,64.0,41.2,27.1,25.4,6.3,Montero, Keider
656271,2023,26,0.267,0.454,0.322,70.2,11.0,2.0,89.7,15.8,31.0,8.6,40.1,77.0,17.4,30.3,38.0,82.6,22.2,56.6,63.2,39.6,32.6,20.3,7.5,Burke, Brock
676106,2024,25,0.287,0.5,0.339,72.1,26.2,5.0,88.5,16.5,39.6,9.9,46.0,71.4,17.6,27.6,33.6,82.4,21.9,50.0,63.9,35.6,28.7,27.7,7.9,Hancock, Emerson
669920,2025,32,0.271,0.444,0.341,72.6,30.9,1.0,89.8,10.8,35.1,8.3,45.9,64.0,19.5,22.2,40.3,80.5,24.6,43.8,67.9,44.6,24.4,25.2,5.8,Alexander, Jason
694973,2025,23,0.202,0.321,0.247,71.2,20.4,20.0,87.6,12.2,29.4,5.8,40.1,68.2,23.3,30.5,45.8,76.7,30.1,49.6,60.8,44.6,24.9,22.8,7.7,Skenes, Paul
592773,2024,32,0.203,0.368,0.307,71.2,18.0,8.0,90.2,19.0,34.2,9.6,41.8,72.6,27.3,32.0,45.7,72.7,33.2,51.5,66.5,33.6,38.4,20.5,7.5,Stanek, Ryne
543101,2023,33,0.282,0.492,0.328,72.3,32.6,0.0,90.1,11.4,34.6,8.3,45.1,67.4,11.0,27.2,41.9,89.0,20.3,46.7,61.8,42.2,24.4,27.3,6.0,DeSclafani, Anthony
547973,2025,37,0.175,0.278,0.177,71.7,24.5,15.0,88.8,18.9,34.4,5.5,36.7,76.8,29.1,34.6,53.1,71.2,35.8,57.3,70.6,38.3,28.1,23.4,10.2,Chapman, Aroldis
607481,2023,29,0.217,0.304,0.313,70.2,12.8,5.0,89.2,-2.0,27.0,2.7,44.6,53.5,19.2,27.7,56.0,80.8,32.5,40.0,60.6,60.1,16.2,21.6,2.0,Bummer, Aaron
672582,2025,25,0.246,0.4,0.33,70.6,14.1,11.0,89.5,0.0,30.6,8.3,43.0,57.0,8.4,26.6,37.1,91.6,16.4,43.3,64.4,63.7,16.1,18.1,2.1,Zerpa, Angel
621016,2023,29,0.251,0.446,0.339,70.5,18.0,5.0,89.9,10.1,36.3,11.7,41.3,66.7,21.7,27.5,46.3,78.3,29.7,45.5,60.6,45.3,22.3,25.7,6.7,Cuas, Jose
666201,2023,25,0.262,0.471,0.37,71.6,27.4,2.0,89.5,16.3,33.6,9.0,44.8,67.9,15.1,26.0,36.7,84.9,21.8,45.4,59.5,38.8,29.1,24.3,7.8,Manoah, Alek
623465,2024,29,0.223,0.354,0.288,70.7,16.3,6.0,85.9,11.9,36.1,6.1,32.7,64.9,17.4,27.9,54.1,82.6,27.7,47.2,63.4,40.1,32.7,21.1,6.1,Phillips, Evan
455119,2023,37,0.263,0.348,0.243,70.6,16.0,2.0,84.5,4.1,35.9,2.1,31.0,73.2,21.1,38.3,28.8,78.9,23.3,58.3,77.6,50.3,15.2,30.3,4.1,Martin, Chris
571948,2025,34,0.235,0.405,0.298,71.2,22.4,3.0,88.4,6.7,28.3,9.0,36.8,59.3,10.7,24.8,29.0,89.3,15.5,43.6,63.8,53.8,24.1,18.9,3.3,Milner, Hoby
663372,2024,27,0.254,0.423,0.32,71.5,21.6,18.0,88.1,11.9,33.1,6.5,36.8,68.0,17.6,25.7,42.6,82.4,23.9,48.1,62.6,44.4,25.7,24.8,5.1,Feltner, Ryan
664875,2024,29,0.296,0.463,0.387,70.5,20.5,11.0,90.0,5.7,32.5,7.7,42.3,64.4,14.9,23.9,41.8,85.1,22.6,43.4,53.8,52.6,18.6,27.3,1.5,Lawrence, Justin
592836,2023,30,0.245,0.41,0.313,72.0,28.3,10.0,89.1,11.1,33.1,6.8,40.9,63.7,13.5,27.4,34.5,86.5,20.5,44.1,60.7,45.3,25.0,23.4,6.2,Walker, Taijuan
600917,2024,30,0.212,0.353,0.3,71.4,21.4,11.0,87.4,18.0,36.2,7.4,30.7,69.2,27.2,29.8,52.3,72.8,36.0,47.3,55.9,37.4,29.4,24.5,8.6,Leclerc, José
592426,2024,32,0.227,0.382,0.328,71.7,21.3,16.0,89.2,8.4,31.8,8.8,39.9,65.7,16.9,31.0,52.9,83.1,29.7,47.0,68.9,51.4,25.0,20.9,2.7,Jackson, Luke
641154,2025,29,0.249,0.398,0.274,71.5,22.8,12.0,88.7,14.4,39.5,6.0,35.3,64.7,16.1,32.1,46.0,83.9,25.9,48.5,60.3,38.6,27.4,27.4,6.5,López, Pablo
668674,2024,29,0.221,0.342,0.259,71.2,20.4,11.0,85.9,6.6,31.4,6.3,33.3,64.6,22.1,31.9,47.8,77.9,31.0,47.6,60.2,46.5,24.5,24.5,4.4,Erceg, Lucas
669387,2024,25,0.226,0.341,0.272,70.8,14.8,10.0,89.3,12.9,29.6,2.8,35.2,70.1,19.3,27.4,42.6,80.7,26.1,48.2,62.5,46.5,29.6,18.3,5.6,Mlodzinski, Carmen
656731,2025,29,0.22,0.347,0.303,71.6,25.7,19.0,90.3,14.8,30.1,6.3,43.8,62.0,20.9,28.6,50.8,79.1,30.7,44.9,61.6,40.9,23.9,25.6,9.7,Megill, Tylor
477132,2025,37,0.25,0.378,0.292,73.0,37.0,9.0,89.7,11.6,31.3,4.1,42.1,64.6,13.8,24.9,53.0,86.2,24.3,45.3,61.1,48.2,22.2,22.2,7.3,Kershaw, Clayton
673513,2024,28,0.201,0.335,0.283,71.8,22.8,7.0,88.5,18.2,30.4,6.8,37.3,72.3,19.9,33.0,52.8,80.1,31.9,50.4,59.4,37.9,31.1,20.5,10.6,Matsui, Yuki
656464,2024,30,0.229,0.367,0.3,70.6,18.2,16.0,89.8,10.0,35.2,5.6,40.8,68.3,18.1,31.9,47.2,81.9,27.9,49.3,63.9,42.9,25.5,27.0,4.6,Ginkel, Kevin
543518,2023,33,0.235,0.416,0.318,72.2,25.8,4.0,91.3,10.5,30.1,10.4,48.6,64.8,20.5,31.8,53.7,79.5,32.0,47.7,58.0,49.2,23.0,22.4,5.5,McGough, Scott
660853,2025,29,0.246,0.413,0.308,71.9,24.9,4.0,87.6,16.8,38.0,8.9,40.1,71.6,24.8,28.5,45.2,75.2,30.0,51.6,66.2,33.3,26.6,29.7,10.4,De Los Santos, Enyel
592866,2025,33,0.277,0.435,0.352,71.9,24.2,9.0,90.0,18.1,39.6,8.4,40.7,66.6,14.0,26.5,34.7,86.0,19.8,46.7,67.0,35.1,30.5,27.7,6.7,Williams, Trevor
669203,2023,28,0.221,0.347,0.266,71.5,22.4,9.0,86.4,10.5,31.0,5.3,32.4,65.8,17.9,30.0,48.8,82.1,28.8,46.3,59.3,44.1,24.3,25.9,5.7,Burnes, Corbin
666808,2023,25,0.201,0.306,0.262,71.2,17.9,5.0,88.9,8.0,26.9,5.0,41.3,68.7,24.3,29.4,51.7,75.7,33.3,47.8,58.4,52.5,20.6,20.0,6.9,Doval, Camilo
676979,2025,26,0.21,0.347,0.27,72.0,26.6,48.0,87.7,10.5,32.2,7.3,37.3,69.0,20.6,32.6,50.0,79.4,29.4,51.8,63.8,49.3,23.0,20.8,6.9,Crochet, Garrett
592767,2024,35,0.232,0.373,0.325,71.2,20.3,17.0,89.2,19.5,34.1,6.4,38.2,68.8,15.3,27.7,49.3,84.7,25.2,48.1,62.6,36.4,29.5,24.3,9.8,Smyly, Drew
680694,2023,26,0.235,0.391,0.268,71.6,22.7,13.0,90.0,6.6,33.3,6.9,42.0,64.2,13.5,27.7,54.5,86.5,26.0,45.8,57.7,49.1,22.4,25.8,2.7,Bradish, Kyle
607179,2023,30,0.221,0.43,0.294,71.5,20.0,5.0,89.9,16.0,36.2,11.3,38.3,67.5,19.7,23.4,46.0,80.3,27.0,44.3,58.1,39.0,32.6,22.0,6.4,Weems, Jordan
543135,2023,33,0.232,0.399,0.296,72.8,32.0,7.0,88.9,6.4,30.1,7.9,43.1,69.9,18.9,28.6,42.4,81.1,26.4,47.8,60.0,51.5,21.4,22.2,4.8,Eovaldi, Nathan
663485,2024,26,0.223,0.388,0.259,71.2,17.9,10.0,89.0,17.6,32.8,6.3,37.0,68.6,19.8,31.7,41.9,80.2,26.6,50.5,65.1,37.0,35.4,18.5,9.0,Sands, Cole
656945,2023,28,0.203,0.278,0.236,71.3,24.8,10.0,85.3,9.0,34.3,3.4,26.3,66.1,25.8,35.3,57.0,74.2,36.2,51.2,70.1,50.3,19.4,25.7,4.6,Scott, Tanner
608334,2024,30,0.247,0.443,0.326,72.3,27.2,15.0,90.6,13.0,34.1,9.5,44.4,64.9,15.3,30.3,45.2,84.7,25.8,46.3,61.2,42.1,28.2,25.4,4.4,Fulmer, Carson
681867,2024,27,0.259,0.409,0.327,71.9,25.0,12.0,89.3,9.7,33.2,7.0,37.4,62.2,12.9,28.5,26.0,87.1,17.2,44.6,64.9,49.5,23.3,22.4,4.8,Criswell, Cooper
607067,2024,33,0.269,0.463,0.327,72.2,26.6,16.0,90.4,15.2,36.3,8.7,42.0,67.7,15.3,24.5,30.9,84.7,19.3,46.8,64.8,39.5,30.4,24.1,5.9,Rea, Colin
506433,2023,36,0.239,0.378,0.321,72.1,26.4,5.0,88.4,13.7,33.0,6.8,38.2,64.4,17.5,27.2,44.5,82.5,25.1,46.4,60.4,42.7,21.5,27.2,8.6,Darvish, Yu
693433,2025,25,0.215,0.374,0.259,71.9,26.2,19.0,89.1,13.8,32.5,9.1,41.8,71.8,20.1,30.1,44.5,79.9,26.2,53.2,66.5,41.4,26.8,22.9,8.9,Woo, Bryan
687330,2024,26,0.24,0.373,0.268,71.4,19.7,7.0,86.9,4.9,29.9,5.0,36.8,59.6,14.2,26.1,37.0,85.8,20.1,44.8,70.1,56.2,17.4,21.9,4.5,Kelly, Kevin
605135,2023,34,0.238,0.409,0.304,70.6,17.2,7.0,87.5,13.2,36.0,8.3,35.3,65.6,16.6,27.0,36.3,83.4,21.9,47.3,63.4,42.9,27.1,23.2,6.9,Bassitt, Chris
665625,2023,26,0.236,0.347,0.28,72.9,33.3,4.0,89.0,2.1,30.4,3.0,38.1,63.8,17.7,34.2,49.5,82.3,31.3,46.5,55.4,56.0,19.6,21.4,3.0,Peguero, Elvis
502624,2024,36,0.239,0.443,0.329,71.7,25.4,2.0,86.5,20.0,33.0,8.5,33.0,70.3,21.0,23.0,32.2,79.0,23.8,46.4,57.6,31.9,34.0,22.3,11.7,Anderson, Chase
608717,2023,32,0.222,0.393,0.283,71.3,23.2,1.0,89.7,17.3,30.4,8.3,39.1,67.1,18.8,27.2,30.4,81.3,22.0,47.5,61.2,39.1,31.7,20.9,8.3,Stratton, Chris
605483,2025,32,0.224,0.322,0.278,72.1,30.9,16.0,86.2,5.6,35.3,5.8,34.0,64.1,25.8,34.0,50.3,74.2,35.6,47.3,64.2,50.6,17.9,26.9,4.5,Snell, Blake
656629,2024,28,0.19,0.354,0.277,71.3,20.9,7.0,89.0,16.9,34.2,10.5,40.8,64.4,25.7,28.8,49.4,74.3,32.8,46.9,63.4,38.8,38.2,17.1,5.9,Kopech, Michael
573204,2025,38,0.2,0.321,0.236,71.5,22.3,8.0,87.9,19.3,29.8,6.6,31.8,65.4,20.4,32.2,41.4,79.6,26.9,49.7,64.5,39.7,30.5,16.6,13.2,Thielbar, Caleb
671106,2024,25,0.271,0.502,0.39,71.7,24.5,14.0,91.0,13.4,36.0,11.4,46.4,69.0,14.0,23.6,40.1,86.0,21.2,45.0,63.4,44.2,26.6,22.4,6.8,Allen, Logan
624133,2024,28,0.248,0.371,0.297,71.6,23.5,12.0,86.9,6.3,32.9,5.1,34.3,66.2,12.9,30.3,39.5,87.1,21.9,47.3,64.5,53.2,18.2,24.4,4.1,Suarez, Ranger
677053,2023,24,0.187,0.302,0.289,71.6,21.9,4.0,84.6,12.3,30.2,6.5,27.3,69.6,19.8,32.2,47.4,80.2,28.7,50.6,65.1,45.3,24.5,20.9,9.4,Nardi, Andrew
605177,2023,33,0.228,0.399,0.324,72.0,28.1,2.0,86.8,13.9,38.6,9.8,32.6,60.3,17.8,31.2,50.3,82.2,31.8,43.0,59.8,40.2,24.2,27.3,8.3,Chafin, Andrew
647336,2024,26,0.234,0.407,0.324,71.0,19.7,9.0,87.6,15.8,34.7,9.7,35.2,63.6,15.6,24.9,46.0,84.4,24.8,43.3,55.2,41.7,27.8,20.8,9.7,Soroka, Michael
656234,2023,27,0.259,0.41,0.32,71.3,21.6,4.0,89.7,5.3,33.0,8.1,43.7,66.2,14.0,22.7,44.0,86.0,21.1,45.6,57.7,52.6,20.7,23.0,3.7,Bird, Jake
680570,2024,24,0.229,0.396,0.31,71.4,21.8,17.0,89.2,13.4,36.9,7.8,39.7,68.4,21.6,30.6,50.2,78.4,30.0,50.2,67.8,40.6,26.9,26.3,6.3,Rodriguez, Grayson
656546,2025,32,0.199,0.409,0.32,71.8,23.4,21.0,89.3,15.7,31.4,12.8,39.5,67.4,20.7,35.1,51.5,79.3,31.6,50.7,68.2,40.7,26.7,22.1,10.5,Hoffman, Jeff
572955,2023,32,0.233,0.379,0.335,70.0,12.5,8.0,90.7,13.1,43.9,6.4,47.1,62.4,17.6,33.3,58.2,82.4,33.1,46.8,63.8,37.6,22.3,35.0,5.1,Johnson, Pierce
661563,2025,27,0.254,0.42,0.311,72.3,28.1,4.0,90.5,21.3,35.5,8.3,42.6,65.1,16.4,20.0,40.7,83.6,21.5,44.0,58.2,32.0,29.6,26.6,11.8,Gil, Luis
669373,2025,28,0.206,0.344,0.245,71.2,21.0,27.0,86.1,12.7,35.6,8.1,33.0,70.9,24.9,35.1,51.3,75.1,32.5,54.8,71.5,41.6,27.3,23.5,7.7,Skubal, Tarik
683232,2024,27,0.213,0.36,0.324,70.9,18.7,13.0,88.1,14.3,38.2,7.0,33.1,66.1,20.9,30.4,47.6,79.1,28.5,49.5,66.3,40.8,29.9,24.2,5.1,Mears, Nick
606160,2025,34,0.204,0.328,0.283,72.2,28.9,10.0,88.3,11.4,25.3,7.0,38.6,67.7,19.0,31.1,46.6,81.0,29.3,47.1,66.5,48.7,25.9,19.6,5.7,Montero, Rafael
664299,2023,26,0.228,0.451,0.317,71.9,25.6,11.0,89.1,23.8,38.1,9.4,38.3,69.3,19.8,29.3,42.1,80.2,27.1,48.0,55.3,26.1,38.8,24.2,10.9,Javier, Cristian
689147,2025,24,0.228,0.353,0.3,71.8,23.9,12.0,85.9,15.0,36.5,6.5,33.5,57.9,18.7,25.1,37.4,81.3,23.7,42.9,62.1,43.5,25.3,22.9,8.2,Kerkering, Orion
656061,2023,27,0.222,0.397,0.332,71.5,18.7,3.0,89.0,12.6,27.9,7.3,41.8,62.2,18.8,23.1,44.8,81.2,26.3,42.0,55.8,46.1,29.7,18.8,5.5,Abreu, Albert
640451,2023,28,0.22,0.384,0.252,71.3,25.2,2.0,89.6,11.7,32.0,8.5,41.2,68.8,21.8,30.4,38.0,78.2,26.3,50.9,61.5,43.8,31.4,20.9,3.9,Harvey, Hunter
592351,2024,32,0.272,0.447,0.309,71.7,23.8,11.0,90.5,15.3,34.8,8.6,42.2,70.6,14.6,29.8,48.9,85.4,23.8,51.6,62.3,40.6,26.8,25.8,6.8,Gray, Jon
608566,2025,30,0.287,0.504,0.393,72.6,32.5,20.0,91.7,15.6,35.8,11.1,48.5,68.7,9.8,26.2,42.9,90.1,18.6,48.0,58.7,36.9,28.5,28.1,6.6,Márquez, Germán
671096,2023,24,0.223,0.399,0.32,71.6,21.7,13.0,91.2,21.6,36.7,9.2,42.5,66.8,18.1,27.3,43.5,81.9,25.6,46.8,59.7,29.9,35.7,25.2,9.2,Abbott, Andrew
554430,2025,35,0.189,0.313,0.263,71.7,24.4,32.0,87.4,13.2,36.7,7.2,34.1,69.4,23.1,31.2,50.1,76.9,31.5,50.3,61.4,41.5,28.4,23.8,6.3,Wheeler, Zack
624133,2023,27,0.258,0.408,0.325,71.5,24.7,6.0,87.8,8.1,35.3,7.5,36.1,62.1,15.0,29.6,38.3,85.0,23.1,45.0,61.5,48.8,21.0,26.4,3.8,Suarez, Ranger
579328,2024,33,0.235,0.404,0.297,71.9,26.4,29.0,90.1,14.2,33.5,9.7,45.0,67.7,21.0,28.0,49.5,79.0,29.0,48.4,65.4,42.6,29.5,22.9,5.0,Kikuchi, Yusei
669211,2025,30,0.238,0.44,0.318,71.1,19.4,9.0,89.4,16.7,36.6,9.7,41.7,70.5,17.2,30.1,47.4,82.8,25.6,51.2,66.5,38.3,32.6,23.4,5.7,Akin, Keegan
669358,2024,25,0.217,0.381,0.266,72.1,25.2,7.0,90.5,18.1,28.3,7.3,42.0,73.6,16.6,24.0,52.2,83.4,24.6,50.2,62.7,39.3,32.0,19.6,9.1,Baz, Shane
623167,2023,28,0.292,0.512,0.392,71.3,21.9,5.0,89.4,15.1,38.6,9.4,41.4,70.0,15.0,27.4,39.8,85.0,22.3,48.0,61.8,38.9,24.9,28.6,7.7,Flexen, Chris
689017,2024,26,0.224,0.444,0.304,71.7,25.0,6.0,90.6,21.1,35.7,10.2,43.9,67.0,17.4,25.6,37.6,82.6,23.1,46.0,58.4,31.1,36.7,23.0,9.2,Knack, Landon
640448,2023,31,0.26,0.442,0.32,71.8,28.2,5.0,92.2,9.4,34.0,8.5,47.5,70.0,17.9,24.6,48.8,82.1,24.8,49.5,63.8,47.5,17.5,27.0,8.0,Finnegan, Kyle
682847,2025,26,0.247,0.442,0.312,72.1,24.7,12.0,91.8,9.4,32.9,10.3,47.7,66.9,18.8,25.0,57.4,81.2,28.9,46.5,63.1,46.9,24.3,23.5,5.3,Ortiz, Luis
622663,2023,29,0.281,0.498,0.39,71.8,24.2,5.0,90.2,13.6,37.9,10.4,45.0,72.0,16.6,29.2,32.0,83.4,20.8,51.5,65.9,43.3,24.5,26.2,6.0,Severino, Luis
686539,2024,26,0.238,0.354,0.308,71.3,22.9,12.0,89.5,1.6,29.9,4.9,41.7,67.3,17.0,25.6,54.1,83.0,26.6,47.3,58.7,58.3,19.1,20.6,2.0,Cronin, Declan
669711,2025,30,0.22,0.371,0.284,71.5,22.2,5.0,89.8,13.5,35.5,7.6,38.6,66.1,17.6,26.2,35.3,82.4,22.4,46.7,56.3,41.6,27.9,22.8,7.6,Weissert, Greg
676477,2023,27,0.268,0.466,0.35,71.2,19.0,2.0,90.0,11.8,37.5,10.2,42.6,68.5,17.5,32.3,53.3,82.5,28.3,51.2,70.4,44.0,25.9,24.5,5.6,Whitlock, Garrett
656302,2025,29,0.214,0.359,0.313,71.5,23.3,37.0,88.9,16.6,36.6,8.6,37.5,70.2,22.7,31.0,54.7,77.3,33.4,49.2,60.1,37.3,30.3,23.8,8.6,Cease, Dylan
608717,2024,33,0.251,0.411,0.326,71.6,19.6,7.0,87.1,11.0,39.0,8.5,37.9,63.3,14.7,24.4,34.6,85.3,20.6,42.9,60.2,45.2,23.7,25.4,5.6,Stratton, Chris
666159,2023,25,0.262,0.502,0.281,72.1,27.8,2.0,90.9,16.9,33.5,10.9,43.9,65.3,16.2,22.5,28.7,83.8,18.8,46.8,62.0,38.5,30.5,21.3,9.6,Manning, Matt
666214,2025,27,0.257,0.421,0.334,71.8,23.3,20.0,90.5,15.9,36.3,9.5,42.8,69.7,14.0,29.0,46.0,86.0,23.5,49.2,61.8,38.2,27.5,27.5,6.9,Wentz, Joey
670280,2024,29,0.226,0.422,0.319,71.8,24.5,6.0,90.2,17.9,30.8,9.3,39.5,69.7,22.3,31.5,39.9,77.7,27.6,50.9,61.8,36.6,30.2,22.1,11.0,Bednar, David
605130,2024,31,0.231,0.367,0.306,70.8,18.3,13.0,86.2,9.0,33.3,5.8,32.6,64.5,19.4,27.0,57.4,80.6,33.6,42.6,58.8,47.8,21.0,23.9,7.2,Barlow, Scott
664285,2023,29,0.248,0.411,0.287,72.3,25.3,9.0,91.5,4.2,30.9,8.0,45.6,65.1,13.8,29.0,56.1,86.2,26.8,47.2,58.8,55.2,18.5,23.9,2.4,Valdez, Framber
671737,2025,24,0.237,0.405,0.314,72.3,27.1,26.0,89.2,12.0,31.8,7.2,39.9,68.9,16.3,26.6,45.2,83.7,23.6,48.3,58.2,43.3,26.6,22.0,8.1,Bradley, Taj
657649,2025,31,0.199,0.324,0.294,71.4,21.0,8.0,88.7,12.9,29.5,5.1,34.7,59.3,17.2,24.1,40.9,82.8,22.9,43.9,61.4,46.6,33.0,16.5,4.0,Koenig, Jared
669203,2024,29,0.229,0.371,0.273,71.5,21.7,52.0,87.5,11.0,26.8,6.7,31.6,66.9,15.6,33.1,51.6,84.4,28.6,48.8,63.9,48.8,22.4,19.9,8.9,Burnes, Corbin
656605,2025,29,0.259,0.43,0.313,71.5,21.8,25.0,90.1,11.9,34.6,7.8,43.8,68.2,13.0,25.8,43.8,87.0,20.6,48.5,59.9,44.3,24.4,24.2,7.1,Keller, Mitch
623352,2025,31,0.149,0.272,0.249,71.0,20.7,18.0,88.0,29.2,34.2,8.1,34.2,73.0,26.9,37.8,66.0,73.1,40.5,55.1,71.7,22.5,35.1,22.5,19.8,Hader, Josh
608371,2023,29,0.173,0.333,0.287,70.6,15.4,5.0,87.6,27.6,32.1,8.8,32.1,67.7,23.4,27.8,52.5,76.6,33.1,45.7,55.3,24.8,39.4,21.2,14.6,Sims, Lucas
671922,2025,26,0.201,0.299,0.255,71.1,21.5,12.0,89.2,15.8,38.7,4.0,37.0,70.3,26.8,32.4,52.2,73.2,34.3,52.3,62.6,36.4,27.2,30.1,6.4,Smith, Cade
519242,2024,35,0.211,0.323,0.26,70.6,17.1,26.0,86.5,9.6,34.9,5.6,31.2,63.9,21.7,33.5,49.4,78.3,31.0,49.0,69.1,46.0,24.0,25.8,4.2,Sale, Chris
600921,2023,30,0.283,0.517,0.356,71.4,23.1,5.0,87.8,10.1,38.7,11.3,39.3,68.5,17.0,32.1,39.3,83.0,24.0,50.6,60.5,44.0,29.3,24.0,2.7,Machado, Andrés
656794,2025,32,0.25,0.374,0.306,71.5,21.2,7.0,88.9,9.9,33.8,5.7,41.8,64.1,15.8,26.9,36.0,84.2,21.4,46.2,58.8,47.5,21.7,25.5,5.3,Newcomb, Sean
571927,2025,34,0.233,0.404,0.291,71.0,20.3,9.0,88.4,10.7,31.6,6.3,40.5,63.0,12.8,29.8,35.3,87.2,18.8,48.6,65.0,47.7,21.5,21.9,8.9,Matz, Steven
665625,2024,27,0.247,0.364,0.317,71.7,21.5,9.0,90.1,3.2,29.1,5.3,40.4,63.4,13.1,33.8,51.3,86.9,27.7,47.5,63.1,56.3,16.6,23.8,3.3,Peguero, Elvis
642397,2024,29,0.235,0.381,0.34,70.6,16.4,8.0,88.6,6.2,34.7,7.6,43.8,65.0,17.8,30.1,58.1,82.2,31.0,47.1,59.1,51.4,19.4,24.3,4.9,Soto, Gregory
682990,2023,22,0.291,0.479,0.394,72.5,30.5,5.0,89.7,4.6,32.1,8.3,47.0,64.0,14.3,25.9,44.7,85.7,23.3,44.6,59.8,53.0,17.9,23.2,6.0,Priester, Quinn
657612,2025,35,0.241,0.384,0.274,71.9,26.7,6.0,90.0,-2.2,21.4,7.9,45.1,71.9,13.5,34.5,23.1,86.5,16.4,54.2,71.4,64.2,18.1,15.8,1.9,Hill, Tim
669302,2024,27,0.22,0.373,0.255,71.7,24.8,34.0,89.6,12.6,33.0,7.2,39.3,70.3,20.4,29.9,58.7,79.6,31.7,50.4,67.9,45.2,24.4,23.8,6.6,Gilbert, Logan
543243,2024,34,0.235,0.401,0.292,71.5,21.2,35.0,89.6,11.5,38.1,8.9,37.9,65.9,17.7,30.7,56.7,82.3,29.8,48.7,63.6,44.2,24.7,26.4,4.7,Gray, Sonny
664285,2025,31,0.241,0.37,0.295,72.3,26.4,31.0,90.8,2.7,28.1,6.7,46.3,64.0,15.3,29.8,52.1,84.7,26.6,47.3,61.7,59.4,16.5,21.7,2.4,Valdez, Framber
672335,2023,27,0.24,0.342,0.311,71.4,20.1,5.0,89.2,1.5,21.5,2.9,41.9,64.5,12.7,27.7,37.2,87.3,20.0,46.2,60.0,62.8,14.5,18.6,4.1,Pérez, Cionel
676106,2025,26,0.291,0.468,0.339,72.1,26.8,5.0,89.0,13.4,35.4,7.7,42.5,71.8,15.3,26.3,34.6,84.7,20.3,49.6,65.2,43.9,25.3,24.9,6.0,Hancock, Emerson
643338,2024,33,0.232,0.447,0.276,71.6,24.7,6.0,91.3,17.2,35.1,8.8,45.9,74.3,18.5,30.8,34.9,81.5,23.3,52.6,65.4,36.5,33.1,21.6,8.8,Green, Chad
543272,2023,33,0.253,0.398,0.344,70.1,12.7,5.0,88.8,14.2,38.0,7.3,37.3,62.4,12.2,28.1,43.9,87.8,22.3,44.9,60.0,39.3,21.3,32.7,6.7,Hand, Brad
693855,2025,26,0.237,0.384,0.274,72.7,29.8,4.0,88.7,15.1,39.7,7.1,37.8,70.3,21.4,26.2,43.9,78.6,27.0,49.5,60.7,37.2,26.3,30.1,6.4,Seymour, Ian
660271,2023,28,0.201,0.375,0.277,71.3,19.1,0.0,86.4,11.5,34.0,10.1,35.0,65.9,22.4,25.8,54.1,77.6,30.8,46.7,60.1,45.8,25.6,20.5,8.1,Ohtani, Shohei
605130,2023,30,0.233,0.341,0.299,70.4,15.2,5.0,85.5,11.2,39.2,4.4,29.8,59.0,18.7,30.7,52.3,81.3,31.2,43.9,58.9,44.2,18.8,29.3,7.7,Barlow, Scott
669022,2024,25,0.249,0.383,0.324,71.7,22.6,23.0,88.0,13.5,36.2,6.8,38.1,73.1,19.8,27.4,52.5,80.2,28.6,50.4,58.1,39.5,25.4,29.6,5.5,Gore, MacKenzie
544150,2024,34,0.241,0.42,0.32,71.5,21.1,10.0,88.8,17.0,38.0,7.1,38.4,76.1,19.2,28.0,37.4,80.8,24.6,50.4,58.9,35.5,31.6,25.5,7.3,Suárez, Albert
694297,2024,25,0.243,0.402,0.312,72.1,26.0,20.0,89.4,14.1,33.0,8.1,39.4,67.0,17.1,29.6,46.4,82.9,25.4,49.3,70.7,42.2,28.8,22.9,6.1,Pfaadt, Brandon
642585,2023,28,0.139,0.241,0.218,71.9,22.6,2.0,88.6,21.4,31.3,8.1,34.3,72.9,35.4,32.6,61.3,64.6,44.3,51.2,58.6,36.4,32.3,22.2,9.1,Bautista, Félix
693821,2025,26,0.266,0.448,0.336,72.6,32.1,25.0,90.0,8.5,34.0,7.7,43.8,65.6,10.8,28.5,47.3,89.2,22.5,46.3,59.8,48.9,25.1,23.8,2.2,Elder, Bryce
622491,2023,30,0.226,0.414,0.289,71.7,24.9,6.0,90.0,15.9,31.0,9.4,41.8,73.4,22.9,31.3,48.2,77.1,30.6,52.1,63.7,39.5,27.6,23.9,9.0,Castillo, Luis
650893,2023,26,0.226,0.42,0.311,72.1,23.5,1.0,91.4,17.1,29.7,11.6,47.7,71.4,22.3,30.3,45.7,77.7,29.8,49.7,58.1,38.7,31.0,22.6,7.7,Cabrera, Génesis
592094,2023,31,0.215,0.407,0.283,70.8,20.5,1.0,87.2,14.4,30.6,12.1,39.5,64.1,30.0,29.0,43.4,70.0,34.4,45.9,64.9,41.9,29.8,17.7,10.5,Adam, Jason
676272,2023,24,0.227,0.36,0.283,71.2,22.5,8.0,88.3,10.3,33.3,6.0,37.6,67.8,19.7,28.6,43.4,80.3,26.8,48.2,64.6,47.7,24.7,23.0,4.6,Miller, Bobby
650556,2025,28,0.211,0.338,0.261,72.1,27.0,23.0,90.6,16.9,35.9,8.3,45.5,65.3,28.0,29.9,65.6,72.0,41.2,46.2,57.4,35.9,24.4,30.8,9.0,Abreu, Bryan
519326,2024,35,0.211,0.395,0.286,72.0,27.6,3.0,88.9,21.7,30.3,9.0,35.5,66.7,17.1,27.9,36.0,82.9,22.8,47.0,55.6,35.1,35.1,18.0,11.8,Strickland, Hunter
592767,2023,34,0.238,0.404,0.348,71.7,23.1,10.0,87.6,19.2,35.9,7.3,33.6,64.4,17.9,31.8,42.7,82.1,27.1,46.6,62.6,35.9,28.1,24.3,11.6,Smyly, Drew
594580,2023,31,0.199,0.284,0.265,70.1,17.9,0.0,87.7,7.9,26.4,2.5,35.6,61.2,16.8,26.5,36.9,83.2,22.5,44.6,58.8,52.1,23.3,19.0,5.5,Moll, Sam
596133,2023,29,0.282,0.501,0.385,72.2,26.1,6.0,89.3,15.4,40.2,9.8,42.0,69.0,17.7,24.8,33.0,82.3,21.6,47.3,60.2,35.9,27.6,29.3,7.3,Weaver, Luke
663893,2025,28,0.195,0.291,0.273,72.7,35.2,26.0,89.7,1.4,30.6,6.4,47.1,59.0,19.5,30.0,70.5,80.5,43.5,40.6,56.7,59.9,14.0,21.7,4.5,Little, Brendon
660896,2024,28,0.192,0.347,0.273,71.3,21.2,7.0,86.6,19.0,32.0,7.2,32.7,70.3,22.5,26.0,44.4,77.5,28.1,48.9,64.7,35.3,31.4,19.6,13.7,Alcala, Jorge
671345,2023,27,0.259,0.384,0.275,71.2,16.9,6.0,88.2,3.7,29.3,4.4,42.0,64.0,11.9,32.8,29.8,88.1,17.9,48.4,63.5,56.6,15.1,25.4,2.9,Foley, Jason
641712,2023,28,0.286,0.491,0.35,72.5,28.8,4.0,90.5,4.6,30.9,8.9,45.4,70.3,12.1,24.6,42.7,87.9,20.2,47.1,54.8,51.7,21.2,24.5,2.6,Hudson, Dakota
669854,2023,29,0.238,0.447,0.352,71.1,20.0,1.0,88.5,17.2,34.0,11.8,34.7,76.5,23.0,29.1,56.0,77.0,33.0,51.2,58.4,34.7,34.7,26.4,4.2,Blanco, Ronel
607481,2024,30,0.23,0.287,0.305,70.0,14.1,8.0,86.6,0.0,29.0,1.3,32.9,58.6,19.4,28.7,40.4,80.6,26.7,43.0,57.4,61.3,9.0,25.8,3.9,Bummer, Aaron
657508,2024,28,0.239,0.426,0.344,71.6,23.7,12.0,91.1,14.5,33.9,9.2,43.7,69.9,16.2,27.0,46.2,83.8,24.5,48.6,57.6,39.1,33.3,22.4,5.2,Baumann, Mike
502043,2024,36,0.259,0.435,0.323,71.9,25.2,18.0,88.2,12.0,34.3,9.2,39.1,64.0,14.6,26.3,47.5,85.4,25.9,42.9,57.6,44.5,25.5,24.2,5.8,Gibson, Kyle
656731,2024,28,0.233,0.399,0.304,71.2,21.6,15.0,88.9,12.3,36.4,10.0,42.6,68.9,19.7,30.2,47.6,80.3,28.6,49.0,58.2,40.2,26.8,26.8,6.2,Megill, Tylor
663773,2024,27,0.283,0.46,0.259,71.5,23.0,7.0,90.9,7.2,36.6,7.8,45.8,61.6,14.9,28.3,40.2,85.1,22.5,45.5,62.4,48.4,19.0,27.5,5.2,Hoeing, Bryan
676710,2023,27,0.205,0.38,0.29,72.0,24.2,7.0,87.8,20.4,30.5,7.7,35.3,72.9,21.5,31.9,39.0,78.5,26.8,52.4,62.6,35.0,31.9,19.1,14.0,Crawford, Kutter
657585,2025,32,0.228,0.342,0.292,72.1,24.2,14.0,88.0,12.7,36.1,4.8,40.8,61.8,18.5,31.9,49.1,81.5,30.5,45.3,64.4,42.2,24.5,27.2,6.1,Garrett, Reed
642100,2025,30,0.188,0.311,0.247,71.5,23.9,9.0,89.7,15.0,26.9,9.0,40.7,66.1,23.7,35.5,46.7,76.3,30.9,52.0,69.4,40.0,34.5,18.6,6.9,Speier, Gabe
625643,2024,30,0.238,0.402,0.271,71.1,19.7,22.0,89.8,13.8,37.3,8.8,42.2,67.2,17.8,30.6,49.1,82.2,27.5,49.0,64.3,39.6,25.4,28.8,6.3,López, Reynaldo
641927,2025,29,0.249,0.462,0.344,72.1,25.4,14.0,89.6,22.5,33.8,10.9,39.1,68.6,16.6,33.8,40.4,83.4,24.1,51.7,65.4,30.6,34.0,23.1,12.4,Ober, Bailey
662253,2025,26,0.194,0.293,0.228,70.5,16.1,12.0,86.9,8.8,31.9,6.5,39.9,65.0,24.6,31.3,58.5,75.4,36.5,47.1,60.2,51.4,21.7,23.9,2.9,Muñoz, Andrés
657376,2025,29,0.198,0.339,0.277,72.5,29.0,12.0,88.1,19.6,32.5,6.6,35.4,67.3,18.5,26.5,48.4,81.5,26.6,47.6,65.8,33.0,31.6,24.5,10.8,Schmidt, Clarke
641329,2025,30,0.233,0.447,0.306,71.4,22.6,9.0,90.6,16.7,35.1,12.6,48.3,69.8,23.6,30.1,43.6,76.4,29.1,51.1,63.9,37.9,28.2,24.7,9.2,Baker, Bryan
641712,2024,29,0.288,0.459,0.36,72.2,26.4,5.0,89.9,7.6,31.7,6.3,42.0,63.9,11.7,21.2,38.4,88.3,18.6,42.1,60.6,52.3,23.3,21.7,2.7,Hudson, Dakota
656629,2023,27,0.236,0.457,0.363,71.3,20.3,9.0,90.3,17.8,31.6,12.7,42.4,63.5,20.0,24.6,41.5,80.0,26.9,42.1,53.5,35.6,35.0,20.3,9.0,Kopech, Michael
607074,2023,30,0.25,0.478,0.357,71.8,22.9,9.0,91.6,22.1,37.6,12.2,41.8,76.6,19.0,30.5,44.3,81.0,26.3,53.4,59.4,27.5,39.2,25.9,7.4,Rodón, Carlos
672710,2023,23,0.274,0.456,0.357,,,,90.5,15.5,37.9,8.4,44.9,67.4,16.4,29.0,47.2,83.6,26.5,47.0,61.6,39.3,29.4,24.8,6.5,Contreras, Roansy
656353,2023,27,0.288,0.449,0.364,72.1,28.6,1.0,88.5,12.2,36.1,7.2,34.3,63.8,16.0,29.3,40.8,84.0,23.9,46.4,55.3,45.8,25.9,22.9,5.4,Davidson, Tucker
664747,2023,26,0.19,0.297,0.279,71.1,23.9,9.0,89.8,18.0,29.2,6.5,41.6,71.0,26.2,27.8,52.5,73.8,34.8,47.0,54.9,39.6,27.3,21.4,11.7,Díaz, Alexis
684007,2025,31,0.233,0.469,0.293,72.6,28.9,16.0,90.7,21.7,34.3,11.6,43.5,72.7,19.2,31.6,39.2,80.8,24.6,53.8,62.6,30.0,39.5,19.6,10.9,Imanaga, Shota
571760,2023,32,0.234,0.432,0.335,71.5,23.3,8.0,90.1,14.8,31.4,10.2,38.6,68.3,18.7,30.5,41.8,81.3,26.5,48.2,67.2,41.9,31.0,21.4,5.7,Heaney, Andrew
552640,2024,34,0.247,0.424,0.289,71.7,24.0,12.0,88.9,11.8,33.0,8.5,39.5,67.9,15.6,38.9,49.5,84.4,27.8,53.5,72.6,45.5,22.0,26.0,6.5,Kittredge, Andrew
677960,2024,24,0.24,0.412,0.303,71.7,27.1,9.0,89.5,10.4,32.7,8.3,38.2,67.3,17.6,26.8,45.9,82.4,26.1,46.4,60.5,47.6,22.8,22.8,6.7,Weathers, Ryan
608337,2023,28,0.236,0.449,0.339,71.6,25.1,7.0,89.2,18.5,33.3,11.0,41.6,67.5,18.8,27.1,52.6,81.2,28.8,46.8,61.3,36.1,29.0,23.1,11.8,Giolito, Lucas
656641,2025,29,0.246,0.395,0.29,71.7,25.3,11.0,90.0,17.6,33.2,6.4,42.6,68.8,19.7,28.8,53.6,80.3,29.4,49.2,60.5,37.9,26.4,25.1,10.6,Latz, Jacob
671737,2023,22,0.238,0.443,0.344,71.9,27.0,2.0,91.2,17.1,37.5,10.7,46.4,71.8,19.7,27.2,40.6,80.3,25.0,50.7,62.0,36.4,24.1,27.8,11.7,Bradley, Taj
608678,2023,31,0.243,0.47,0.352,71.9,25.2,8.0,89.7,14.7,36.4,11.9,44.4,74.4,21.6,32.4,56.2,78.4,34.1,50.7,63.9,37.1,34.4,24.5,4.0,Leone, Dominic
664199,2023,30,0.246,0.474,0.376,71.5,24.4,2.0,89.6,19.8,36.4,12.7,41.6,67.4,18.8,34.9,43.4,81.2,27.7,50.3,65.7,31.8,32.4,24.9,11.0,Clarke, Taylor
701581,2024,24,0.235,0.411,0.324,71.9,24.2,10.0,89.5,15.1,41.1,8.6,38.9,66.9,19.7,31.7,45.6,80.3,28.4,48.7,63.9,36.6,25.1,29.7,8.6,Festa, David
672282,2024,24,0.226,0.408,0.37,71.6,22.1,17.0,89.9,16.2,34.3,10.7,39.3,68.0,21.4,29.7,47.2,78.6,29.2,48.9,62.9,39.7,33.5,20.2,6.6,Detmers, Reid
518617,2023,36,0.198,0.287,0.271,69.9,11.2,3.0,84.6,12.4,29.3,5.0,27.1,58.4,23.5,23.3,33.9,76.5,26.4,41.1,54.3,46.4,25.7,20.0,7.9,Diekman, Jake
571882,2023,32,0.263,0.397,0.311,70.7,14.9,7.0,87.0,14.2,38.0,4.8,32.5,68.7,18.9,28.9,44.5,81.1,27.1,47.8,62.1,42.2,25.3,25.9,6.6,Law, Derek
502043,2023,35,0.264,0.445,0.326,72.2,30.1,8.0,89.7,8.2,33.4,7.6,44.5,65.9,15.9,27.8,45.2,84.1,25.4,45.6,62.5,49.7,23.4,22.8,4.1,Gibson, Kyle
668678,2024,28,0.242,0.39,0.301,71.8,25.0,24.0,90.0,11.8,34.9,7.4,41.0,63.8,14.0,29.7,45.2,86.0,26.0,44.2,58.8,46.2,23.6,25.8,4.4,Gallen, Zac
518585,2023,33,0.199,0.371,0.29,71.0,22.9,2.0,89.1,17.0,38.7,10.0,41.3,70.6,23.5,31.1,55.0,76.5,34.5,48.9,54.5,30.7,34.7,28.0,7.3,Cruz, Fernando
679525,2023,25,0.255,0.495,0.381,72.0,29.2,12.0,89.7,14.2,40.4,9.6,41.8,64.8,18.0,28.7,52.4,82.0,29.6,45.5,60.5,36.1,32.7,27.4,3.8,Marsh, Alec
656464,2023,29,0.197,0.336,0.246,71.5,25.4,12.0,88.0,9.5,32.1,7.5,37.1,67.3,17.6,29.2,58.2,82.4,31.2,46.8,61.8,49.7,23.3,21.4,5.7,Ginkel, Kevin
656288,2024,28,0.257,0.448,0.341,72.2,26.8,26.0,90.5,14.3,32.4,8.6,41.9,70.2,14.3,29.2,45.9,85.7,24.5,48.4,58.2,41.3,30.0,22.5,6.1,Canning, Griffin
641540,2024,29,0.257,0.47,0.347,72.1,28.0,6.0,90.4,13.6,33.8,10.9,45.8,66.0,17.1,25.0,41.2,82.9,23.7,45.5,53.1,44.7,29.6,20.8,4.9,Dunning, Dane
472610,2023,36,0.252,0.362,0.313,70.8,14.6,0.0,87.1,-1.1,27.2,4.9,36.4,68.8,15.2,28.5,47.4,84.8,25.4,47.5,55.6,60.9,15.8,21.7,1.6,García, Luis
686613,2025,26,0.217,0.339,0.262,71.8,25.6,26.0,86.1,10.1,31.4,5.9,32.2,62.2,19.3,29.4,43.7,80.7,27.8,44.8,55.8,48.1,23.3,22.2,6.3,Brown, Hunter
642701,2025,29,0.217,0.403,0.236,72.3,26.9,9.0,88.9,15.9,33.2,10.5,37.4,65.5,16.9,34.6,51.3,83.1,27.3,51.6,69.3,38.9,34.2,20.5,6.3,Santana, Dennis
660853,2024,28,0.245,0.491,0.377,71.4,17.1,6.0,89.3,17.5,35.2,12.6,42.3,74.0,22.4,26.4,52.6,77.6,29.3,52.4,66.8,35.7,31.3,22.0,11.0,De Los Santos, Enyel
607625,2025,35,0.256,0.48,0.329,72.0,24.7,15.0,90.7,14.2,34.8,11.1,45.2,63.0,13.4,23.8,40.6,86.6,20.6,43.9,66.8,39.3,27.5,26.6,6.6,Lugo, Seth
506433,2024,37,0.226,0.392,0.286,71.5,21.8,4.0,89.4,17.1,32.0,7.5,39.9,69.5,19.2,30.7,41.7,80.8,25.6,51.5,66.5,39.5,28.5,22.8,9.2,Darvish, Yu
642547,2023,27,0.211,0.364,0.291,71.4,23.8,13.0,87.6,14.6,32.3,8.6,37.7,68.8,24.2,28.8,53.8,75.8,33.6,47.8,62.4,42.8,27.1,20.5,9.5,Peralta, Freddy
621363,2023,29,0.188,0.294,0.258,72.0,28.2,9.0,87.2,21.1,29.4,5.6,31.3,67.5,20.6,31.4,45.7,79.4,29.0,48.8,58.4,36.3,29.4,21.9,12.5,Poche, Colin
570632,2025,33,0.292,0.542,0.342,72.7,31.7,3.0,89.6,15.5,36.8,13.0,40.0,70.7,13.9,25.5,36.1,86.1,19.8,48.2,59.0,37.3,25.4,29.7,7.6,Ureña, José
678368,2025,25,0.26,0.51,0.339,72.1,27.3,1.0,89.7,22.0,33.8,11.7,41.4,72.2,17.8,26.4,27.1,82.2,20.2,49.9,60.9,32.0,38.0,20.3,9.8,Bellozo, Valente
672782,2025,25,0.249,0.467,0.335,71.8,24.5,9.0,89.4,17.5,36.9,12.3,37.4,68.1,16.9,26.4,41.8,83.1,23.9,47.1,59.9,36.9,33.2,21.9,8.0,Gómez, Yoendrys
623211,2025,35,0.226,0.362,0.294,72.3,27.4,11.0,87.1,11.5,28.7,8.0,34.5,65.5,15.6,32.2,39.9,84.4,23.9,48.4,59.8,51.7,25.9,15.5,6.9,Brazobán, Huascar
684320,2024,27,0.228,0.372,0.312,71.8,24.7,11.0,87.8,16.8,28.9,6.3,37.2,66.3,16.3,27.4,45.2,83.7,25.7,45.4,56.0,38.5,31.4,20.1,10.0,Rodríguez, Yariel
573186,2024,33,0.268,0.437,0.341,72.1,24.4,19.0,89.3,9.9,35.5,6.7,40.2,66.4,11.2,26.5,38.5,88.8,20.4,43.9,59.1,49.9,23.3,22.1,4.7,Stroman, Marcus
543135,2025,35,0.219,0.358,0.24,72.2,28.4,8.0,88.6,9.5,31.4,7.4,38.5,68.7,21.5,30.0,44.2,78.5,27.7,50.7,62.1,51.2,24.9,19.8,4.1,Eovaldi, Nathan
668964,2025,26,0.263,0.43,0.315,71.8,24.3,1.0,90.3,15.4,32.7,6.7,44.8,70.3,18.1,27.2,31.7,81.9,21.4,51.0,60.5,37.0,27.9,26.1,9.1,Myers, Tobias
681982,2025,28,0.243,0.36,0.287,71.3,21.5,14.0,88.8,12.2,32.0,5.2,38.1,66.3,21.5,29.7,52.0,78.5,30.9,48.1,63.5,42.8,25.8,25.3,6.2,Anderson, Grant
663878,2024,27,0.241,0.443,0.333,70.6,14.8,15.0,90.9,16.8,38.0,10.2,45.5,65.2,18.9,26.4,51.5,81.1,27.8,46.6,64.9,36.9,28.3,26.2,8.6,Pearson, Nate
571510,2023,32,0.24,0.419,0.322,,,,89.3,17.6,32.5,8.4,36.0,68.8,22.2,32.1,47.7,77.8,30.8,49.7,64.4,38.9,31.0,22.2,7.9,Boyd, Matthew
650644,2025,30,0.234,0.423,0.323,71.7,24.9,5.0,88.5,19.2,34.9,9.8,39.1,63.9,16.0,26.3,36.3,84.0,21.8,45.4,64.1,34.9,31.9,22.8,10.4,Civale, Aaron
571945,2024,35,0.274,0.469,0.339,72.0,26.2,11.0,88.8,13.6,38.1,8.1,42.3,66.5,12.5,27.9,28.7,87.5,16.4,49.8,72.4,42.0,25.2,25.0,7.8,Mikolas, Miles
605400,2025,32,0.246,0.417,0.346,72.4,24.7,13.0,89.4,12.7,35.3,9.1,43.3,61.3,16.2,33.5,40.3,83.8,25.2,46.9,61.4,42.9,26.2,22.5,8.4,Nola, Aaron
680885,2025,25,0.252,0.396,0.266,71.6,23.8,14.0,88.8,8.3,34.3,7.5,41.5,66.4,19.5,34.0,49.4,80.5,28.3,51.8,69.1,47.4,19.3,27.1,6.2,Schwellenbach, Spencer
669713,2024,26,0.232,0.434,0.293,71.8,25.8,19.0,87.6,10.8,32.6,9.3,36.8,62.0,11.4,30.1,53.6,88.6,25.7,45.6,67.5,44.0,26.9,20.7,8.3,Wesneski, Hayden
656288,2025,29,0.252,0.435,0.303,72.4,28.7,13.0,91.2,7.8,31.8,9.4,45.7,64.6,15.3,26.7,50.6,84.7,25.5,45.8,59.3,51.6,22.0,22.4,4.0,Canning, Griffin
676974,2024,25,0.24,0.461,0.381,72.6,32.6,9.0,90.6,10.1,27.2,13.9,47.8,70.4,12.8,26.1,51.9,87.2,23.9,47.5,60.1,50.6,25.0,18.3,6.1,Meyer, Max
663776,2024,27,0.257,0.399,0.329,71.8,23.0,15.0,87.9,11.0,32.9,5.1,36.3,65.1,18.4,27.1,46.2,81.6,26.5,46.2,55.5,45.7,23.9,26.1,4.3,Sandoval, Patrick
694297,2025,26,0.285,0.494,0.339,72.4,29.4,32.0,90.8,12.5,39.1,10.9,45.8,67.7,14.0,30.3,40.7,86.0,22.1,49.2,64.3,42.3,23.9,28.4,5.4,Pfaadt, Brandon
607536,2023,30,0.29,0.52,0.36,72.6,32.6,8.0,90.2,14.3,35.0,8.7,43.5,71.6,10.4,29.0,35.0,89.6,17.2,51.0,65.3,40.9,29.6,24.4,5.0,Freeland, Kyle
456501,2023,37,0.251,0.493,0.362,71.8,22.0,2.0,88.2,16.9,37.3,10.6,36.6,73.1,15.9,33.5,26.0,84.1,19.3,52.4,65.6,34.2,34.8,23.6,7.5,Cueto, Johnny
664353,2023,28,0.254,0.429,0.34,71.8,25.2,3.0,86.6,17.4,37.9,8.9,34.0,72.0,20.1,33.3,34.4,79.9,25.0,51.4,57.8,36.5,27.1,24.1,12.3,Urquidy, José
671922,2024,25,0.189,0.306,0.235,71.0,18.0,11.0,90.4,11.8,39.2,8.4,42.8,67.3,24.7,27.6,47.5,75.3,30.2,49.9,63.3,44.6,21.7,25.3,8.4,Smith, Cade
623437,2025,34,0.282,0.4,0.311,71.7,23.1,5.0,89.3,7.7,35.0,5.6,44.7,62.7,10.7,29.8,35.8,89.3,18.1,47.2,66.2,47.7,17.8,27.9,6.6,Topa, Justin
670955,2025,27,0.219,0.395,0.3,72.7,30.7,13.0,88.6,17.2,39.3,9.3,36.6,73.1,28.6,33.3,50.5,71.4,35.6,53.0,63.8,32.8,34.4,24.6,8.2,Uceta, Edwin
661395,2025,27,0.21,0.297,0.248,71.6,22.9,15.0,89.4,-2.4,22.2,4.3,41.6,72.7,19.8,32.8,56.4,80.2,30.8,53.2,58.1,65.4,15.1,17.8,1.6,Duran, Jhoan
682227,2023,25,0.26,0.449,0.321,72.0,26.6,4.0,90.1,17.2,35.8,8.2,41.2,67.3,17.2,25.2,35.8,82.8,22.1,46.6,59.9,37.8,28.4,25.6,8.2,Williamson, Brandon
518489,2023,35,0.227,0.348,0.248,70.6,19.7,7.0,89.5,12.8,31.3,3.8,42.5,70.7,17.6,31.9,41.7,82.4,25.1,51.2,64.3,44.4,23.8,23.8,8.1,Brasier, Ryan
661309,2023,26,0.274,0.452,0.341,72.2,25.6,7.0,88.6,13.7,42.4,10.0,37.6,67.8,15.0,26.6,40.4,85.0,23.1,45.5,52.7,38.2,24.7,30.6,6.5,Martinez, Adrián
477132,2023,35,0.228,0.393,0.28,73.0,34.4,3.0,89.0,11.8,34.7,9.0,39.1,69.4,18.0,30.7,49.8,82.0,28.1,49.6,68.3,47.8,23.3,21.9,7.0,Kershaw, Clayton
621381,2025,33,0.197,0.33,0.267,71.5,24.1,10.0,89.4,29.4,33.5,4.3,38.4,68.7,17.1,33.3,40.1,82.9,23.8,52.4,63.7,23.8,36.0,25.0,15.2,Strahm, Matt
656876,2025,29,0.236,0.375,0.269,72.1,27.1,20.0,90.6,10.1,29.6,6.3,43.3,66.0,15.1,28.6,41.1,84.9,22.2,48.6,67.4,49.5,23.1,20.9,6.5,Rasmussen, Drew
607074,2024,31,0.224,0.429,0.32,71.9,25.4,34.0,90.4,18.1,34.6,11.0,40.9,70.7,19.9,30.7,50.6,80.1,30.1,49.4,58.3,34.6,35.4,21.9,8.0,Rodón, Carlos
682243,2025,26,0.274,0.463,0.349,71.8,25.8,4.0,92.4,16.8,34.3,9.3,48.6,73.8,18.6,25.7,41.8,81.4,24.2,50.9,61.7,39.3,25.7,25.7,9.3,Miller, Bryce
683003,2024,22,0.229,0.41,0.314,71.7,22.4,19.0,89.6,14.5,36.9,9.8,44.5,70.9,22.7,30.4,49.5,77.3,30.2,51.6,62.5,39.0,28.7,24.4,7.9,Jones, Jared
641482,2024,29,0.234,0.407,0.307,71.9,26.3,18.0,89.7,22.4,35.0,7.9,43.6,73.0,20.1,27.4,35.6,79.9,24.2,50.4,58.9,31.9,32.1,24.0,12.1,Cortes, Nestor
663362,2024,27,0.244,0.413,0.323,71.5,22.7,15.0,88.1,16.4,33.9,7.0,35.0,64.9,16.3,25.1,32.8,83.7,20.8,45.3,62.9,39.1,28.9,22.5,9.5,Waldron, Matt
605135,2024,35,0.254,0.407,0.331,71.2,19.6,14.0,87.8,14.3,36.3,7.5,37.1,65.4,17.0,24.6,34.2,83.0,21.7,45.0,62.4,40.9,25.0,26.8,7.3,Bassitt, Chris
606149,2023,31,0.247,0.453,0.322,70.5,12.4,2.0,90.5,16.3,38.6,10.1,46.2,71.5,22.3,35.1,60.5,77.7,36.2,51.9,65.9,36.1,31.6,24.7,7.6,Gallegos, Giovanny
676680,2023,27,0.185,0.27,0.238,71.1,16.7,2.0,83.9,16.3,24.8,3.6,25.5,65.6,19.5,23.2,42.7,80.5,24.9,46.1,61.0,41.6,32.1,15.3,10.9,Cosgrove, Tom
656550,2024,28,0.237,0.397,0.287,71.7,22.9,17.0,88.7,13.9,35.9,6.7,38.5,73.2,18.0,35.1,61.9,82.0,32.4,54.0,64.9,44.1,27.2,22.6,6.2,Holmes, Grant
608337,2025,30,0.265,0.465,0.301,72.0,27.8,13.0,90.3,16.7,38.3,9.0,41.1,67.0,15.8,26.7,41.3,84.1,22.9,47.3,62.8,39.5,27.0,23.8,9.7,Giolito, Lucas
669022,2023,24,0.257,0.476,0.339,72.0,24.6,3.0,89.9,14.5,35.1,12.1,43.7,69.3,19.1,29.3,47.2,80.9,27.9,48.5,58.9,39.1,28.7,26.5,5.6,Gore, MacKenzie
676428,2025,26,0.227,0.327,0.303,71.1,19.4,16.0,87.7,9.7,32.2,3.5,36.8,61.5,17.8,26.6,45.3,82.2,26.0,44.2,60.9,50.9,19.9,24.0,5.3,Hurter, Brant
547943,2023,36,0.246,0.394,0.323,71.6,21.3,5.0,87.8,11.7,29.2,7.6,36.8,65.7,17.8,30.0,28.5,82.2,21.1,48.1,60.7,46.2,23.4,24.0,6.4,Ryu, Hyun Jin
666214,2023,25,0.271,0.504,0.38,71.2,19.4,6.0,89.9,17.4,36.6,11.5,41.5,69.8,17.5,25.4,47.7,82.5,25.5,47.8,62.2,36.9,29.1,24.2,9.8,Wentz, Joey
542888,2023,32,0.205,0.316,0.233,71.7,23.8,3.0,87.5,18.1,33.3,3.6,33.3,71.2,21.5,34.7,37.1,78.5,26.3,53.8,62.8,39.1,25.4,25.4,10.1,Armstrong, Shawn
608331,2025,31,0.233,0.358,0.272,71.9,24.4,21.0,87.2,6.9,29.6,6.9,37.2,66.6,18.5,27.6,45.9,81.5,26.6,46.9,60.3,52.6,21.2,20.1,6.0,Fried, Max
641703,2023,28,0.273,0.458,0.347,71.6,23.8,0.0,90.9,10.4,30.4,8.1,47.8,70.0,16.6,24.9,43.8,83.4,24.0,46.8,54.0,49.7,24.2,21.7,4.3,Honeywell, Brent
425844,2023,39,0.286,0.484,0.332,71.2,20.5,1.0,89.6,11.9,32.6,7.7,38.8,66.4,10.5,27.9,32.9,89.5,17.3,46.8,66.4,43.7,25.8,25.2,5.3,Greinke, Zack
664294,2023,27,0.183,0.334,0.267,71.6,22.3,0.0,86.7,13.3,36.0,8.1,33.1,65.5,24.7,23.9,57.8,75.3,33.6,44.5,58.2,40.4,24.3,24.3,11.0,Moreta, Dauri
446372,2023,37,0.268,0.547,0.407,,,,89.0,19.4,40.0,12.1,40.5,69.3,13.7,30.2,35.9,86.3,20.9,48.9,66.1,30.5,34.2,24.7,10.5,Kluber, Corey
663436,2024,27,0.224,0.378,0.324,71.7,22.8,13.0,87.9,11.9,26.2,7.6,37.9,69.2,15.9,29.5,51.1,84.1,27.0,48.5,63.2,46.9,26.9,17.9,8.3,Martin, Davis
628452,2023,33,0.219,0.376,0.285,71.4,23.2,4.0,88.8,12.5,35.8,6.8,37.8,73.4,22.4,35.4,51.9,77.6,32.7,53.4,66.1,43.2,27.7,23.0,6.1,Iglesias, Raisel
621242,2025,31,0.17,0.264,0.234,71.4,23.4,12.0,88.5,11.3,32.8,4.6,39.7,65.9,31.5,30.5,61.9,68.5,41.5,47.6,55.4,48.1,23.7,23.7,4.6,Díaz, Edwin
680767,2025,25,0.233,0.394,0.308,71.9,28.8,6.0,91.0,4.1,31.4,8.6,48.6,68.0,17.7,22.7,49.5,82.3,26.5,44.0,56.1,54.3,22.1,21.4,2.1,Vodnik, Victor
663738,2023,26,0.265,0.467,0.312,72.9,28.1,0.0,88.2,18.7,29.7,7.6,32.0,70.0,15.1,29.2,45.5,84.9,24.6,48.8,64.1,39.5,32.6,16.9,11.0,Lynch IV, Daniel
683155,2024,22,0.243,0.468,0.333,72.0,27.0,13.0,89.5,25.4,37.2,9.7,39.6,75.6,15.1,29.8,32.5,84.9,19.2,55.5,66.4,24.9,35.0,25.8,14.3,Estes, Joey
656412,2023,27,0.222,0.419,0.287,71.5,22.1,4.0,88.8,18.2,34.4,7.7,33.9,66.1,14.5,28.2,45.8,85.5,23.5,47.7,66.4,36.1,30.6,23.0,10.4,Faedo, Alex
518876,2025,36,0.25,0.431,0.288,72.7,33.1,33.0,90.2,13.8,32.4,9.2,43.5,67.1,14.8,32.8,41.6,85.2,24.1,49.3,64.8,43.7,25.8,22.8,7.7,Kelly, Merrill
607481,2025,31,0.267,0.372,0.31,71.0,20.6,12.0,89.7,2.9,33.3,3.2,39.1,58.3,11.5,29.2,43.7,88.5,22.9,43.1,56.2,55.8,16.0,27.6,0.6,Bummer, Aaron
657240,2023,31,0.21,0.351,0.291,69.9,12.6,10.0,89.8,14.5,32.1,7.1,40.5,66.4,21.1,30.0,63.2,78.9,35.1,47.3,65.7,41.7,29.8,22.0,6.5,Merryweather, Julian
660825,2025,29,0.206,0.359,0.252,71.5,21.7,6.0,88.5,15.1,32.7,9.4,37.1,58.2,15.0,23.2,33.9,85.0,19.4,42.9,65.6,38.6,30.7,23.3,7.4,Bazardo, Eduard
656271,2025,28,0.249,0.394,0.308,71.7,23.9,3.0,89.0,8.4,31.0,7.1,40.8,72.9,18.9,27.2,37.9,81.1,23.4,52.4,61.8,53.3,24.5,18.5,3.8,Burke, Brock
572020,2024,35,0.253,0.416,0.324,71.4,21.1,14.0,90.5,16.0,32.6,8.0,43.1,69.3,12.5,25.8,43.3,87.5,21.1,47.2,63.6,39.0,29.1,23.3,8.6,Paxton, James
656302,2024,28,0.209,0.367,0.266,71.3,22.8,34.0,89.0,14.1,32.4,8.5,38.6,68.5,22.1,30.5,52.4,77.9,32.4,48.2,59.8,40.3,30.7,22.4,6.6,Cease, Dylan
621112,2024,30,0.264,0.439,0.329,71.9,26.1,7.0,87.6,11.0,38.2,8.2,35.6,70.7,15.8,27.8,40.6,84.2,23.5,47.8,58.9,45.9,20.6,27.0,6.4,Blackburn, Paul
674072,2023,25,0.244,0.414,0.324,73.0,31.6,2.0,87.9,16.8,33.8,7.6,32.4,68.1,15.4,30.8,36.5,84.6,22.3,48.7,57.0,36.7,29.5,24.5,9.4,Henry, Tommy
628317,2023,35,0.228,0.411,0.309,72.1,26.4,8.0,90.4,18.3,38.9,8.2,42.1,67.5,17.7,31.2,49.1,82.3,28.2,48.5,61.4,33.6,33.6,26.1,6.8,Maeda, Kenta
806188,2025,27,0.245,0.348,0.279,71.8,25.7,10.0,87.9,7.2,31.3,5.6,37.5,58.2,13.2,27.5,40.6,86.8,22.3,42.5,56.6,51.9,17.5,26.3,4.4,Gibson, Cade
686973,2023,25,0.246,0.479,0.335,70.2,15.9,1.0,91.0,12.1,32.0,10.8,43.8,73.5,19.4,29.5,45.8,80.6,25.9,53.8,70.0,45.4,30.9,19.6,4.1,Varland, Louis
676962,2025,25,0.254,0.451,0.345,71.9,26.6,31.0,92.4,12.7,36.8,11.4,47.3,65.2,15.3,28.7,60.8,84.7,28.3,47.9,65.5,42.9,26.7,24.8,5.7,Brown, Ben
694363,2024,25,0.265,0.428,0.324,71.2,19.6,10.0,87.5,17.6,37.9,7.3,31.9,72.4,15.5,25.7,42.7,84.5,23.4,47.3,57.3,35.3,26.7,27.6,10.3,Shuster, Jared
666142,2023,25,0.21,0.333,0.266,71.9,22.8,10.0,87.8,10.6,31.8,6.4,36.9,71.2,23.4,28.4,49.3,76.6,31.0,49.4,59.3,44.5,26.3,24.2,5.1,Ragans, Cole
450203,2024,40,0.242,0.415,0.335,71.6,23.5,22.0,88.7,9.0,33.0,9.3,38.4,66.3,16.1,28.0,48.5,83.9,26.1,46.6,59.5,47.2,23.3,25.5,4.0,Morton, Charlie
663158,2024,33,0.216,0.366,0.262,70.6,16.2,4.0,89.0,16.0,30.6,7.7,40.4,77.4,21.9,30.9,31.0,78.1,24.3,55.6,63.6,42.1,26.8,20.8,10.4,Suarez, Robert
680730,2025,25,0.297,0.507,0.342,72.1,26.9,27.0,92.3,14.7,37.5,9.6,50.0,70.3,12.4,29.1,39.7,87.6,19.6,51.2,61.9,37.7,27.9,27.5,7.0,Parker, Mitchell
543243,2025,35,0.25,0.417,0.314,72.6,29.4,42.0,88.9,11.0,34.8,9.8,40.7,63.2,14.4,31.2,54.8,85.6,27.5,47.4,64.5,45.1,23.2,24.4,7.3,Gray, Sonny
471911,2024,37,0.257,0.443,0.36,72.1,27.2,13.0,89.3,10.8,35.3,8.1,38.8,69.2,11.4,31.3,43.9,88.6,22.7,48.7,62.6,45.9,24.7,23.4,5.9,Carrasco, Carlos
543135,2024,34,0.244,0.398,0.291,71.5,21.9,13.0,89.3,8.8,33.5,7.7,42.6,70.3,19.4,32.3,44.5,80.6,26.8,52.2,65.7,48.9,24.5,22.7,4.0,Eovaldi, Nathan
670174,2023,25,0.24,0.373,0.319,70.6,15.7,6.0,89.4,8.7,30.3,6.4,41.0,69.5,17.5,29.7,46.2,82.5,26.2,49.4,62.5,51.4,17.9,23.5,7.2,Winckowski, Josh
678394,2023,24,0.251,0.415,0.334,71.8,24.6,8.0,89.5,4.9,28.0,7.0,44.3,69.1,16.7,29.5,40.9,83.3,24.4,48.4,64.5,56.3,20.4,19.2,4.1,Bello, Brayan
642232,2023,31,0.266,0.44,0.317,70.6,20.7,3.0,85.4,16.7,32.6,6.6,29.2,67.4,17.1,33.7,35.4,82.9,22.8,51.5,67.6,39.9,26.7,23.3,10.1,Yarbrough, Ryan
682243,2023,24,0.264,0.474,0.309,72.2,23.3,7.0,90.7,17.8,38.7,10.9,42.1,73.6,19.0,28.6,40.2,81.0,24.3,52.8,65.9,34.5,29.6,28.3,7.5,Miller, Bryce
669947,2023,29,0.268,0.453,0.349,71.7,26.3,5.0,89.3,14.1,35.5,8.0,37.6,67.4,14.4,26.2,34.8,85.6,20.8,45.2,65.2,41.1,28.6,24.4,5.9,Scholtens, Jesse
663978,2025,29,0.274,0.488,0.336,71.6,24.0,18.0,90.7,16.3,35.9,10.2,45.6,71.1,15.3,31.7,32.5,84.7,20.7,51.3,65.8,37.5,28.2,24.5,9.8,Paddack, Chris
668909,2023,23,0.241,0.385,0.299,71.1,17.2,9.0,88.0,14.6,34.1,5.4,38.6,68.1,23.1,26.6,39.9,76.9,27.8,47.5,63.2,38.6,26.5,28.7,6.3,Williams, Gavin
472610,2024,37,0.234,0.385,0.314,71.6,22.9,9.0,88.7,6.3,33.9,7.1,39.3,67.4,12.3,33.1,46.1,87.7,24.0,49.7,59.7,50.3,22.4,21.9,5.5,García, Luis
571927,2023,32,0.25,0.386,0.316,70.9,15.0,2.0,89.1,11.8,31.3,4.7,38.0,66.3,19.0,27.8,41.6,81.0,25.3,47.8,61.2,45.9,23.7,24.4,6.0,Matz, Steven
661395,2023,25,0.182,0.289,0.271,69.9,14.9,5.0,89.2,-3.7,21.1,7.0,38.0,72.8,26.0,30.2,57.8,74.0,35.4,51.4,59.9,66.2,15.5,14.8,3.5,Duran, Jhoan
573124,2023,32,0.205,0.358,0.292,71.9,22.5,3.0,89.7,15.9,25.8,9.7,45.2,55.6,18.5,27.7,43.5,81.5,26.7,41.7,66.7,43.5,25.8,18.5,12.1,Rogers, Taylor
671096,2025,26,0.233,0.385,0.288,72.2,27.4,22.0,87.8,19.3,34.8,8.0,33.7,69.0,18.2,30.2,37.6,81.8,24.0,50.0,63.5,32.9,32.9,23.5,10.6,Abbott, Andrew
673929,2025,26,0.19,0.348,0.312,71.6,22.9,10.0,89.1,24.3,36.9,10.8,37.6,71.3,21.0,29.2,55.1,79.0,31.9,48.8,58.4,28.7,31.8,24.8,14.6,Leasure, Jordan
615698,2025,30,0.281,0.517,0.367,72.4,29.0,21.0,90.4,16.9,39.4,12.4,44.3,66.0,12.7,28.6,36.4,87.3,20.2,46.7,61.6,34.3,30.9,28.1,6.7,Quantrill, Cal
676254,2023,27,0.209,0.316,0.328,70.4,16.5,5.0,85.1,10.9,32.7,4.4,26.4,59.6,22.6,32.4,48.1,77.4,32.0,45.5,58.2,44.0,27.0,22.6,6.3,Walker, Ryan
660813,2023,24,0.244,0.335,0.245,70.7,13.6,2.0,87.0,1.9,24.2,4.6,32.5,67.2,10.8,30.7,31.8,89.2,16.6,50.7,66.1,66.0,16.0,13.4,4.6,Graterol, Brusdar
519293,2023,33,0.226,0.379,0.262,70.9,18.7,9.0,88.2,20.4,39.0,7.8,38.3,69.2,18.7,33.7,47.7,81.3,28.9,50.5,65.8,30.5,33.1,27.3,9.1,Smith, Will
682052,2025,27,0.211,0.37,0.317,71.6,23.0,10.0,86.9,21.8,39.0,6.6,33.2,64.9,22.4,28.4,40.2,77.6,28.3,45.6,66.2,28.6,33.6,27.4,10.4,Lopez, Jacob
605154,2024,34,0.26,0.451,0.337,70.5,15.6,8.0,88.8,19.7,39.9,10.5,37.3,68.7,20.1,32.0,36.4,79.9,25.5,49.7,67.8,29.4,33.3,29.4,7.8,Brebbia, John
700249,2024,24,0.229,0.411,0.339,71.4,19.2,7.0,88.4,17.8,32.5,8.9,36.6,67.1,16.5,26.1,38.1,83.5,22.3,47.2,61.9,35.4,32.5,22.8,9.3,Povich, Cade
676508,2025,26,0.24,0.393,0.312,71.1,22.0,12.0,87.5,19.5,31.9,7.1,31.9,68.9,18.7,29.5,49.5,81.3,27.6,49.7,56.8,34.0,31.5,24.8,9.7,Casparius, Ben
622554,2025,30,0.198,0.297,0.28,71.3,22.5,10.0,87.5,13.4,34.7,6.9,36.8,65.6,21.4,27.8,55.9,78.6,33.3,44.6,54.2,43.1,21.5,24.3,11.1,Domínguez, Seranthony
681347,2025,25,0.248,0.425,0.305,72.0,25.2,9.0,89.2,13.8,33.1,10.8,42.0,67.6,19.9,27.6,46.3,80.1,27.0,48.7,63.2,41.3,25.3,26.8,6.7,Burrows, Mike
622098,2023,29,0.221,0.398,0.341,72.0,26.7,3.0,89.5,22.7,38.0,10.7,39.3,71.3,22.2,26.2,34.6,77.8,26.0,46.5,57.4,30.7,37.3,22.0,10.0,Smith, Drew
621107,2024,30,0.248,0.417,0.297,71.5,22.2,22.0,88.1,13.3,30.0,7.5,36.1,65.6,14.4,32.5,37.8,85.6,21.6,50.0,66.5,43.4,26.4,22.6,7.6,Eflin, Zach
641793,2025,29,0.255,0.459,0.311,72.3,28.7,15.0,90.2,14.6,32.7,9.9,40.9,69.6,14.0,30.8,37.5,85.9,20.4,51.8,63.4,40.7,27.8,23.3,8.2,Littell, Zack
657376,2024,28,0.224,0.359,0.296,71.7,27.0,6.0,89.1,16.0,31.7,5.9,38.0,63.1,22.1,27.2,44.7,77.9,29.4,44.2,62.3,40.7,27.6,23.1,8.6,Schmidt, Clarke
674370,2023,27,0.273,0.384,0.326,71.9,21.4,3.0,87.5,17.4,37.1,4.4,37.1,63.1,16.7,27.3,36.2,83.3,22.7,45.0,61.9,35.8,22.6,31.4,10.1,Bido, Osvaldo
676130,2025,27,0.249,0.417,0.318,71.4,19.5,9.0,90.1,8.6,29.8,9.4,39.8,70.4,18.5,29.3,48.1,81.5,28.8,47.2,61.0,48.2,23.6,23.0,5.2,Buttó, José
656986,2025,30,0.199,0.335,0.261,72.2,27.3,11.0,89.1,15.9,32.8,8.0,36.8,68.5,21.2,36.8,67.2,78.8,36.8,53.0,58.8,39.2,28.0,24.0,8.8,Sousa, Bennett
657514,2023,31,0.24,0.38,0.313,71.4,20.4,0.0,89.0,7.7,35.1,6.7,32.8,59.9,18.0,18.5,50.0,82.0,24.7,40.7,53.7,49.3,16.4,27.6,6.7,Bernardino, Brennan
666745,2023,25,0.247,0.44,0.318,71.4,21.0,3.0,88.6,14.1,30.6,9.0,36.9,67.0,18.0,29.5,30.0,82.0,21.7,48.2,59.9,44.4,29.9,19.4,6.3,Brito, Jhony
658648,2023,26,0.235,0.347,0.304,71.3,20.1,7.0,88.5,2.8,26.5,4.4,41.9,66.2,19.7,28.1,47.4,80.3,28.9,45.7,61.4,60.3,15.4,22.1,2.2,Avila, Pedro
592836,2025,32,0.259,0.439,0.337,72.4,27.2,16.0,89.6,13.4,32.3,7.4,41.4,63.9,12.3,25.8,34.2,87.7,18.5,45.1,61.5,44.8,24.6,22.9,7.6,Walker, Taijuan
656756,2024,31,0.285,0.452,0.37,72.0,25.5,20.0,88.6,12.2,36.6,6.0,41.0,70.4,17.7,33.3,42.1,82.3,26.9,49.6,62.8,43.0,24.9,27.6,4.5,Montgomery, Jordan
676684,2025,30,0.217,0.315,0.277,70.8,19.4,12.0,88.8,6.1,24.7,4.3,41.4,66.1,18.1,29.9,45.9,81.9,26.7,48.0,65.0,58.1,18.3,18.8,4.8,Vest, Will
680573,2024,23,0.236,0.406,0.305,71.5,21.3,14.0,88.4,18.5,35.7,8.2,36.2,69.6,17.2,29.4,34.9,82.8,22.3,49.8,65.7,36.2,30.9,24.2,8.7,Woods Richardson, Simeon
669923,2024,26,0.232,0.403,0.287,71.1,19.2,36.0,89.0,14.8,30.5,8.1,36.3,73.2,17.9,31.9,39.3,82.1,24.1,53.4,66.3,42.8,26.6,21.3,9.3,Kirby, George
641729,2024,29,0.183,0.292,0.23,71.6,23.4,14.0,87.8,16.3,29.8,4.8,32.7,68.7,20.3,32.6,61.8,79.7,32.9,51.4,65.2,42.9,32.1,18.5,6.5,Jiménez, Joe
681190,2024,25,0.301,0.499,0.36,72.1,24.5,14.0,88.7,15.0,38.7,8.7,39.6,70.5,12.3,27.2,37.1,87.7,18.9,49.7,60.3,39.0,21.9,30.3,8.7,Vásquez, Randy
661563,2024,26,0.205,0.363,0.288,72.1,26.0,26.0,89.3,19.0,33.7,9.5,37.4,67.7,21.6,25.5,46.5,78.4,29.0,45.5,54.8,35.0,30.0,23.7,11.3,Gil, Luis
572020,2023,34,0.226,0.396,0.328,71.4,19.5,11.0,89.3,13.8,33.3,9.2,39.9,70.7,18.7,29.3,49.0,81.3,27.6,50.0,59.9,42.9,26.0,23.4,7.7,Paxton, James
622608,2025,30,0.319,0.545,0.406,71.3,23.2,16.0,90.9,10.4,36.4,9.2,46.0,69.9,11.3,23.2,38.8,88.7,18.1,46.7,61.0,44.4,24.5,27.6,3.5,Senzatela, Antonio
685126,2025,27,0.238,0.418,0.353,71.6,21.8,10.0,87.8,13.2,38.6,9.4,37.1,66.5,23.4,31.1,46.7,76.6,32.0,46.8,58.5,40.1,30.7,23.3,5.9,Eisert, Brandon
678368,2024,24,0.247,0.496,0.338,72.4,30.5,3.0,90.0,22.2,34.2,11.0,42.1,68.4,16.3,22.5,29.3,83.7,19.5,45.4,54.9,29.8,33.3,22.8,14.0,Bellozo, Valente
666142,2024,26,0.213,0.344,0.277,71.6,22.8,17.0,88.3,15.2,31.8,6.2,35.4,69.7,24.3,29.8,48.7,75.7,32.0,48.9,58.7,41.4,27.3,23.6,7.7,Ragans, Cole
663460,2025,27,0.221,0.333,0.277,72.0,26.9,18.0,87.6,11.6,32.1,6.6,39.3,64.8,20.4,32.4,47.1,79.6,28.8,49.2,62.2,46.5,19.8,25.8,7.9,Bubic, Kris
675627,2023,26,0.269,0.472,0.363,73.0,31.4,6.0,90.0,12.6,40.6,9.2,42.0,66.8,14.9,31.5,54.2,85.1,27.2,49.5,61.3,39.6,23.7,30.0,6.8,Grove, Michael
677944,2024,25,0.252,0.461,0.366,71.2,20.6,4.0,89.0,17.9,36.0,10.3,36.4,68.0,15.2,24.7,35.0,84.8,19.6,49.0,68.8,33.6,35.6,23.7,7.1,Cecconi, Slade
621051,2023,28,0.179,0.347,0.289,72.1,26.6,1.0,87.2,27.7,28.8,8.3,33.3,67.1,21.4,22.3,42.1,78.6,26.7,44.2,58.3,25.8,34.1,19.7,20.5,Wilson, Steven
668678,2023,27,0.25,0.435,0.289,72.1,26.9,11.0,91.5,12.3,36.4,9.2,46.2,65.2,14.9,30.0,50.3,85.1,26.4,47.2,66.1,42.3,26.5,27.0,4.2,Gallen, Zac
608032,2025,32,0.228,0.404,0.255,72.2,29.5,7.0,89.1,23.4,35.4,10.6,38.1,70.3,14.9,23.0,34.9,85.1,19.0,49.4,65.5,25.4,30.2,29.6,14.8,Estévez, Carlos
601713,2024,31,0.217,0.412,0.306,71.4,21.8,20.0,89.4,19.4,38.9,10.1,38.9,69.0,15.4,30.0,50.9,84.6,25.6,50.3,68.4,33.4,32.1,25.1,9.3,Pivetta, Nick
622065,2023,29,0.244,0.402,0.324,71.6,22.6,1.0,90.2,12.4,28.5,6.1,44.2,68.0,16.7,35.5,53.7,83.3,30.3,50.9,61.9,49.7,19.4,22.4,8.5,Young, Alex
676440,2023,24,0.232,0.383,0.285,71.7,24.3,14.0,88.9,16.6,37.8,6.1,38.1,67.4,19.9,27.4,41.8,80.1,26.3,47.2,62.1,37.3,28.4,26.1,8.1,Bibee, Tanner
668881,2023,23,0.213,0.389,0.349,70.7,16.8,7.0,90.1,17.4,34.1,9.0,44.1,70.3,22.6,29.3,48.7,77.4,30.7,49.2,64.5,35.9,35.5,22.1,6.6,Greene, Hunter
663568,2025,28,0.261,0.407,0.28,72.0,26.2,9.0,91.1,7.4,32.9,6.1,48.0,66.0,10.4,26.2,37.6,89.6,17.7,46.8,63.1,51.7,22.3,22.5,3.5,Kolek, Stephen
691587,2025,22,0.203,0.366,0.275,71.9,24.9,16.0,90.5,22.3,31.8,9.0,46.5,71.0,20.6,28.4,48.9,79.4,28.4,50.3,58.7,31.4,37.1,21.2,10.2,Pérez, Eury
656557,2024,28,0.256,0.394,0.276,71.5,22.5,17.0,89.4,3.8,30.2,5.7,41.8,62.7,14.1,31.2,39.6,85.9,22.6,46.8,64.9,55.5,17.4,23.7,3.4,Houck, Tanner
628452,2025,35,0.211,0.376,0.266,71.8,24.5,8.0,89.0,20.4,38.9,8.6,34.9,69.1,23.5,32.7,48.0,76.5,30.9,51.8,62.3,32.0,33.1,24.6,10.3,Iglesias, Raisel
694819,2025,23,0.202,0.345,0.298,71.8,22.9,16.0,89.0,15.9,40.8,7.9,37.5,67.5,21.4,28.6,53.0,78.6,29.7,49.8,58.1,34.9,28.3,30.3,6.6,Misiorowski, Jacob
681857,2025,25,0.244,0.391,0.287,71.1,21.1,20.0,91.5,12.0,36.8,7.4,44.7,62.5,14.8,30.4,53.5,85.2,29.7,44.4,61.4,43.2,28.4,24.2,4.2,Olson, Reese
607200,2024,31,0.242,0.404,0.293,71.6,23.1,15.0,88.6,14.9,32.4,7.6,37.7,68.4,15.3,24.5,37.8,84.7,21.6,45.5,64.7,41.7,27.4,22.3,8.5,Fedde, Erick
675540,2023,24,0.271,0.474,0.326,71.9,23.3,6.0,91.7,19.6,38.4,7.5,45.2,70.4,17.1,24.2,33.3,82.9,20.8,48.9,61.1,31.8,34.1,25.6,8.5,Curry, Xzavion
621121,2025,31,0.242,0.428,0.376,72.2,27.9,11.0,90.5,12.1,33.7,11.4,50.0,61.7,14.8,20.2,53.7,85.2,25.1,40.0,54.4,47.6,25.9,19.9,6.6,McCullers Jr., Lance
700241,2025,24,0.274,0.457,0.318,71.4,21.0,7.0,90.5,9.0,33.2,8.8,40.1,65.6,12.8,25.3,36.5,87.2,19.2,45.9,60.5,48.0,24.1,24.1,3.8,McGreevy, Michael
666214,2024,26,0.22,0.353,0.317,71.1,22.9,12.0,88.1,15.5,33.0,7.2,36.1,68.1,18.9,29.6,50.3,81.1,29.6,47.1,59.7,41.8,25.3,23.7,9.3,Wentz, Joey
500779,2024,35,0.254,0.414,0.312,71.8,25.7,22.0,88.0,10.7,32.9,6.7,38.2,64.5,12.0,28.0,38.6,88.0,22.2,43.1,63.0,48.2,24.0,22.2,5.5,Quintana, Jose
665795,2023,25,0.196,0.331,0.315,71.8,24.4,12.0,87.6,7.6,24.0,6.9,35.4,60.9,17.1,30.5,50.3,82.9,30.9,43.1,54.4,55.7,22.0,15.4,6.9,Cabrera, Edward
596112,2023,30,0.179,0.363,0.243,71.2,19.2,8.0,87.0,19.4,31.5,13.0,32.4,68.1,29.0,41.3,71.6,71.0,46.6,53.7,68.3,34.3,31.5,21.3,13.0,Stephenson, Robert
650644,2024,29,0.242,0.408,0.327,71.6,22.7,13.0,89.4,17.2,36.5,7.3,39.4,64.4,13.3,27.6,40.1,86.7,21.9,45.2,63.7,35.9,29.3,26.6,8.3,Civale, Aaron
672578,2023,26,0.249,0.438,0.319,71.5,22.4,6.0,90.2,17.7,40.3,9.9,44.5,74.4,22.5,30.0,49.2,77.5,30.4,51.8,59.0,33.0,31.9,28.8,6.3,Hernández, Carlos
642207,2025,30,0.192,0.315,0.271,72.0,25.8,4.0,89.5,11.3,32.1,9.3,35.7,67.6,31.7,34.9,47.6,68.3,37.7,50.0,58.7,45.0,25.7,22.1,7.1,Williams, Devin
657649,2024,30,0.225,0.373,0.273,71.8,24.8,4.0,87.5,10.5,28.2,8.0,35.6,63.6,17.4,27.0,37.2,82.6,22.4,47.5,66.0,47.7,24.7,19.5,8.0,Koenig, Jared
684320,2025,28,0.227,0.385,0.281,71.4,22.0,11.0,86.4,15.8,39.6,9.4,35.9,67.5,20.8,26.8,41.9,79.2,27.5,45.6,54.2,40.6,25.0,25.5,8.9,Rodríguez, Yariel
622554,2024,29,0.208,0.414,0.312,71.5,23.0,9.0,86.9,16.3,35.4,12.2,32.9,68.7,17.0,26.1,51.1,83.0,26.4,47.4,58.8,36.0,31.1,22.0,11.0,Domínguez, Seranthony
621383,2024,32,0.229,0.35,0.293,70.8,17.7,9.0,87.5,10.8,30.2,6.3,34.1,69.4,18.8,26.8,45.2,81.2,26.1,48.2,65.7,49.3,24.9,22.0,3.9,Banks, Tanner
657585,2024,31,0.2,0.312,0.31,71.4,26.3,9.0,87.5,13.5,28.0,5.3,37.1,64.1,24.0,32.8,56.7,76.0,37.6,45.9,62.2,44.7,24.2,21.2,9.8,Garrett, Reed
678024,2025,25,0.227,0.368,0.284,71.2,17.0,12.0,89.3,8.4,30.4,7.1,38.2,62.4,15.9,22.9,45.8,84.1,24.0,42.5,51.4,50.7,23.2,20.7,5.4,Vasil, Mike
675911,2025,26,0.253,0.455,0.344,71.6,23.0,29.0,91.3,14.8,39.5,10.6,42.7,69.4,17.6,28.9,57.8,82.4,30.6,47.6,59.2,37.5,31.5,26.1,4.9,Strider, Spencer
647336,2025,27,0.209,0.351,0.302,71.8,23.6,16.0,89.2,14.3,27.5,6.7,40.4,62.9,15.5,25.7,46.7,84.5,23.7,45.5,59.1,44.2,29.2,17.9,8.8,Soroka, Michael
668338,2024,28,0.217,0.396,0.242,71.3,22.4,6.0,88.2,20.3,33.3,7.9,34.5,72.4,21.5,31.8,37.8,78.5,26.5,52.1,56.2,30.9,36.4,23.0,9.7,Miller, Tyson
605288,2025,32,0.255,0.388,0.312,72.4,26.6,14.0,90.2,9.3,30.3,6.1,47.6,69.1,11.1,29.0,35.7,88.9,18.1,49.6,61.6,48.9,20.8,23.7,6.6,Houser, Adrian
686752,2025,27,0.226,0.401,0.306,72.1,27.2,20.0,90.1,15.9,36.6,9.7,42.5,69.7,20.2,28.6,41.3,79.8,26.0,50.1,61.1,38.7,29.7,24.3,7.2,Pepiot, Ryan
689254,2025,23,0.205,0.35,0.271,71.4,21.3,11.0,86.6,16.3,30.1,7.5,33.1,66.2,21.0,28.1,55.6,79.0,31.9,46.3,58.8,42.1,30.1,18.0,9.8,Fluharty, Mason
680732,2025,25,0.246,0.457,0.34,71.6,23.5,21.0,89.6,17.5,39.4,10.4,42.7,66.7,18.2,26.9,42.5,81.8,25.1,46.9,56.7,36.1,32.1,25.2,6.6,Burke, Sean
605288,2023,30,0.258,0.416,0.318,72.7,31.2,4.0,90.5,11.2,30.9,7.1,46.3,64.0,13.2,26.5,32.0,86.8,18.7,45.2,60.7,47.1,27.1,20.6,5.1,Houser, Adrian
500779,2023,34,0.273,0.43,0.297,72.5,29.4,7.0,88.1,11.9,36.8,5.1,32.5,65.7,12.4,30.2,37.0,87.6,21.6,45.5,64.6,41.9,26.5,26.5,5.1,Quintana, Jose
664854,2024,29,0.212,0.305,0.243,70.7,17.9,10.0,89.4,18.3,36.6,3.7,35.4,69.6,24.1,33.6,64.8,75.9,36.1,53.0,66.2,37.2,23.8,28.0,11.0,Helsley, Ryan
663567,2023,26,0.262,0.507,0.367,72.0,27.9,5.0,90.8,14.6,32.1,11.1,45.8,70.2,15.7,25.4,37.4,84.3,21.6,47.5,58.1,41.0,32.1,21.4,5.5,Lambert, Peter
548389,2023,33,0.287,0.507,0.348,71.7,20.5,4.0,89.5,10.8,39.6,10.2,41.3,70.1,20.5,26.1,32.4,79.5,23.7,48.2,68.0,44.4,23.5,28.0,4.1,Stripling, Ross
605452,2025,32,0.286,0.52,0.356,71.3,21.3,6.0,89.3,11.0,38.1,11.9,43.5,72.2,19.2,26.2,32.4,80.8,22.4,50.8,63.6,46.4,25.0,23.8,4.8,Ross, Joe
623211,2024,34,0.224,0.323,0.269,71.8,22.0,8.0,82.3,10.4,33.3,4.3,24.6,68.5,20.1,32.0,47.5,79.9,30.0,48.5,48.8,46.4,21.0,24.6,8.0,Brazobán, Huascar
547973,2024,36,0.165,0.289,0.289,71.0,19.2,7.0,90.5,11.2,31.0,7.1,41.3,62.1,23.7,26.4,53.1,76.3,32.3,44.5,58.3,44.4,30.2,19.8,5.6,Chapman, Aroldis
641778,2025,30,0.24,0.419,0.295,72.1,23.9,11.0,90.6,21.6,38.5,8.1,41.9,67.8,17.3,26.4,42.9,82.7,23.7,48.7,67.4,29.7,34.8,26.4,9.1,Lauer, Eric
606303,2023,29,0.224,0.345,0.272,70.9,17.6,1.0,87.8,13.8,34.2,4.8,33.7,62.7,19.8,25.7,43.5,80.2,26.9,43.8,64.0,47.6,22.5,21.4,8.6,Payamps, Joel
592094,2025,33,0.196,0.31,0.256,71.9,21.8,11.0,88.8,15.0,22.8,7.0,38.0,67.3,25.0,32.1,49.2,75.0,33.3,48.9,55.4,43.9,30.4,17.0,8.8,Adam, Jason
671737,2024,23,0.227,0.426,0.308,71.6,22.1,17.0,91.2,13.3,34.9,10.2,42.9,71.5,18.8,30.5,47.2,81.2,27.4,50.7,62.5,42.1,27.9,23.6,6.4,Bradley, Taj
518886,2023,35,0.186,0.339,0.269,70.9,22.2,4.0,90.1,18.3,40.1,10.5,46.7,63.5,25.2,29.2,52.6,74.8,33.1,47.3,62.8,34.2,32.2,27.6,5.9,Kimbrel, Craig
608379,2024,32,0.249,0.415,0.3,70.9,18.8,17.0,86.9,15.7,32.7,8.2,32.5,68.5,17.3,27.8,38.5,82.7,23.3,48.5,64.4,39.9,26.8,23.5,9.8,Wacha, Michael
681676,2024,26,0.219,0.327,0.291,71.5,23.9,14.0,89.0,10.4,35.6,7.2,33.9,70.5,19.0,29.9,55.1,81.0,31.5,47.9,58.9,43.9,23.3,27.8,5.0,Fernandez, Ryan
669459,2023,26,0.229,0.416,0.339,72.8,30.6,0.0,89.6,16.3,39.5,9.6,39.5,70.4,17.3,34.8,58.4,82.7,31.0,52.5,70.2,39.5,24.8,24.2,11.5,Nelson, Kyle
666157,2024,26,0.223,0.361,0.309,71.8,25.6,17.0,89.2,11.8,32.6,8.2,38.0,62.6,18.0,30.2,49.1,82.0,28.1,46.4,66.5,44.9,26.3,24.1,4.7,Lodolo, Nick
571670,2024,33,0.259,0.397,0.285,71.5,20.3,4.0,90.2,10.9,34.3,4.2,39.0,60.0,11.0,22.9,39.3,89.0,18.4,42.1,62.7,45.5,23.9,26.3,4.2,Floro, Dylan
690986,2024,22,0.255,0.444,0.33,71.4,22.6,9.0,90.7,14.9,34.2,10.1,44.1,65.8,17.5,25.7,39.7,82.5,23.6,46.2,57.1,40.8,29.9,22.7,6.6,Harrison, Kyle
663773,2023,26,0.265,0.488,0.347,72.1,24.3,1.0,90.5,10.5,35.3,9.4,44.2,63.0,13.4,27.4,38.8,86.6,21.9,43.8,64.9,45.1,30.4,23.2,1.3,Hoeing, Bryan
605513,2024,31,0.228,0.385,0.272,71.2,20.1,4.0,87.8,10.7,33.1,7.2,42.4,62.9,15.2,25.4,46.8,84.8,25.4,42.6,59.5,47.5,25.2,21.6,5.8,Turnbull, Spencer
661395,2024,26,0.207,0.291,0.292,70.5,18.7,8.0,87.0,-3.1,28.4,3.5,36.2,69.0,26.0,28.0,50.8,74.0,32.9,49.0,59.5,61.7,13.5,19.9,5.0,Duran, Jhoan
686799,2025,24,0.287,0.469,0.379,72.5,30.4,12.0,92.1,6.9,28.0,9.3,49.6,69.1,12.1,27.0,42.0,87.9,20.8,47.6,59.2,52.5,23.5,20.0,4.0,Kochanowicz, Jack
607200,2025,32,0.275,0.461,0.344,72.0,26.2,18.0,90.2,14.9,35.3,7.9,42.6,65.3,11.6,24.8,34.0,88.4,18.0,44.7,65.2,42.1,26.6,23.6,7.7,Fedde, Erick
571760,2025,34,0.284,0.492,0.357,72.1,27.6,9.0,90.2,15.1,37.7,10.2,43.6,65.1,14.6,29.0,32.5,85.4,19.9,47.5,60.1,37.9,27.4,28.2,6.5,Heaney, Andrew
643410,2024,33,0.222,0.352,0.308,72.1,27.5,10.0,88.8,11.3,33.1,8.3,40.0,63.6,23.2,34.6,58.6,76.8,38.3,46.8,62.7,46.2,20.7,25.5,7.6,Leiter Jr., Mark
605200,2023,30,0.28,0.457,0.36,72.4,28.3,2.0,89.7,11.0,35.2,8.0,42.4,61.2,13.0,24.1,39.9,87.0,22.0,40.3,56.5,44.3,24.6,26.1,4.9,Davies, Zach
621053,2024,30,0.209,0.374,0.262,71.3,20.9,7.0,88.2,17.3,31.9,8.4,38.7,65.5,22.4,28.5,37.8,77.6,26.8,47.9,62.9,37.8,31.1,21.8,9.2,Ferguson, Tyler
658648,2024,27,0.259,0.412,0.304,71.8,21.9,6.0,89.6,9.6,39.4,5.2,41.6,67.7,16.3,27.8,43.8,83.7,25.0,46.4,60.5,45.5,19.9,30.7,3.9,Avila, Pedro
668964,2024,25,0.248,0.422,0.297,71.8,23.3,15.0,89.8,16.4,36.4,8.0,38.7,69.8,15.4,28.7,36.1,84.6,21.3,49.6,67.1,37.7,25.2,28.4,8.7,Myers, Tobias
663947,2023,27,0.235,0.391,0.234,71.2,19.7,3.0,86.1,12.2,35.5,6.9,32.5,65.3,18.6,31.8,45.3,81.4,26.8,49.3,68.8,45.9,23.8,24.7,5.6,Holton, Tyler
572955,2024,33,0.221,0.375,0.302,71.5,24.5,9.0,89.4,11.7,33.8,8.5,39.4,61.0,18.8,27.5,50.8,81.2,28.1,45.1,61.7,45.8,26.8,22.5,4.9,Johnson, Pierce
672282,2023,23,0.25,0.401,0.321,72.0,24.1,6.0,89.8,15.8,37.2,6.2,41.4,69.2,20.1,27.6,45.6,79.9,27.1,48.8,61.5,37.2,27.5,29.3,6.0,Detmers, Reid
663903,2025,28,0.243,0.41,0.313,72.1,26.5,21.0,90.3,14.2,36.3,9.4,40.7,63.2,15.3,25.6,45.4,84.7,24.0,44.4,60.8,39.7,28.4,25.5,6.5,Singer, Brady
493603,2024,38,0.196,0.322,0.305,70.8,17.9,4.0,87.1,13.6,34.0,7.6,34.7,59.1,19.5,26.6,40.6,80.5,25.7,43.5,61.2,44.4,23.6,22.2,9.7,Ottavino, Adam
601713,2023,30,0.218,0.421,0.296,71.8,26.3,17.0,90.5,13.4,40.1,11.8,43.8,65.5,19.3,33.1,49.0,80.7,29.6,48.9,61.6,36.6,32.6,26.5,4.3,Pivetta, Nick
641540,2023,28,0.258,0.418,0.31,72.4,28.9,14.0,88.8,10.8,32.5,7.5,40.2,66.0,14.3,27.9,41.4,85.7,22.3,47.0,63.0,47.2,24.2,22.4,6.2,Dunning, Dane
669160,2025,27,0.261,0.451,0.342,72.3,28.9,11.0,90.6,12.5,34.9,9.2,44.5,63.6,13.4,25.6,37.5,86.6,20.0,45.3,59.6,42.7,26.2,25.7,5.3,May, Dustin
680736,2025,24,0.244,0.359,0.299,71.4,21.8,4.0,92.0,6.9,30.4,3.8,47.8,66.8,18.8,28.1,43.8,81.2,24.6,50.6,62.0,51.1,19.6,25.0,4.3,Wrobleski, Justin
663855,2023,26,0.207,0.311,0.296,71.1,20.8,5.0,86.7,-0.1,27.4,5.4,35.9,55.2,18.3,28.0,47.2,81.7,28.2,41.4,58.1,58.9,16.1,21.4,3.6,Hicks, Jordan
650633,2023,28,0.225,0.367,0.281,71.1,21.9,7.0,86.8,12.5,36.7,7.1,33.3,57.8,16.8,28.5,52.8,83.2,29.4,42.5,65.1,43.4,25.8,24.7,6.0,King, Michael
664854,2025,30,0.243,0.395,0.336,71.0,21.5,19.0,91.0,11.4,37.4,7.4,41.7,73.0,17.8,30.8,60.1,82.2,29.5,53.0,57.8,45.4,23.9,25.8,4.9,Helsley, Ryan
641360,2023,27,0.237,0.431,0.319,71.4,21.8,6.0,90.9,22.3,34.6,10.3,42.2,72.1,22.0,28.8,46.3,78.0,29.7,48.8,66.1,29.2,33.5,23.8,13.5,Bickford, Phil
664062,2023,29,0.268,0.513,0.312,72.1,30.0,4.0,90.2,16.2,35.9,11.4,41.8,71.3,12.9,30.4,39.1,87.1,21.5,49.4,65.3,36.3,31.0,24.2,8.5,Gonsolin, Tony
630023,2023,29,0.294,0.512,0.35,72.3,27.8,2.0,91.3,9.9,34.9,9.3,45.6,70.7,13.5,26.1,29.7,86.5,17.7,48.7,60.5,46.3,21.4,27.0,5.3,Chirinos, Yonny
665152,2025,29,0.238,0.413,0.305,71.7,25.6,18.0,88.1,15.2,32.8,8.5,35.8,67.6,16.3,30.1,38.3,83.7,22.9,49.4,65.7,40.2,28.4,23.7,7.7,Kremer, Dean
571946,2024,33,0.221,0.398,0.28,70.3,15.5,9.0,91.1,16.8,31.0,7.6,41.1,69.0,17.6,26.9,43.9,82.4,24.3,49.3,64.0,40.5,30.4,20.3,8.9,Miller, Shelby
673540,2023,30,0.222,0.369,0.282,71.8,26.0,10.0,89.0,12.8,31.5,6.8,40.6,66.9,17.5,27.5,54.3,82.5,29.7,45.2,56.9,44.0,24.9,21.8,9.3,Senga, Kodai
641755,2025,34,0.22,0.355,0.263,71.3,21.2,17.0,87.0,20.5,34.7,7.0,29.6,68.4,20.5,31.2,53.0,79.5,31.2,49.1,60.1,33.7,30.7,24.1,11.6,Kinley, Tyler
670059,2023,27,0.232,0.366,0.299,71.2,16.6,3.0,89.1,6.4,28.1,5.0,43.1,69.4,15.3,25.7,44.9,84.7,23.2,47.7,62.2,53.8,19.4,20.0,6.9,Holderman, Colin
677944,2025,26,0.268,0.49,0.319,71.3,20.0,16.0,91.7,13.8,37.2,12.2,49.1,67.0,15.5,22.7,46.5,84.5,22.5,46.5,65.3,41.4,28.2,24.2,6.2,Cecconi, Slade
573124,2025,34,0.231,0.406,0.329,71.4,21.6,8.0,90.1,13.1,34.5,9.9,44.4,59.6,13.5,26.2,49.5,86.5,23.2,44.3,61.8,41.5,22.5,26.8,9.2,Rogers, Taylor
656849,2023,27,0.26,0.43,0.357,72.4,31.9,14.0,90.0,5.3,34.4,8.1,44.5,66.7,19.1,29.3,48.4,80.9,29.5,45.9,56.7,55.2,17.2,23.1,4.5,Peterson, David
605400,2023,30,0.235,0.408,0.303,71.6,23.3,11.0,89.3,12.7,36.3,8.3,38.5,64.5,16.9,34.7,42.0,83.1,26.0,49.3,64.8,43.1,25.9,24.6,6.4,Nola, Aaron
607067,2023,32,0.25,0.435,0.313,71.7,22.7,9.0,90.4,13.0,34.5,7.7,43.3,67.8,16.7,27.5,42.5,83.3,24.0,47.9,64.6,44.1,26.3,22.7,6.8,Rea, Colin
502171,2023,35,0.273,0.446,0.325,72.0,24.7,6.0,89.8,1.3,33.1,7.0,43.4,61.3,12.8,30.5,37.3,87.2,21.7,44.9,65.9,57.8,16.3,24.2,1.7,Cobb, Alex
592791,2025,33,0.241,0.424,0.297,71.9,24.6,19.0,88.3,19.7,33.0,8.1,38.3,65.6,14.1,28.8,38.0,85.9,20.8,48.5,67.8,34.3,32.2,23.6,9.9,Taillon, Jameson
693821,2023,24,0.258,0.415,0.309,72.3,28.9,7.0,89.9,8.5,32.0,6.0,41.0,67.0,13.8,28.5,43.4,86.3,23.6,46.3,63.1,50.6,21.1,23.7,4.7,Elder, Bryce
628711,2023,26,0.245,0.444,0.328,72.7,34.2,6.0,87.2,17.8,31.2,8.7,34.5,65.4,17.3,31.7,40.2,82.7,24.2,49.5,64.5,37.5,30.0,21.9,10.5,Urías, Julio
694297,2023,24,0.249,0.463,0.362,72.0,25.6,7.0,90.1,18.2,37.2,11.7,44.0,67.3,17.2,29.1,45.5,82.8,25.0,49.3,63.9,32.6,33.9,25.2,8.4,Pfaadt, Brandon
608718,2023,33,0.228,0.32,0.294,70.9,19.9,2.0,84.0,11.9,28.7,3.3,26.3,64.2,14.2,26.1,40.3,85.8,22.2,44.3,62.7,46.9,23.9,19.6,9.6,Suter, Brent
607625,2023,33,0.256,0.447,0.306,71.9,23.8,14.0,90.7,9.9,34.6,9.6,44.2,64.8,14.5,25.9,42.2,85.5,21.9,46.3,63.1,45.4,24.2,26.4,4.0,Lugo, Seth
681517,2025,28,0.264,0.417,0.281,71.3,18.3,13.0,89.1,10.2,37.4,9.8,44.1,68.6,13.5,28.5,49.2,86.5,23.1,49.7,68.3,44.5,21.7,28.0,5.9,Leahy, Kyle
607192,2025,31,0.203,0.324,0.266,71.5,24.7,19.0,88.2,11.1,33.2,7.9,37.4,61.4,16.2,22.1,63.5,83.8,28.2,42.4,55.7,44.4,28.5,22.0,5.1,Glasnow, Tyler
667463,2024,29,0.251,0.388,0.28,71.4,20.0,6.0,88.5,1.2,27.2,6.2,36.9,69.1,10.9,31.4,32.6,89.1,17.5,50.6,70.6,61.5,16.4,20.0,2.1,King, John
571948,2023,32,0.212,0.349,0.251,70.7,18.6,1.0,86.6,10.1,33.1,6.2,35.4,56.4,16.2,29.6,28.5,83.8,20.6,42.5,65.5,50.0,20.8,21.9,7.3,Milner, Hoby
543859,2023,33,0.237,0.41,0.283,71.0,20.2,7.0,89.8,19.1,32.0,8.0,40.0,68.9,19.7,29.4,38.2,80.3,24.8,50.3,66.7,38.7,27.1,23.1,11.1,Tonkin, Michael
656222,2024,30,0.241,0.38,0.322,71.2,20.1,10.0,87.2,13.5,30.4,4.8,33.0,73.5,14.6,24.0,46.4,85.4,23.2,47.3,56.5,44.9,23.3,22.9,8.8,Beeks, Jalen
657508,2023,27,0.254,0.462,0.303,71.8,23.4,4.0,91.3,12.4,31.6,9.0,45.8,69.4,16.8,27.5,45.3,83.2,25.0,48.3,62.4,42.9,30.5,22.6,4.0,Baumann, Mike
541640,2023,33,0.288,0.494,0.372,71.9,27.0,2.0,89.7,10.0,37.4,8.4,43.5,73.6,14.3,26.2,39.0,85.7,20.2,51.5,63.9,43.9,27.1,26.2,2.8,Ramírez, Erasmo
548384,2023,35,0.209,0.327,0.289,71.6,19.8,3.0,85.8,15.7,31.3,4.9,29.2,61.6,17.5,28.3,50.7,82.5,29.3,43.4,63.9,43.1,26.4,20.1,10.4,Raley, Brooks
657571,2023,26,0.246,0.334,0.321,70.8,20.9,4.0,89.3,9.1,29.6,3.0,39.1,67.4,17.8,28.6,48.3,82.2,26.1,49.2,57.0,49.1,15.4,26.0,9.5,Ferguson, Caleb
592866,2024,32,0.216,0.357,0.248,72.1,25.7,4.0,89.4,13.4,31.7,6.6,39.3,68.0,16.2,28.4,35.6,83.8,22.5,46.7,60.0,44.8,27.9,21.9,5.5,Williams, Trevor
669060,2024,26,0.275,0.486,0.323,71.9,24.6,8.0,89.7,16.7,37.5,9.2,44.3,68.1,15.9,25.6,35.9,84.1,20.8,48.3,66.1,37.8,28.6,24.6,8.9,Wilson, Bryse
676440,2025,26,0.227,0.386,0.313,71.8,24.6,28.0,88.5,13.8,29.5,8.0,36.6,65.5,16.5,25.4,44.2,83.5,23.8,46.3,64.3,45.3,26.5,19.8,8.4,Bibee, Tanner
641302,2024,29,0.256,0.474,0.335,72.0,25.2,5.0,88.4,21.0,36.6,9.8,37.2,67.0,16.7,30.8,28.5,83.3,20.1,50.0,67.5,32.1,34.5,25.0,8.3,Alexander, Tyler
605121,2024,31,0.236,0.431,0.314,70.8,17.8,12.0,87.3,15.4,39.3,8.7,35.3,67.8,18.0,31.2,50.0,82.0,29.7,47.4,59.9,38.0,32.0,24.0,6.0,Anderson, Justin
621107,2023,29,0.218,0.382,0.276,71.6,23.1,7.0,87.5,9.1,29.2,9.0,35.1,64.5,17.0,34.0,38.8,83.0,24.1,49.9,65.7,50.4,22.0,20.2,7.3,Eflin, Zach
656427,2023,27,0.267,0.422,0.356,71.5,22.4,6.0,87.9,11.7,38.5,7.3,38.3,65.5,18.8,25.3,44.1,81.3,26.6,44.0,58.9,43.0,24.3,27.9,4.7,Flaherty, Jack
687473,2025,26,0.25,0.446,0.348,71.7,24.8,10.0,90.6,17.2,32.1,9.5,45.7,69.5,18.6,24.2,40.1,81.4,23.4,49.1,64.9,36.8,29.2,24.4,9.5,Gusto, Ryan
657097,2024,30,0.207,0.352,0.266,70.8,17.9,9.0,87.4,17.7,33.8,7.9,34.4,68.5,22.2,29.0,40.8,77.8,27.4,49.6,59.7,34.4,31.8,23.8,9.9,Webb, Jacob
676440,2024,25,0.235,0.401,0.299,71.3,20.0,22.0,88.4,17.7,37.4,7.0,36.9,72.7,22.3,26.8,40.7,77.7,26.9,51.0,65.8,35.2,31.6,24.2,8.9,Bibee, Tanner
650911,2023,26,0.242,0.413,0.296,72.5,31.5,9.0,88.8,3.9,31.0,8.2,40.2,61.3,14.3,34.8,48.4,85.7,26.4,48.2,66.7,57.7,19.9,20.6,1.8,Sánchez, Cristopher
686563,2024,23,0.256,0.426,0.332,71.7,23.0,12.0,89.0,14.6,38.3,7.3,36.3,67.2,14.9,28.6,36.6,85.1,21.8,47.1,59.8,38.3,25.4,28.5,7.8,Cannon, Jonathan
593423,2024,31,0.244,0.438,0.325,72.2,26.9,15.0,89.3,13.5,36.2,9.2,43.1,70.6,17.7,27.7,42.5,82.3,24.9,48.7,62.9,41.2,25.1,26.5,7.1,Montas, Frankie
663687,2023,26,0.252,0.468,0.352,71.8,21.3,0.0,90.0,13.8,35.2,9.2,44.9,64.3,19.6,21.4,37.6,80.4,23.1,46.0,58.8,39.3,27.6,25.0,8.2,Harris, Hogan
458681,2024,37,0.257,0.461,0.314,71.8,24.8,15.0,88.9,17.0,37.0,10.5,39.3,73.3,20.0,26.1,34.5,80.0,24.1,48.4,62.6,36.4,27.7,27.1,8.8,Lynn, Lance
527048,2025,34,0.249,0.492,0.278,72.4,27.3,1.0,88.2,15.1,33.1,15.0,39.4,60.0,16.7,24.9,31.0,83.3,20.9,42.4,66.7,38.8,31.9,19.4,10.0,Pérez, Martín
547179,2024,32,0.24,0.423,0.303,71.6,22.1,13.0,88.5,15.1,32.2,8.0,39.4,67.7,16.8,23.9,38.2,83.2,22.8,44.7,61.1,41.6,26.3,22.3,9.9,Lorenzen, Michael
669330,2023,28,0.212,0.441,0.286,71.1,21.0,1.0,89.0,20.7,32.1,11.7,38.7,67.5,19.4,28.4,41.9,80.6,26.4,47.2,62.1,33.0,35.2,20.0,11.7,Wells, Tyler
656849,2024,28,0.259,0.407,0.299,71.6,23.9,17.0,89.3,7.2,35.7,7.3,42.7,68.0,16.7,28.9,45.2,83.3,25.6,47.8,63.5,50.8,21.3,23.9,3.9,Peterson, David
605397,2024,31,0.245,0.43,0.317,71.5,25.0,16.0,90.3,13.8,35.5,10.5,40.6,66.2,19.8,27.0,50.7,80.2,28.3,47.4,68.3,41.7,29.7,23.2,5.4,Musgrove, Joe
622491,2024,31,0.243,0.422,0.305,71.3,19.0,25.0,89.7,16.3,37.0,8.5,41.9,71.2,17.9,31.0,43.4,82.1,25.9,50.6,64.7,40.9,26.8,22.4,10.0,Castillo, Luis
690928,2025,25,0.242,0.416,0.31,71.2,19.2,6.0,89.3,9.5,31.8,6.8,41.7,64.4,11.5,28.1,46.5,88.5,21.9,46.5,60.5,48.4,19.8,25.5,6.3,Dobbins, Hunter
676664,2024,28,0.24,0.454,0.324,72.6,29.7,12.0,89.3,18.1,32.7,10.2,40.2,68.4,17.3,27.6,34.0,82.7,21.8,48.7,64.8,37.9,32.0,19.2,11.0,Sears, JP
676254,2024,28,0.191,0.299,0.233,70.4,17.1,12.0,86.4,9.8,31.3,6.0,30.2,60.7,19.4,29.2,50.6,80.6,28.6,46.0,63.8,46.2,23.1,24.2,6.6,Walker, Ryan
643377,2023,28,0.212,0.315,0.283,70.8,16.9,6.0,86.8,6.9,29.0,3.3,33.3,62.8,17.1,31.4,48.1,82.9,26.6,48.1,56.0,56.8,17.5,19.7,6.0,Jax, Griffin
664199,2025,32,0.239,0.416,0.256,71.9,24.6,11.0,89.3,13.6,29.6,7.9,40.8,65.9,13.5,29.0,46.0,86.5,23.3,47.6,66.0,44.1,25.0,22.4,8.6,Clarke, Taylor
622663,2024,30,0.239,0.381,0.308,71.6,22.6,26.0,87.1,12.7,30.4,5.7,35.6,70.6,15.7,29.7,37.7,84.3,22.0,50.6,63.5,46.3,25.2,20.3,8.2,Severino, Luis
642545,2023,26,0.276,0.495,0.357,72.6,28.3,2.0,87.6,16.6,34.0,10.4,34.0,71.8,17.2,26.4,37.7,82.8,22.9,48.5,66.4,36.2,32.1,24.3,7.5,Barria, Jaime
686752,2024,26,0.214,0.379,0.29,71.7,24.0,26.0,89.3,19.1,31.4,9.1,37.2,68.1,22.5,28.5,46.9,77.5,29.9,48.0,66.0,35.2,29.0,23.8,12.0,Pepiot, Ryan
592332,2024,33,0.253,0.46,0.3,71.9,25.5,14.0,90.2,16.1,35.5,9.7,42.4,71.1,15.9,29.8,39.1,84.1,23.4,49.9,64.4,39.3,30.1,23.6,7.1,Gausman, Kevin
660896,2025,29,0.237,0.428,0.393,71.2,23.6,4.0,88.8,20.2,33.9,10.9,37.6,66.7,21.3,27.1,37.1,78.7,25.7,47.4,62.1,34.5,32.1,21.8,11.5,Alcala, Jorge
657514,2024,32,0.232,0.388,0.322,71.1,19.7,8.0,88.0,8.4,33.8,7.0,37.3,62.6,18.1,23.5,33.7,81.9,21.8,44.8,65.6,46.5,23.2,26.1,4.2,Bernardino, Brennan
642207,2023,28,0.168,0.289,0.214,71.7,24.0,7.0,85.9,8.9,35.7,7.0,29.6,66.7,31.2,32.6,57.5,68.8,41.8,46.9,56.7,47.8,22.6,26.1,3.5,Williams, Devin
641745,2025,29,0.197,0.297,0.238,71.1,20.3,11.0,86.7,6.5,29.5,5.8,30.6,60.8,14.4,30.4,50.3,85.6,26.9,45.1,62.7,56.6,17.3,18.5,7.5,Keller, Brad
548389,2024,34,0.291,0.45,0.344,71.9,23.6,4.0,88.3,13.6,39.8,6.8,35.3,65.6,12.6,29.2,27.1,87.4,16.9,47.9,66.9,40.8,23.3,27.8,8.1,Stripling, Ross
621076,2023,29,0.242,0.436,0.356,,,,89.6,22.8,36.6,7.0,38.7,66.7,19.7,29.7,37.1,80.3,25.0,48.5,64.3,32.3,33.9,24.2,9.7,Kaprielian, James
690990,2025,23,0.236,0.406,0.273,72.0,25.5,14.0,89.7,14.3,33.3,10.0,41.3,66.0,15.4,29.5,51.4,84.5,25.8,48.6,67.4,42.8,29.2,20.9,7.1,Horton, Cade
669796,2023,25,0.232,0.419,0.329,70.4,15.9,5.0,89.2,16.4,34.8,8.7,34.8,64.7,20.0,27.1,50.8,80.0,29.3,45.6,59.1,39.9,29.7,21.7,8.7,Hernandez, Jose E.
672851,2023,24,0.273,0.485,0.361,72.4,29.7,4.0,91.1,13.9,36.4,11.5,48.5,67.9,15.3,29.0,35.7,84.7,21.8,47.6,61.7,38.2,26.1,28.5,7.3,Adon, Joan
687911,2025,28,0.223,0.358,0.282,70.8,20.2,9.0,88.4,14.4,33.0,5.8,36.1,65.3,19.3,29.2,39.4,80.7,24.4,49.7,64.7,42.4,24.6,26.7,6.3,King, Bryan
657097,2025,31,0.217,0.365,0.27,71.2,21.3,5.0,86.6,23.0,30.9,5.9,34.6,70.8,21.9,30.3,41.7,78.1,27.6,51.1,60.4,33.5,35.6,19.7,11.2,Webb, Jacob
607067,2025,34,0.261,0.438,0.314,71.8,24.3,23.0,89.8,13.6,38.8,10.3,41.0,66.0,14.8,28.5,39.2,85.2,22.0,47.6,68.6,40.0,24.3,27.0,8.7,Rea, Colin
680570,2023,23,0.251,0.411,0.32,70.8,18.6,8.0,89.8,10.4,33.4,7.3,43.7,70.0,19.7,29.6,43.0,80.3,26.3,50.4,61.7,46.9,23.5,25.5,4.1,Rodriguez, Grayson
687330,2023,25,0.23,0.339,0.264,70.5,18.4,2.0,87.0,10.3,32.3,3.6,32.8,62.3,17.2,26.0,35.1,82.8,22.2,44.7,63.0,48.2,19.0,25.1,7.7,Kelly, Kevin
676395,2025,29,0.235,0.4,0.295,72.1,24.1,12.0,88.6,11.9,38.2,7.9,34.3,68.6,22.3,31.7,43.5,77.7,28.6,51.0,71.2,39.9,32.0,25.3,2.8,Garcia, Robert
669461,2025,25,0.272,0.465,0.318,72.1,26.2,20.0,90.6,15.3,36.3,10.6,41.1,66.0,11.6,29.5,40.2,88.4,20.2,48.2,63.6,39.0,27.4,26.8,6.8,Liberatore, Matthew
623352,2024,30,0.173,0.339,0.261,71.4,20.0,12.0,89.7,21.2,33.3,10.2,38.8,75.7,32.7,33.4,57.9,67.3,40.5,54.4,64.0,29.9,38.1,21.1,10.9,Hader, Josh
678394,2025,26,0.258,0.409,0.297,72.1,27.8,18.0,88.8,9.0,30.8,7.1,39.3,65.1,10.6,27.5,41.3,89.4,20.1,45.8,63.0,50.0,24.0,21.2,4.8,Bello, Brayan
645261,2023,27,0.26,0.418,0.301,71.7,22.0,7.0,88.8,7.0,31.4,7.0,40.6,72.1,19.1,34.8,39.7,80.8,25.4,54.2,65.0,51.9,21.5,21.9,4.7,Alcantara, Sandy
660853,2023,27,0.234,0.391,0.282,71.3,17.2,6.0,88.7,14.3,36.8,8.2,33.3,71.3,17.0,27.7,54.9,83.0,27.4,49.7,60.2,40.4,28.7,27.5,3.5,De Los Santos, Enyel
664285,2024,30,0.232,0.349,0.272,72.1,27.7,20.0,90.2,0.4,26.0,5.3,45.0,61.3,14.4,28.7,54.5,85.6,27.2,45.0,61.9,61.7,15.0,21.8,1.5,Valdez, Framber
672335,2024,28,0.219,0.318,0.296,71.0,18.3,6.0,88.3,4.1,29.6,5.0,34.0,68.1,15.5,25.3,44.2,84.5,23.7,45.9,62.6,55.3,19.5,20.1,5.0,Pérez, Cionel
691587,2023,20,0.205,0.401,0.303,71.8,24.4,2.0,89.8,23.5,36.1,10.7,40.3,71.3,22.7,31.0,56.1,77.3,33.7,49.9,58.8,27.5,37.8,23.2,11.6,Pérez, Eury
623167,2024,29,0.256,0.452,0.355,71.6,23.6,13.0,88.7,17.3,37.0,8.1,37.4,68.6,15.6,27.7,37.2,84.4,22.7,46.0,58.7,36.2,27.6,26.6,9.6,Flexen, Chris
612434,2023,28,0.231,0.387,0.286,71.4,24.5,8.0,86.1,10.5,33.3,6.1,28.3,61.5,18.2,30.2,44.4,81.8,26.9,45.7,58.1,44.4,20.0,27.8,7.8,Castro, Miguel
686218,2025,25,0.203,0.346,0.251,71.7,20.4,17.0,89.3,20.1,37.6,10.1,41.6,69.8,20.2,32.8,57.4,79.8,32.9,50.4,65.3,33.7,29.8,27.0,9.6,Sheehan, Emmet
605288,2024,31,0.265,0.452,0.35,71.8,25.2,5.0,91.0,9.3,29.8,8.8,40.4,66.1,11.7,22.3,38.2,88.3,18.2,44.7,60.2,48.2,25.9,20.6,5.3,Houser, Adrian
542881,2024,34,0.244,0.423,0.308,72.1,24.5,12.0,87.2,17.6,34.1,7.9,33.0,71.5,20.8,29.5,43.1,79.2,27.8,49.3,58.7,38.3,29.5,23.8,8.5,Anderson, Tyler
623149,2023,33,0.187,0.313,0.281,70.5,17.6,3.0,85.9,20.9,34.0,5.6,29.9,68.2,25.9,28.6,38.4,74.1,29.3,49.8,64.9,32.6,37.5,19.4,10.4,Sewald, Paul
641302,2025,30,0.28,0.438,0.318,71.3,22.5,7.0,88.5,16.6,37.3,5.8,39.6,67.1,15.1,27.6,39.4,84.9,21.5,48.8,64.9,35.7,29.2,26.0,9.1,Alexander, Tyler
641793,2024,28,0.261,0.449,0.317,72.0,25.5,19.0,89.3,18.1,36.2,9.6,39.2,70.6,14.5,31.1,44.7,85.5,23.1,51.9,66.3,34.1,27.8,28.2,9.8,Littell, Zack
668933,2025,27,0.243,0.337,0.309,71.0,18.5,18.0,84.8,4.7,30.3,4.1,32.3,63.4,16.5,38.2,49.5,83.5,29.8,50.0,61.6,58.5,12.8,23.6,5.1,Ashcraft, Graham
663978,2024,28,0.27,0.48,0.332,71.4,23.6,15.0,90.4,14.3,40.6,9.9,43.1,68.1,17.5,30.2,39.0,82.5,24.0,49.4,63.5,38.5,25.8,29.0,6.7,Paddack, Chris
650644,2023,28,0.24,0.386,0.288,71.8,25.6,8.0,89.0,16.0,33.5,6.6,36.4,63.4,15.3,30.3,38.3,84.7,22.7,46.9,68.7,39.8,27.5,23.8,8.9,Civale, Aaron
669387,2025,26,0.261,0.396,0.312,71.7,24.5,11.0,90.2,8.6,34.8,6.0,40.1,65.2,14.6,27.8,43.2,85.4,23.0,46.6,62.5,48.5,20.1,25.4,6.0,Mlodzinski, Carmen
472610,2025,38,0.262,0.419,0.32,71.3,21.2,7.0,90.8,4.9,35.8,7.5,48.4,68.5,13.8,28.3,49.6,86.2,24.1,48.7,59.4,49.7,18.2,28.9,3.1,García, Luis
650911,2024,27,0.256,0.371,0.29,72.0,26.0,10.0,87.4,2.4,30.2,5.4,34.5,66.9,17.1,36.4,37.4,82.9,24.3,51.6,65.8,58.3,15.6,23.7,2.3,Sánchez, Cristopher
596295,2025,31,0.279,0.553,0.411,72.9,32.7,6.0,88.1,18.2,38.6,14.5,39.5,69.6,9.9,23.8,37.4,90.1,15.9,49.0,65.1,34.5,37.3,22.3,5.9,Gomber, Austin
663567,2024,27,0.261,0.4,0.362,71.8,23.8,8.0,88.1,16.1,38.9,6.1,36.9,71.3,13.2,24.7,47.7,86.8,22.0,48.0,63.8,36.9,24.7,31.3,7.1,Lambert, Peter
605177,2024,34,0.221,0.355,0.301,70.7,16.1,10.0,88.5,15.0,37.5,6.3,34.0,66.5,15.5,35.1,54.1,84.5,34.5,46.1,61.9,36.8,27.8,29.9,5.6,Chafin, Andrew
681293,2024,24,0.227,0.393,0.332,71.6,25.5,21.0,88.9,16.4,38.3,7.7,39.8,66.8,18.9,26.9,50.3,81.1,27.7,47.2,61.9,36.2,27.2,28.3,8.2,Arrighetti, Spencer
682243,2024,25,0.226,0.414,0.26,71.9,24.6,21.0,90.3,16.3,32.8,9.7,41.2,69.8,17.3,27.0,43.5,82.7,24.4,48.9,62.2,38.6,33.0,21.2,7.2,Miller, Bryce
606160,2023,32,0.242,0.422,0.359,71.6,22.1,6.0,87.9,11.1,33.7,9.1,41.7,72.3,26.1,29.9,38.0,73.9,30.1,49.1,61.4,40.6,27.3,26.2,5.9,Montero, Rafael
665795,2024,26,0.241,0.423,0.317,72.3,26.9,20.0,89.7,10.0,32.4,8.6,45.7,65.5,16.1,28.2,51.9,83.9,28.0,45.5,60.9,47.7,21.9,24.6,5.9,Cabrera, Edward
667755,2025,26,0.242,0.367,0.309,72.3,29.1,35.0,91.4,-2.8,26.8,7.2,48.2,63.3,14.8,27.0,54.3,85.2,27.0,44.8,57.9,66.0,12.1,20.3,1.6,Soriano, José
670950,2024,31,0.205,0.346,0.273,70.3,15.8,9.0,88.3,18.8,31.1,6.8,37.9,62.7,14.7,28.4,39.6,85.3,23.4,44.2,59.2,35.6,33.9,21.5,9.0,Richards, Trevor
695243,2024,25,0.149,0.233,0.218,70.4,15.8,12.0,86.1,17.9,28.5,5.7,32.5,66.7,29.1,37.5,60.3,70.9,40.1,52.3,65.0,40.7,26.8,21.1,11.4,Miller, Mason
676664,2023,27,0.243,0.457,0.335,72.3,27.4,9.0,88.6,22.6,32.7,11.1,38.4,71.6,20.3,29.5,36.3,79.7,24.8,51.0,64.8,30.5,35.4,21.8,12.3,Sears, JP
682990,2025,24,0.237,0.37,0.31,72.2,26.3,25.0,89.0,4.9,28.6,7.3,39.4,65.6,15.6,26.6,46.5,84.4,24.5,46.2,64.8,55.7,19.1,19.4,5.8,Priester, Quinn
621381,2023,31,0.209,0.367,0.274,70.8,19.7,3.0,90.2,19.8,35.2,8.2,42.0,67.6,22.0,29.2,45.3,78.0,28.0,50.4,62.7,33.8,29.7,26.0,10.5,Strahm, Matt
605280,2024,31,0.224,0.335,0.292,71.5,24.4,9.0,88.8,0.3,24.2,5.6,36.5,62.5,20.3,27.7,52.0,79.7,30.2,44.9,61.3,64.6,15.2,18.0,2.2,Holmes, Clay
641835,2023,31,0.25,0.355,0.279,71.6,19.5,0.0,87.3,1.9,28.6,4.1,39.5,60.6,16.7,28.4,35.0,83.3,22.9,43.8,62.4,59.2,15.6,23.1,2.0,Mayza, Tim
676879,2025,27,0.219,0.302,0.279,71.3,17.8,18.0,89.2,-0.1,29.1,3.0,40.0,58.3,15.9,25.6,52.3,84.1,27.0,42.0,59.6,62.4,13.9,21.8,1.8,Ashby, Aaron
592426,2025,33,0.239,0.399,0.286,71.9,23.9,8.0,90.8,7.7,28.0,6.7,44.0,66.6,12.3,26.7,49.0,87.7,22.7,46.7,61.1,52.7,22.0,21.3,4.0,Jackson, Luke
543475,2023,32,0.26,0.483,0.34,72.7,32.2,7.0,89.0,19.8,34.6,9.9,35.5,69.6,11.9,28.4,38.3,88.0,20.1,48.1,59.9,33.9,33.0,23.1,9.9,Lyles, Jordan
642701,2024,28,0.222,0.347,0.281,70.7,16.2,7.0,86.3,14.3,37.3,4.7,32.6,66.0,17.7,35.3,47.9,82.3,28.2,50.7,64.1,38.3,28.5,26.4,6.7,Santana, Dennis
669467,2025,26,0.259,0.402,0.334,71.7,21.1,29.0,89.2,1.4,28.7,6.5,39.9,68.3,13.1,25.5,44.8,86.8,22.3,45.9,62.4,59.9,18.1,19.2,3.0,Pallante, Andre
663556,2023,26,0.238,0.412,0.295,72.3,26.0,3.0,89.7,11.2,35.8,9.8,42.3,68.8,23.8,32.3,55.6,76.2,33.5,51.2,64.0,44.6,25.4,23.5,6.5,McClanahan, Shane
680686,2023,25,0.251,0.436,0.332,72.2,27.8,2.0,87.6,16.8,35.0,9.4,36.7,69.2,18.1,27.6,43.1,81.9,26.2,46.4,59.9,38.0,27.7,24.5,9.9,Gray, Josiah
542881,2023,33,0.255,0.435,0.345,72.0,21.3,4.0,87.0,19.1,37.6,8.2,32.3,72.1,21.1,29.5,42.6,78.9,27.8,49.7,59.9,31.0,33.9,26.9,8.2,Anderson, Tyler
677958,2025,25,0.279,0.492,0.352,71.9,26.4,15.0,91.2,8.3,34.8,11.8,47.5,70.3,15.3,28.8,49.1,84.7,24.9,50.0,58.9,49.0,23.0,24.0,3.9,Rocker, Kumar
673540,2025,32,0.225,0.373,0.313,71.8,25.8,26.0,88.9,12.5,29.7,8.0,40.6,65.6,15.1,28.6,51.0,84.7,27.4,45.5,55.4,47.6,25.2,21.1,6.4,Senga, Kodai
666171,2025,27,0.217,0.403,0.335,71.2,18.9,15.0,88.3,15.1,38.6,10.3,37.2,66.4,21.5,23.9,54.9,78.5,30.3,45.3,58.7,37.2,35.2,20.7,6.9,Zeferjahn, Ryan
607192,2023,29,0.213,0.397,0.27,71.2,22.4,15.0,90.4,5.8,33.3,11.6,44.6,66.1,21.9,30.1,66.8,78.1,35.4,48.6,68.5,50.9,23.2,22.1,3.9,Glasnow, Tyler
641771,2024,31,0.241,0.382,0.343,71.5,23.8,5.0,88.4,10.2,33.8,5.8,38.3,67.6,18.7,21.4,48.7,80.9,27.1,42.2,58.6,46.1,24.0,25.3,4.5,Kuhl, Chad
663855,2025,28,0.266,0.382,0.364,71.2,21.2,10.0,90.0,5.8,31.6,4.7,45.6,62.3,13.9,24.2,47.9,86.1,23.1,43.6,59.9,56.7,17.2,22.3,3.7,Hicks, Jordan
605397,2023,30,0.223,0.345,0.295,71.3,16.9,2.0,87.5,11.1,32.4,5.1,33.5,64.3,15.6,35.5,43.7,84.4,26.0,49.4,64.7,46.0,24.6,23.9,5.5,Musgrove, Joe
592332,2025,34,0.238,0.407,0.273,72.4,28.5,20.0,89.3,16.5,35.0,8.5,41.4,70.8,18.1,31.7,45.6,81.9,26.4,51.6,68.8,37.3,29.8,26.0,7.0,Gausman, Kevin
543339,2024,37,0.213,0.431,0.274,72.1,28.2,9.0,90.4,18.1,30.6,12.4,49.4,77.5,24.3,24.9,55.9,75.7,32.3,50.6,62.8,38.8,35.3,17.1,8.8,Hudson, Daniel
608331,2024,30,0.245,0.365,0.273,71.2,18.9,29.0,86.3,3.0,30.4,5.0,34.6,63.8,15.7,28.9,41.8,84.3,24.1,45.9,64.8,59.2,16.1,21.7,2.9,Fried, Max
686218,2023,23,0.181,0.381,0.307,71.7,21.5,0.0,89.7,20.8,34.4,10.8,42.0,74.3,21.2,30.0,49.1,78.8,29.6,51.5,54.4,33.1,38.2,20.4,8.3,Sheehan, Emmet
656412,2024,28,0.248,0.391,0.322,70.5,16.6,10.0,88.3,14.8,39.4,6.3,34.4,70.8,21.1,29.4,50.6,78.9,31.1,47.9,68.3,39.4,28.1,26.9,5.6,Faedo, Alex
542585,2023,34,0.247,0.432,0.344,71.7,21.4,7.0,90.1,14.3,31.9,9.6,44.6,70.1,20.6,25.3,39.2,79.4,25.3,48.6,59.6,44.0,19.3,23.5,13.3,Cisnero, José
670950,2023,30,0.198,0.373,0.318,70.7,17.4,9.0,88.5,17.3,38.7,10.4,37.6,63.4,24.1,37.5,51.0,75.9,37.0,47.6,64.7,31.8,38.2,23.1,6.9,Richards, Trevor
694462,2025,23,0.251,0.359,0.276,72.3,30.1,11.0,89.1,6.3,32.2,4.0,40.3,64.5,17.4,24.5,60.6,82.6,28.5,44.7,55.9,49.7,21.5,26.2,2.7,Waldrep, Hurston
686799,2024,23,0.287,0.461,0.323,71.1,18.4,3.0,90.3,3.6,29.1,6.3,44.4,72.7,11.5,28.5,27.6,88.5,15.2,53.7,61.3,56.5,15.2,23.3,4.9,Kochanowicz, Jack
621244,2025,31,0.255,0.455,0.325,72.5,27.7,19.0,90.3,15.0,32.6,11.3,42.5,65.9,13.5,28.2,39.8,86.5,22.0,46.1,64.3,42.3,27.4,22.1,8.2,Berríos, José
608344,2023,29,0.276,0.491,0.318,71.3,21.3,0.0,88.5,12.2,39.6,10.8,34.6,68.3,14.8,30.6,35.9,85.2,20.8,50.5,61.6,41.7,28.3,23.8,6.3,Irvin, Cole
596295,2023,29,0.289,0.505,0.368,73.2,34.4,2.0,90.5,12.8,31.3,8.9,44.3,67.9,14.3,24.2,34.6,85.7,19.1,47.5,63.3,42.8,26.8,23.6,6.8,Gomber, Austin
519008,2024,35,0.238,0.352,0.293,71.0,18.5,11.0,87.5,3.2,26.3,4.6,34.9,59.7,10.9,31.7,35.9,89.1,19.2,46.2,66.1,59.4,14.3,20.6,5.7,McFarland, T.J.
621244,2023,29,0.257,0.441,0.302,71.3,20.5,14.0,88.2,11.8,39.1,8.6,35.8,63.1,16.9,30.6,42.6,83.1,25.5,46.5,63.0,42.1,25.1,26.6,6.1,Berríos, José
686826,2024,26,0.269,0.442,0.314,71.1,22.2,3.0,90.5,11.4,34.1,7.1,40.1,70.1,15.0,25.7,41.3,85.0,21.8,48.4,59.1,42.9,29.7,24.7,2.7,Jarvis, Bryce
671096,2024,25,0.231,0.411,0.323,71.7,23.2,4.0,88.2,21.3,36.6,9.3,33.5,68.5,15.8,26.3,40.8,84.2,22.6,47.6,61.6,34.7,32.5,21.1,11.7,Abbott, Andrew
687888,2025,28,0.237,0.391,0.288,72.2,27.9,6.0,86.2,12.0,30.7,7.2,38.6,66.3,15.8,33.6,43.2,84.2,24.6,50.5,67.0,44.4,26.8,21.6,7.2,Walter, Brandon
669432,2024,26,0.272,0.442,0.35,72.2,26.2,12.0,90.7,10.4,33.3,8.4,44.4,67.2,13.8,27.1,37.1,86.2,20.9,46.2,58.7,46.7,24.7,23.0,5.7,Rogers, Trevor
605280,2023,30,0.206,0.29,0.265,71.6,20.7,1.0,89.5,-3.4,23.0,2.4,43.0,62.2,16.8,24.5,51.6,83.2,26.2,43.9,58.8,66.7,10.9,20.6,1.8,Holmes, Clay
670102,2025,29,0.281,0.501,0.382,72.1,26.2,4.0,91.6,20.7,34.3,12.4,52.2,69.8,15.7,23.9,45.3,84.3,23.3,46.7,62.2,33.8,30.8,23.9,11.4,Francis, Bowden
543243,2023,33,0.24,0.372,0.27,71.4,22.6,20.0,89.1,9.6,32.9,6.9,39.2,67.5,15.2,28.4,51.4,84.8,26.1,47.7,61.0,48.0,19.8,26.9,5.3,Gray, Sonny
701581,2025,25,0.243,0.465,0.322,72.3,25.1,11.0,90.4,19.8,34.0,11.8,40.5,71.9,18.0,29.8,51.2,82.0,27.4,51.2,64.2,36.6,34.0,19.6,9.8,Festa, David
669022,2025,26,0.241,0.415,0.318,71.4,23.5,32.0,90.4,16.0,35.9,10.6,44.1,70.4,20.0,29.9,50.8,80.0,29.7,49.4,60.1,38.5,31.5,24.4,5.6,Gore, MacKenzie
686701,2025,25,0.238,0.41,0.29,71.7,19.0,7.0,90.0,20.0,40.7,7.0,36.4,67.2,16.6,25.0,44.9,83.4,23.9,46.9,60.4,29.4,36.9,28.0,5.6,Bergert, Ryan
663903,2023,26,0.271,0.455,0.346,72.6,26.6,7.0,91.0,9.0,34.8,7.8,48.6,64.2,12.2,26.4,48.8,87.8,22.7,45.6,61.5,50.2,21.7,24.0,4.1,Singer, Brady
656427,2025,29,0.233,0.406,0.313,71.8,24.1,30.0,89.7,16.2,37.8,10.3,43.8,64.2,17.3,29.1,46.9,82.7,27.3,45.6,64.2,37.1,29.1,26.3,7.5,Flaherty, Jack
657024,2023,29,0.199,0.364,0.28,71.7,23.1,2.0,89.2,17.1,31.3,6.0,40.4,69.6,26.7,33.3,43.5,73.3,32.6,50.4,60.7,40.4,36.7,16.3,6.6,Swanson, Erik
669062,2024,26,0.189,0.304,0.296,70.6,17.2,11.0,89.5,10.7,25.3,7.0,41.1,65.3,23.4,24.7,47.0,76.6,30.6,43.5,53.5,51.9,27.2,15.2,5.7,Miller, Erik
670280,2025,30,0.205,0.339,0.249,71.1,20.0,11.0,89.2,11.2,35.9,9.0,42.1,62.9,22.5,30.2,51.7,77.5,31.1,47.8,63.1,44.1,22.8,26.9,6.2,Bednar, David
571760,2024,33,0.251,0.442,0.312,72.1,25.7,20.0,89.6,18.2,37.4,8.3,40.1,70.1,17.9,30.5,45.8,82.1,26.3,50.3,63.6,34.3,30.6,27.9,7.3,Heaney, Andrew
554430,2023,33,0.227,0.356,0.277,71.0,19.3,14.0,86.9,14.2,35.1,5.1,36.4,70.6,20.2,32.1,46.9,79.8,28.6,51.3,61.6,41.2,26.0,23.7,9.1,Wheeler, Zack
664076,2025,31,0.205,0.333,0.271,72.0,27.1,12.0,88.8,11.8,34.6,5.9,41.2,65.0,25.6,31.3,61.6,74.4,36.0,49.5,68.3,47.1,27.9,19.1,5.9,Cleavinger, Garrett
621111,2025,30,0.268,0.45,0.348,72.2,28.0,14.0,87.9,11.8,35.8,9.5,37.8,65.6,11.7,25.7,36.6,88.3,19.2,44.6,63.5,42.5,24.0,27.0,6.5,Buehler, Walker
434378,2024,41,0.23,0.396,0.337,71.0,18.2,6.0,88.6,20.9,39.1,6.9,32.5,69.9,17.2,27.1,32.1,82.8,21.3,48.7,58.3,28.7,31.8,27.7,11.8,Verlander, Justin
670036,2025,32,0.232,0.341,0.268,71.3,19.7,9.0,87.4,13.2,36.0,6.0,34.0,69.1,21.4,28.2,46.5,78.6,27.3,51.5,65.3,42.7,23.3,28.0,6.0,Festa, Matt
669467,2024,25,0.231,0.333,0.293,71.6,22.1,17.0,87.4,1.1,24.4,3.3,38.1,67.8,11.6,24.9,42.6,88.4,19.8,46.4,60.1,61.6,16.2,18.9,3.3,Pallante, Andre
543859,2024,34,0.251,0.399,0.296,71.3,17.7,13.0,88.0,12.5,35.9,7.4,35.0,65.6,17.1,31.2,35.9,82.9,23.7,47.2,64.6,40.1,26.3,28.1,5.5,Tonkin, Michael
641729,2023,28,0.224,0.42,0.302,71.7,20.9,6.0,91.1,19.5,40.9,11.4,45.0,70.1,24.3,28.2,55.8,75.7,32.2,51.1,60.9,29.5,32.2,30.9,7.4,Jiménez, Joe
665622,2023,24,0.25,0.413,0.343,70.9,16.1,5.0,89.3,11.5,36.4,6.2,41.0,67.5,15.6,26.4,45.7,84.4,24.5,46.1,50.9,43.8,23.5,26.9,5.9,Medina, Luis
663969,2025,27,0.24,0.37,0.284,72.1,25.2,17.0,89.2,5.5,26.0,5.1,43.4,62.7,12.4,34.7,51.5,87.6,27.3,47.9,61.3,55.7,20.9,18.3,5.1,Phillips, Tyler
689225,2024,26,0.215,0.342,0.291,71.3,22.1,8.0,89.0,14.8,31.5,5.5,35.9,69.3,18.3,29.5,36.2,81.7,23.9,48.6,59.6,38.7,28.2,24.3,8.8,Brieske, Beau
594835,2023,31,0.286,0.445,0.334,,,,89.7,13.8,37.4,6.7,36.8,65.2,13.2,31.8,34.4,86.8,20.1,48.6,60.5,40.5,23.9,29.4,6.1,Gonzales, Marco
608379,2023,31,0.246,0.427,0.291,71.2,20.7,2.0,88.1,18.5,38.6,7.3,35.5,65.9,17.1,29.7,41.5,82.9,24.6,47.9,61.8,35.2,31.3,24.8,8.6,Wacha, Michael
686973,2025,27,0.25,0.395,0.299,71.1,21.3,16.0,90.2,5.3,33.5,9.1,43.7,70.2,14.6,31.9,59.2,85.4,27.1,52.5,64.1,53.3,16.8,24.4,5.6,Varland, Louis
606303,2024,30,0.232,0.431,0.254,71.8,23.8,5.0,89.4,15.9,34.0,9.6,43.6,67.0,22.4,28.8,38.3,77.6,27.1,48.1,63.6,39.7,26.9,23.7,9.6,Payamps, Joel
642397,2025,30,0.238,0.344,0.312,71.3,16.6,14.0,88.9,10.5,33.9,4.0,37.9,62.5,19.8,31.5,50.0,80.2,29.9,47.0,62.6,44.8,24.1,24.1,6.9,Soto, Gregory
678495,2024,24,0.209,0.355,0.301,70.9,18.0,9.0,88.1,13.4,26.0,7.5,37.7,67.2,21.6,30.1,46.3,78.4,29.6,48.1,56.6,41.8,32.2,20.5,5.5,Rodríguez, Randy
676962,2024,24,0.229,0.411,0.268,71.3,22.6,6.0,91.8,16.2,34.1,10.9,51.4,62.8,21.5,28.6,55.2,78.5,31.4,46.5,64.0,37.7,27.5,25.4,9.4,Brown, Ben
686613,2024,25,0.223,0.339,0.296,71.4,22.3,25.0,86.2,9.6,28.0,4.5,30.3,66.0,18.7,27.4,40.0,81.3,25.1,46.3,60.3,48.5,22.0,22.4,7.1,Brown, Hunter
622491,2025,32,0.245,0.418,0.304,71.5,21.8,22.0,90.3,14.5,32.1,10.4,46.4,73.9,19.3,28.8,38.4,80.7,24.6,51.6,64.7,41.1,28.7,22.8,7.4,Castillo, Luis
593576,2024,35,0.233,0.41,0.324,71.2,21.4,10.0,88.6,14.8,35.2,9.1,40.6,73.6,17.8,31.0,42.8,82.2,25.9,51.0,60.8,41.2,30.3,23.0,5.5,Neris, Héctor
596001,2024,31,0.25,0.43,0.259,72.0,25.8,8.0,90.0,15.1,35.1,8.4,42.4,62.7,19.5,28.0,39.8,80.5,24.6,47.8,72.3,38.7,28.8,25.7,6.8,Junis, Jakob
666974,2023,29,0.243,0.359,0.261,71.5,21.0,3.0,88.4,-2.5,30.2,5.4,38.1,68.0,17.0,32.3,44.1,83.0,25.5,50.4,69.1,58.9,15.3,24.3,1.5,Cano, Yennier
643377,2025,30,0.228,0.359,0.299,71.6,25.1,22.0,89.2,6.7,38.5,9.3,44.1,64.1,20.2,38.1,63.6,79.8,37.3,50.6,67.5,46.6,20.5,28.6,4.3,Jax, Griffin
641927,2024,28,0.209,0.384,0.282,71.6,23.2,22.0,87.5,20.4,34.8,8.3,34.3,71.5,22.9,33.5,41.7,77.1,29.0,52.4,67.4,34.3,35.2,20.3,10.2,Ober, Bailey
676534,2024,28,0.23,0.34,0.299,71.2,19.0,11.0,89.6,9.0,32.4,7.7,39.4,67.0,19.6,22.8,50.4,80.4,28.1,43.6,57.5,46.5,24.6,26.1,2.8,Faucher, Calvin
640451,2024,29,0.276,0.465,0.333,71.4,23.4,13.0,90.4,10.9,37.8,9.1,48.3,68.9,22.8,31.2,37.9,77.2,27.1,51.3,63.8,45.5,17.5,32.2,4.9,Harvey, Hunter
686610,2023,25,0.239,0.423,0.361,71.4,20.7,8.0,88.3,14.5,34.7,7.7,38.5,69.1,16.9,27.6,43.9,83.1,25.1,47.5,56.1,41.1,28.6,22.5,7.7,Waldichuk, Ken
579328,2025,34,0.25,0.428,0.327,72.5,30.2,16.0,91.0,14.5,34.2,9.4,42.2,67.8,17.0,27.0,41.6,83.0,23.6,48.3,63.0,40.3,27.6,25.7,6.3,Kikuchi, Yusei
621107,2025,31,0.266,0.469,0.378,72.3,27.0,12.0,89.6,11.4,34.0,9.4,40.6,67.4,13.4,32.0,36.4,86.6,20.5,50.1,63.4,42.2,29.5,24.6,3.7,Eflin, Zach
596001,2025,32,0.256,0.406,0.301,71.7,21.9,9.0,87.6,12.4,30.5,6.1,38.6,59.5,13.1,27.4,46.2,86.9,22.7,44.5,61.9,42.1,25.9,25.4,6.6,Junis, Jakob
605483,2024,31,0.177,0.283,0.241,71.4,22.1,30.0,86.5,14.6,32.9,5.7,28.9,65.3,24.2,31.6,58.6,75.8,37.7,46.0,64.8,42.5,26.8,21.9,8.8,Snell, Blake
663546,2024,27,0.247,0.386,0.306,70.5,18.1,13.0,88.7,2.3,29.6,5.3,37.4,62.8,12.6,26.6,43.3,87.4,21.4,45.2,68.7,59.3,16.9,21.0,2.9,Hjelle, Sean
670970,2024,25,0.221,0.349,0.304,71.0,18.7,11.0,86.6,7.1,31.8,8.4,32.4,69.0,18.9,31.6,49.3,81.3,27.3,52.1,62.7,51.4,20.7,21.8,6.1,Morejon, Adrian
676254,2025,29,0.251,0.368,0.306,70.6,19.8,12.0,87.0,5.9,31.1,5.0,35.6,58.4,15.9,26.1,36.0,84.1,21.6,43.2,58.9,50.0,18.9,26.7,4.4,Walker, Ryan
643511,2025,34,0.246,0.311,0.241,70.7,16.5,9.0,85.8,-2.9,26.0,2.1,33.1,70.8,10.5,29.6,36.0,89.5,15.9,54.6,74.2,61.6,12.8,22.7,2.9,Rogers, Tyler
641154,2024,28,0.237,0.402,0.306,71.6,20.7,29.0,87.9,13.3,35.9,8.2,37.5,70.8,19.2,32.9,43.7,80.8,27.0,51.8,67.5,44.0,26.6,24.9,4.6,López, Pablo
671106,2025,26,0.247,0.421,0.323,72.0,25.0,10.0,88.6,12.9,32.8,9.1,37.5,65.6,15.5,23.5,34.4,84.4,20.6,44.3,61.8,45.6,23.5,22.7,8.2,Allen, Logan
666142,2025,27,0.187,0.321,0.295,71.5,21.5,12.0,88.4,16.6,32.1,9.5,39.4,68.1,28.2,29.8,51.0,71.8,34.8,49.6,60.3,37.2,27.0,25.5,10.2,Ragans, Cole
678394,2024,25,0.254,0.405,0.319,71.9,23.5,23.0,88.5,6.2,34.2,7.4,41.1,65.1,16.8,29.7,43.5,83.2,25.9,46.3,64.1,51.3,19.6,24.3,4.9,Bello, Brayan
668933,2023,25,0.268,0.43,0.339,71.0,18.3,11.0,88.4,8.1,34.0,6.9,38.9,68.0,13.4,27.3,45.6,86.4,22.3,48.2,59.8,48.0,22.4,24.4,5.1,Ashcraft, Graham
608665,2023,32,0.231,0.385,0.312,72.3,26.4,5.0,88.6,16.0,32.2,6.9,35.6,64.1,20.8,27.7,44.5,79.2,29.2,43.6,63.5,38.5,28.2,24.7,8.6,Graveman, Kendall
650893,2024,27,0.244,0.401,0.338,71.4,19.2,5.0,89.8,14.1,33.7,7.4,41.1,71.7,19.1,27.9,42.4,81.1,26.1,48.6,55.4,43.7,24.7,22.6,8.4,Cabrera, Génesis
656546,2023,30,0.188,0.281,0.226,70.9,18.4,9.0,88.1,14.4,24.6,2.5,30.5,69.7,21.9,34.0,58.8,78.1,34.6,51.2,62.8,44.9,26.3,17.8,11.0,Hoffman, Jeff
663623,2023,26,0.254,0.45,0.335,72.1,25.8,4.0,90.4,14.7,33.1,10.3,39.6,64.0,12.6,22.7,33.5,87.4,17.9,43.7,56.8,42.5,30.1,20.6,6.8,Irvin, Jake
669194,2023,25,0.263,0.493,0.357,72.2,29.2,2.0,90.8,16.2,37.1,11.6,42.7,70.4,15.2,25.1,37.4,84.8,20.3,49.8,62.2,37.5,31.2,22.9,8.4,Nelson, Ryne
662253,2024,25,0.177,0.312,0.233,70.1,14.3,16.0,86.3,1.5,31.0,8.7,33.3,62.7,24.3,33.2,60.5,75.7,39.8,45.4,59.8,54.0,23.0,19.8,3.2,Muñoz, Andrés
506433,2025,38,0.218,0.395,0.334,72.0,26.6,8.0,87.3,15.3,32.5,8.9,33.0,65.3,16.7,25.5,41.9,83.3,23.0,47.0,64.5,40.4,28.6,21.2,9.9,Darvish, Yu
593576,2023,34,0.192,0.331,0.259,71.7,23.5,4.0,86.5,19.4,29.2,8.1,28.0,71.5,25.3,31.6,41.4,74.7,30.6,50.6,56.4,34.2,33.5,20.5,11.8,Neris, Héctor
663941,2023,27,0.241,0.401,0.298,72.0,25.4,4.0,88.1,14.9,32.3,7.6,35.7,68.5,16.5,29.0,41.3,83.5,23.6,49.2,62.2,41.8,28.9,22.1,7.2,Beck, Tristan
643410,2023,32,0.224,0.387,0.293,72.4,30.3,2.0,88.2,10.2,33.1,8.8,39.4,65.4,20.1,27.7,54.9,79.9,32.3,44.3,61.0,46.3,22.5,26.9,4.4,Leiter Jr., Mark
643511,2024,33,0.237,0.348,0.281,70.1,14.9,4.0,85.2,7.5,24.9,4.4,31.1,70.1,16.0,27.8,28.3,84.0,18.6,53.0,70.5,56.0,19.1,16.4,8.4,Rogers, Tyler
592866,2023,31,0.275,0.502,0.377,72.5,30.7,2.0,88.3,15.9,36.9,10.2,38.6,69.0,12.5,28.1,32.6,87.5,19.0,47.1,58.7,40.0,27.3,24.5,8.2,Williams, Trevor
671212,2025,25,0.218,0.378,0.312,72.5,29.8,8.0,91.1,15.1,29.2,10.2,46.0,64.6,21.1,21.0,55.9,78.9,29.0,43.9,58.4,44.5,28.5,17.5,9.5,Boyle, Joe
596001,2023,30,0.238,0.404,0.328,71.8,27.2,6.0,88.5,13.1,32.9,8.2,35.4,61.7,14.2,31.9,52.2,85.8,27.3,46.7,68.1,42.8,26.7,23.5,7.0,Junis, Jakob
666200,2024,26,0.253,0.44,0.315,72.0,24.9,6.0,90.4,16.5,33.3,9.9,41.1,69.6,19.3,29.8,51.8,80.7,29.6,48.9,62.4,38.5,33.3,23.4,4.7,Luzardo, Jesús
656222,2025,31,0.235,0.398,0.271,72.5,26.5,5.0,88.5,12.5,29.0,10.5,39.5,74.5,19.3,25.4,50.8,80.7,27.7,49.2,59.4,46.9,27.8,19.8,5.6,Beeks, Jalen
543056,2023,33,0.217,0.343,0.269,70.0,12.7,7.0,85.6,13.7,26.8,5.8,30.4,62.4,20.5,33.9,43.3,79.5,29.8,46.5,56.7,45.7,26.8,15.2,12.3,Coulombe, Danny
594902,2023,31,0.265,0.474,0.348,70.9,14.5,3.0,89.1,14.3,38.4,8.3,36.2,64.7,14.2,24.5,39.3,85.8,20.7,45.4,60.6,39.1,26.4,28.6,5.8,Lively, Ben
656427,2024,28,0.232,0.389,0.288,71.4,23.0,24.0,88.4,14.0,36.1,7.7,35.9,65.0,21.1,30.7,51.8,78.9,32.1,46.2,61.2,40.2,26.9,27.1,5.8,Flaherty, Jack
663947,2025,29,0.25,0.414,0.288,71.9,25.6,17.0,87.7,10.2,31.2,8.2,37.7,65.2,16.0,30.4,42.7,84.0,24.6,47.6,63.7,48.1,23.8,22.5,5.6,Holton, Tyler
605130,2025,32,0.227,0.365,0.301,71.6,24.1,12.0,86.2,17.0,32.2,7.3,30.5,57.1,19.9,27.3,50.8,80.1,30.8,41.3,56.5,44.1,25.4,20.3,10.2,Barlow, Scott
687765,2025,27,0.284,0.508,0.35,72.1,27.9,22.0,90.2,12.5,37.8,11.9,42.8,70.9,14.2,31.4,50.9,85.8,25.7,50.8,62.7,43.9,25.2,25.9,5.0,Spence, Mitch
657277,2024,27,0.27,0.421,0.288,71.9,26.0,19.0,89.8,2.5,32.1,7.0,46.2,60.9,11.9,33.0,35.7,88.1,20.8,46.2,69.6,57.2,17.3,23.2,2.3,Webb, Logan
621383,2023,31,0.25,0.453,0.331,71.1,19.9,3.0,90.3,16.9,35.3,9.2,37.0,68.2,19.4,22.9,42.3,80.6,24.8,46.4,66.5,37.0,33.2,24.5,5.4,Banks, Tanner
607625,2024,34,0.24,0.4,0.278,72.0,25.7,20.0,88.5,10.7,32.8,8.0,39.0,65.1,13.9,27.9,42.7,86.1,22.5,46.7,64.4,44.8,25.8,24.9,4.5,Lugo, Seth
657756,2023,27,0.268,0.478,0.393,71.4,22.1,2.0,89.2,16.5,38.6,10.1,40.5,73.8,16.3,23.5,40.4,83.7,21.5,50.3,63.4,34.0,32.0,26.5,7.5,Seabold, Connor
676534,2025,29,0.263,0.387,0.302,71.5,23.7,14.0,87.7,8.1,37.3,4.7,34.3,62.7,14.2,24.0,46.2,85.8,23.7,42.5,61.2,45.0,23.1,26.0,5.9,Faucher, Calvin
642547,2025,29,0.206,0.361,0.27,71.5,22.8,28.0,88.0,18.0,33.9,9.3,34.5,69.3,21.6,28.5,47.0,78.3,30.1,46.9,63.3,37.5,28.9,22.6,11.1,Peralta, Freddy
672582,2024,24,0.259,0.42,0.323,70.4,12.2,2.0,90.3,2.8,27.8,7.1,43.8,61.4,13.2,20.5,26.7,86.8,16.0,43.3,62.9,59.2,17.8,18.9,4.1,Zerpa, Angel
663542,2024,27,0.195,0.342,0.218,71.2,20.5,7.0,87.8,14.2,35.8,6.8,36.5,66.5,13.9,24.7,46.6,86.1,21.5,47.7,59.3,39.9,24.3,26.4,9.5,Hudson, Bryan
608344,2024,30,0.285,0.519,0.357,71.7,23.6,4.0,89.9,15.3,38.8,12.7,40.9,66.4,12.8,25.5,30.7,87.2,17.0,48.3,66.9,40.1,29.0,25.3,5.5,Irvin, Cole
808967,2024,25,0.232,0.367,0.278,71.4,23.9,6.0,88.4,8.4,34.2,8.3,41.3,64.3,17.0,31.7,48.2,83.0,27.0,48.3,62.2,48.3,20.0,27.9,3.8,Yamamoto, Yoshinobu
657746,2025,29,0.209,0.397,0.29,72.2,28.6,23.0,90.2,18.7,33.1,11.5,41.9,69.7,21.9,25.2,40.4,78.1,26.1,49.7,66.0,36.9,32.2,20.3,10.6,Ryan, Joe
676282,2025,25,0.229,0.37,0.289,71.4,22.2,9.0,89.5,12.5,34.3,7.2,41.8,60.6,24.9,22.7,44.7,75.1,29.7,43.2,60.3,41.4,25.9,26.3,6.4,Cantillo, Joey
641793,2023,27,0.268,0.441,0.308,71.8,22.9,5.0,89.6,12.8,33.9,8.3,41.9,72.0,13.6,31.6,40.7,86.4,21.0,53.4,69.3,42.2,27.3,23.5,6.9,Littell, Zack
622554,2023,28,0.243,0.4,0.318,72.4,31.1,3.0,85.5,14.8,35.8,8.1,31.1,75.1,23.0,28.9,39.7,77.0,28.0,50.6,58.0,42.6,23.0,23.0,11.5,Domínguez, Seranthony
450203,2025,41,0.247,0.409,0.36,72.2,26.0,31.0,91.2,10.5,33.3,8.6,43.6,67.3,16.5,27.2,55.0,83.5,27.9,46.8,60.2,44.4,24.9,25.4,5.3,Morton, Charlie
527048,2024,33,0.274,0.485,0.351,72.5,28.1,5.0,89.0,11.2,34.3,8.6,41.5,64.7,13.7,28.0,37.1,86.3,21.0,46.0,63.7,44.1,23.5,26.6,5.8,Pérez, Martín
640462,2024,29,0.198,0.301,0.265,71.0,20.3,14.0,86.2,16.8,35.2,4.0,33.5,64.2,24.1,32.1,49.7,75.9,31.8,49.3,66.1,37.5,30.7,22.7,9.1,Puk, A.J.
579328,2023,32,0.245,0.436,0.319,72.3,30.0,5.0,90.5,13.3,37.7,9.0,42.4,67.0,18.5,29.6,50.5,81.5,28.0,48.7,59.4,40.0,25.5,26.1,8.4,Kikuchi, Yusei
683769,2024,26,0.198,0.343,0.22,71.5,21.6,7.0,88.5,18.8,29.9,5.7,36.6,69.5,19.2,30.9,40.3,80.8,25.0,51.6,68.2,37.6,31.4,20.6,10.3,Gaddis, Hunter
694363,2023,24,0.265,0.445,0.341,71.4,19.3,0.0,89.4,18.4,34.7,6.9,38.7,68.4,15.3,23.9,38.7,84.7,21.6,45.6,62.2,35.8,29.5,22.5,12.1,Shuster, Jared
642397,2023,28,0.197,0.305,0.274,70.7,20.9,6.0,87.4,8.4,28.6,5.6,34.8,63.7,24.6,30.7,56.4,75.4,34.2,48.1,66.4,52.2,26.1,17.4,4.3,Soto, Gregory
661527,2024,29,0.243,0.397,0.323,71.3,20.8,6.0,88.4,16.4,31.1,6.7,40.2,67.0,17.4,26.0,36.3,82.6,23.0,45.7,60.2,42.1,22.0,24.4,11.6,Martinez, Seth
570632,2024,32,0.256,0.421,0.314,71.9,22.1,5.0,89.0,9.8,26.0,7.7,39.7,71.0,16.4,26.4,38.6,83.6,23.1,47.0,55.5,50.6,24.0,20.6,4.9,Ureña, José
670280,2023,28,0.193,0.325,0.259,71.6,23.0,6.0,88.0,15.6,29.5,5.2,40.5,75.4,25.6,34.5,47.2,74.4,32.8,54.1,60.1,42.2,30.1,18.5,9.2,Bednar, David
650633,2025,30,0.233,0.427,0.305,71.5,20.3,10.0,87.8,15.8,35.1,11.4,38.1,62.1,18.9,27.3,40.7,81.1,25.8,44.1,61.0,39.1,30.2,19.8,10.9,King, Michael
675848,2025,24,0.199,0.297,0.309,70.8,17.0,19.0,85.8,15.5,34.0,4.9,34.6,65.9,23.6,30.4,45.1,76.4,30.4,48.0,55.0,38.9,27.2,25.3,8.6,Mejia, Juan
608032,2024,31,0.218,0.404,0.235,71.2,18.6,5.0,90.3,19.5,38.9,10.1,42.3,72.3,22.1,24.6,40.0,77.9,25.6,52.3,68.8,32.2,32.9,27.5,7.4,Estévez, Carlos
669276,2024,29,0.198,0.342,0.277,71.7,23.8,13.0,87.5,16.8,35.4,7.5,32.0,75.1,26.7,37.4,62.9,73.3,37.7,57.4,69.9,36.1,33.3,26.5,4.1,Lee, Dylan
666200,2023,25,0.23,0.416,0.307,71.9,25.8,12.0,89.5,14.5,34.7,9.5,40.0,67.7,19.7,31.3,54.2,80.3,31.4,48.6,59.4,41.1,28.6,21.6,8.7,Luzardo, Jesús
668933,2024,26,0.275,0.444,0.342,71.5,21.5,18.0,90.6,8.8,31.9,7.7,42.7,72.3,13.2,26.2,46.6,86.8,22.1,49.3,56.0,49.2,22.7,22.7,5.4,Ashcraft, Graham
689147,2024,23,0.219,0.329,0.271,70.6,17.5,8.0,87.3,5.4,32.3,5.1,33.5,61.4,19.0,27.9,49.0,81.0,27.8,45.4,60.3,54.4,18.4,24.7,2.5,Kerkering, Orion
657376,2023,27,0.252,0.42,0.334,71.9,25.4,14.0,89.2,13.8,31.1,7.6,41.0,63.8,13.0,29.7,44.7,87.0,22.8,47.1,63.7,43.6,24.6,23.8,8.0,Schmidt, Clarke
621111,2024,29,0.26,0.432,0.37,70.9,20.2,7.0,88.3,10.8,36.2,6.9,37.8,65.6,12.3,24.5,39.1,87.7,19.4,45.4,60.5,45.9,22.4,27.2,4.5,Buehler, Walker
656638,2023,27,0.202,0.308,0.294,71.7,26.5,4.0,88.6,8.5,33.1,7.0,36.3,56.8,19.8,31.7,59.6,80.2,39.1,41.0,53.7,51.0,21.7,22.9,4.5,Lange, Alex
669194,2024,26,0.263,0.419,0.322,71.1,20.4,18.0,90.1,12.0,34.5,7.5,41.6,71.0,14.4,29.3,28.9,85.6,18.2,51.8,67.3,42.5,24.1,27.6,5.8,Nelson, Ryne
571578,2024,34,0.291,0.481,0.357,72.2,27.2,25.0,90.8,10.0,37.3,8.3,46.7,69.1,12.6,29.8,42.5,87.4,22.4,48.2,65.4,47.2,20.6,27.8,4.4,Corbin, Patrick
640462,2023,28,0.208,0.376,0.3,70.5,15.2,5.0,87.3,13.0,27.5,8.1,32.2,63.3,26.4,29.5,50.4,73.6,33.0,48.2,65.4,45.6,26.8,18.1,9.4,Puk, A.J.
663687,2025,28,0.24,0.353,0.289,70.6,18.4,4.0,88.0,14.9,34.8,5.6,32.6,63.9,17.5,24.1,40.0,82.5,23.0,45.6,61.7,34.8,28.7,30.3,6.2,Harris, Hogan
641941,2023,32,0.216,0.406,0.241,71.5,22.8,0.0,90.6,19.9,34.4,7.5,45.2,75.6,20.1,29.4,37.3,79.9,24.4,54.6,63.1,32.3,35.5,22.0,10.2,Pagán, Emilio
621051,2025,30,0.236,0.382,0.296,71.4,20.1,8.0,89.6,24.9,35.2,5.5,36.4,69.2,20.3,24.5,38.3,79.7,24.8,47.6,55.2,26.1,36.4,26.7,10.9,Wilson, Steven
686563,2025,24,0.271,0.485,0.358,72.0,24.2,15.0,90.3,17.4,37.3,10.7,45.4,70.6,15.6,25.1,38.6,84.4,21.4,48.4,60.9,37.6,30.1,23.3,9.0,Cannon, Jonathan
663623,2024,27,0.249,0.44,0.314,71.8,24.5,16.0,88.8,11.4,33.0,9.2,39.1,67.1,15.6,26.8,41.9,84.4,22.3,48.5,61.5,44.7,25.5,23.3,6.5,Irvin, Jake
666619,2023,23,0.245,0.32,0.283,71.8,22.9,1.0,88.9,2.9,32.8,1.5,34.8,64.4,18.4,33.5,53.5,81.6,30.0,49.4,62.5,52.2,15.9,30.3,1.5,Santos, Gregory
641941,2025,34,0.181,0.346,0.254,72.0,25.8,12.0,88.9,23.7,30.3,9.1,37.0,73.6,21.0,32.6,48.0,79.0,29.2,53.2,64.4,29.1,38.8,18.8,13.3,Pagán, Emilio
669199,2025,30,0.228,0.441,0.296,71.6,20.5,15.0,90.3,17.7,38.3,10.6,41.5,63.5,21.8,30.4,46.4,78.2,30.2,46.3,59.2,35.1,28.7,25.0,11.2,Bachar, Lake
592791,2024,32,0.254,0.428,0.289,71.9,23.1,20.0,89.7,15.9,32.2,7.2,38.8,65.6,12.1,27.8,39.9,87.9,19.5,48.2,65.6,40.4,30.7,22.9,6.0,Taillon, Jameson
664875,2023,28,0.218,0.337,0.303,70.2,17.4,3.0,89.5,7.8,32.2,5.4,39.0,57.5,15.4,24.8,45.8,84.6,24.1,41.7,61.3,48.8,18.5,26.3,6.3,Lawrence, Justin
665152,2024,28,0.239,0.435,0.294,71.5,23.3,13.0,87.4,15.1,31.1,9.8,35.4,65.0,17.0,27.4,38.3,83.0,23.3,46.2,62.6,42.3,29.3,18.6,9.8,Kremer, Dean
674370,2025,29,0.253,0.487,0.384,72.0,23.9,18.0,90.4,20.1,33.1,11.8,40.9,70.1,16.4,26.4,50.6,83.6,25.0,49.5,63.5,30.7,37.4,23.2,8.7,Bido, Osvaldo
663941,2025,29,0.261,0.429,0.286,72.1,26.2,17.0,90.1,14.7,34.7,8.7,38.2,67.8,13.7,28.1,48.1,86.3,22.9,49.1,64.2,42.2,25.4,23.7,8.7,Beck, Tristan
670174,2024,26,0.26,0.41,0.327,71.3,21.2,11.0,88.5,7.1,34.1,6.1,43.1,66.3,14.4,27.5,38.3,85.6,20.9,47.8,61.6,52.4,18.7,23.6,5.3,Winckowski, Josh
624133,2025,29,0.226,0.351,0.298,71.9,25.2,10.0,86.5,12.9,29.2,5.5,31.1,64.7,15.9,30.5,36.2,84.1,22.2,47.9,66.4,48.0,24.8,20.4,6.8,Suarez, Ranger
453286,2023,38,0.203,0.384,0.298,71.8,22.6,9.0,88.5,20.2,32.2,8.5,36.9,70.9,20.9,30.4,47.0,79.1,28.6,51.0,69.9,33.7,32.7,22.9,10.8,Scherzer, Max
640448,2024,32,0.259,0.43,0.309,71.7,22.3,4.0,91.3,10.6,31.6,7.0,48.1,72.4,18.2,27.3,40.3,81.8,23.1,53.2,65.8,46.5,24.6,25.7,3.2,Finnegan, Kyle
664208,2023,30,0.187,0.323,0.284,71.4,20.0,3.0,84.5,11.7,31.9,7.2,23.5,71.0,24.3,30.2,51.9,75.7,32.9,50.0,65.2,43.4,27.7,21.7,7.2,Maton, Phil
670912,2023,25,0.245,0.407,0.319,71.7,22.7,13.0,88.6,11.9,32.2,7.6,40.2,69.8,16.1,24.7,52.1,83.8,26.0,46.5,53.9,44.6,23.0,25.0,7.2,Oviedo, Johan
621053,2025,31,0.209,0.341,0.296,71.3,21.0,14.0,87.5,19.3,33.1,6.5,31.8,67.5,20.6,28.1,37.4,79.4,26.0,46.7,64.3,38.3,33.1,20.8,7.8,Ferguson, Tyler
669713,2023,25,0.259,0.477,0.33,70.8,18.6,7.0,88.7,14.1,37.3,12.3,38.1,61.7,16.7,27.1,36.9,83.3,22.7,44.6,62.4,41.2,26.5,26.2,6.2,Wesneski, Hayden
664076,2024,30,0.229,0.38,0.308,71.5,23.2,12.0,86.9,12.5,35.0,9.6,33.8,66.5,20.2,30.2,51.2,79.8,30.3,47.8,58.6,41.4,29.3,23.6,5.7,Cleavinger, Garrett
694335,2025,26,0.201,0.337,0.225,70.8,17.5,11.0,89.1,9.8,39.4,8.5,35.9,63.4,18.5,22.3,37.6,81.5,23.1,44.1,65.4,43.0,24.6,26.1,6.3,Svanson, Matt
665871,2023,25,0.255,0.419,0.303,71.8,24.1,6.0,87.6,11.4,31.2,9.0,41.2,64.7,13.8,23.0,38.8,86.2,20.8,42.9,57.0,47.3,22.8,21.9,8.0,Assad, Javier
543294,2023,33,0.267,0.416,0.296,71.5,22.0,7.0,85.2,11.2,33.7,6.2,31.5,62.0,13.7,33.9,32.5,86.3,21.1,46.7,67.0,47.4,21.6,23.1,7.9,Hendricks, Kyle
657571,2025,28,0.237,0.33,0.271,70.8,17.1,9.0,84.8,5.6,35.6,3.1,27.7,64.3,13.8,29.4,40.3,86.2,21.4,47.9,58.4,49.7,18.3,27.7,4.2,Ferguson, Caleb
669711,2024,29,0.246,0.373,0.31,70.6,16.3,3.0,88.9,12.8,33.5,5.9,40.5,64.1,15.2,30.7,32.2,84.8,20.3,48.3,56.2,41.1,28.1,24.9,5.9,Weissert, Greg
681857,2024,24,0.245,0.366,0.282,71.7,22.3,17.0,90.2,8.9,31.2,5.5,43.7,67.3,14.9,32.2,50.3,85.1,28.7,47.3,63.7,51.4,19.0,24.2,5.5,Olson, Reese
668674,2023,28,0.204,0.305,0.328,70.7,20.1,4.0,86.0,7.9,34.0,6.4,33.3,62.9,20.7,23.2,46.2,79.3,28.4,41.5,56.8,44.0,24.1,25.5,6.4,Erceg, Lucas
693433,2024,24,0.22,0.351,0.249,71.1,17.1,12.0,88.8,15.6,29.9,4.8,35.2,70.2,16.8,29.6,46.2,83.2,23.6,53.3,73.1,42.0,28.7,22.5,6.8,Woo, Bryan
615698,2024,29,0.271,0.444,0.358,71.5,23.3,9.0,89.1,11.1,37.1,7.3,41.2,69.7,16.7,24.1,34.4,83.3,21.6,45.7,62.7,44.4,24.2,26.0,5.4,Quantrill, Cal
641585,2023,28,0.264,0.462,0.319,71.8,24.1,2.0,89.6,13.1,33.9,8.1,38.7,65.2,15.2,23.5,41.7,84.8,21.9,44.9,58.2,42.2,25.8,24.6,7.4,France, J.P.
676477,2025,29,0.2,0.311,0.247,71.5,22.0,15.0,88.5,11.2,35.3,8.7,36.4,69.9,24.1,35.1,51.2,75.9,32.8,53.0,69.4,45.7,23.7,25.4,5.2,Whitlock, Garrett
672710,2024,24,0.257,0.452,0.322,71.5,23.8,4.0,89.8,11.3,32.9,9.7,43.5,66.1,13.2,28.1,40.1,86.8,20.9,47.5,59.0,45.4,30.0,19.8,4.8,Contreras, Roansy
657006,2024,28,0.212,0.317,0.271,71.8,24.4,19.0,86.9,12.3,30.9,4.2,33.2,68.3,17.3,29.1,44.1,82.8,23.7,51.5,68.1,45.6,23.0,23.0,8.4,Steele, Justin
675911,2023,24,0.202,0.347,0.279,70.9,17.3,20.0,88.5,17.0,40.2,8.2,36.1,70.7,26.5,34.3,65.0,73.5,38.6,53.0,67.1,34.9,31.8,25.8,7.5,Strider, Spencer
672841,2025,25,0.247,0.371,0.327,70.9,18.8,10.0,88.6,4.6,25.9,4.9,35.2,64.6,12.0,28.7,38.6,88.0,18.9,48.7,62.4,57.1,20.2,19.8,2.8,Vargas, Carlos
669194,2025,27,0.245,0.411,0.284,71.4,22.1,20.0,91.4,14.3,36.2,7.5,45.5,70.8,15.6,27.8,38.5,84.4,21.6,50.4,62.2,40.0,28.1,26.2,5.7,Nelson, Ryne
677952,2025,25,0.235,0.35,0.286,71.8,20.3,6.0,88.0,9.1,30.8,4.6,38.5,68.4,17.2,29.4,50.3,82.8,26.2,50.2,58.1,50.8,22.1,23.1,4.1,Ashcraft, Braxton
592773,2025,33,0.236,0.411,0.33,71.5,19.7,15.0,90.3,19.9,37.0,10.9,43.6,75.3,23.2,30.0,39.1,76.8,27.8,52.5,61.2,32.7,33.3,23.0,10.9,Stanek, Ryne
592351,2023,31,0.256,0.419,0.317,71.6,25.6,11.0,89.4,13.4,35.5,6.4,39.5,69.3,17.2,32.2,46.5,82.8,26.4,50.8,66.5,40.8,26.8,25.7,6.7,Gray, Jon
650556,2023,26,0.191,0.339,0.255,71.5,19.0,5.0,89.9,14.4,36.6,9.8,34.0,63.9,26.7,27.3,68.0,73.3,39.8,44.8,56.1,38.6,28.8,26.8,5.9,Abreu, Bryan
622663,2025,31,0.266,0.416,0.313,71.5,21.9,15.0,88.3,14.0,35.3,6.0,41.9,66.9,14.4,26.3,28.9,85.6,18.3,47.3,58.9,41.9,23.7,27.2,7.2,Severino, Luis
676710,2024,28,0.222,0.422,0.304,72.3,29.9,24.0,88.4,19.8,33.4,9.9,36.3,69.4,17.2,32.8,44.3,82.8,25.3,52.0,63.6,33.8,32.3,22.1,11.8,Crawford, Kutter
493603,2023,37,0.209,0.33,0.294,71.3,22.7,4.0,88.6,7.2,24.1,3.7,40.7,58.6,16.1,26.8,45.8,83.9,26.1,41.9,58.8,56.2,24.7,15.4,3.7,Ottavino, Adam
669461,2023,23,0.285,0.49,0.341,71.9,27.2,4.0,90.1,12.1,35.7,8.5,42.7,66.3,11.0,23.9,39.8,89.0,18.7,44.9,53.6,43.7,24.6,25.1,6.5,Liberatore, Matthew
554340,2023,32,0.234,0.366,0.312,71.5,21.1,9.0,87.0,10.7,31.9,6.6,35.2,67.1,23.4,29.9,48.5,76.6,31.3,48.2,63.5,47.3,20.9,24.7,7.1,García, Yimi
453286,2025,40,0.245,0.482,0.346,72.6,29.3,6.0,88.3,21.5,38.2,12.4,38.2,70.1,18.6,27.6,37.6,81.4,23.6,50.1,64.8,27.5,37.1,25.1,10.4,Scherzer, Max
642232,2025,33,0.256,0.422,0.318,71.6,22.0,4.0,86.1,15.5,39.9,6.9,34.0,66.1,20.8,24.9,42.1,79.2,26.6,45.5,68.9,39.4,31.4,23.4,5.9,Yarbrough, Ryan
666808,2025,27,0.219,0.33,0.285,71.6,21.4,15.0,88.6,6.2,28.6,6.0,40.5,65.7,16.2,29.4,54.5,83.8,28.4,47.3,56.0,53.6,19.0,22.6,4.8,Doval, Camilo
657612,2024,34,0.261,0.328,0.299,70.7,14.8,4.0,88.0,-6.6,20.1,1.7,40.6,66.4,8.6,30.3,25.0,91.4,12.8,50.8,70.2,67.8,12.1,18.4,1.7,Hill, Tim
669060,2023,25,0.242,0.411,0.281,72.0,29.5,4.0,88.6,16.9,36.7,7.0,35.8,70.2,12.4,26.7,34.6,87.6,18.5,48.7,61.1,37.6,31.0,24.9,6.6,Wilson, Bryse
592791,2023,31,0.255,0.467,0.322,71.1,18.8,8.0,88.3,16.7,36.2,10.7,38.4,67.9,17.1,29.2,34.2,82.9,22.0,49.1,69.6,38.4,28.1,23.9,9.6,Taillon, Jameson
805673,2025,25,0.265,0.447,0.338,71.8,24.8,14.0,89.2,16.5,44.2,9.9,38.8,69.4,18.5,30.2,51.1,81.5,27.5,51.1,65.8,33.1,30.6,29.3,7.0,Matthews, Zebby
687792,2024,23,0.207,0.352,0.294,71.7,25.2,13.0,89.4,18.0,30.9,8.1,34.7,69.3,23.6,27.9,43.8,76.4,29.3,48.9,60.7,36.9,31.4,24.2,7.6,Herz, DJ
669373,2023,26,0.194,0.293,0.238,70.6,17.3,12.0,88.5,8.7,24.6,4.2,40.3,69.4,23.1,33.5,51.3,76.9,31.3,53.0,62.6,51.8,19.4,19.9,8.9,Skubal, Tarik
663436,2025,28,0.273,0.466,0.322,72.3,27.0,22.0,90.7,11.2,36.0,9.7,44.6,70.2,13.1,28.0,43.4,86.9,21.6,49.4,57.6,45.9,26.7,22.2,5.2,Martin, Davis
543037,2024,33,0.223,0.385,0.286,71.5,20.1,11.0,89.7,17.0,31.6,7.4,39.5,68.6,17.8,27.3,43.2,82.2,24.8,48.3,67.2,38.3,27.0,23.8,10.9,Cole, Gerrit
518585,2024,34,0.22,0.387,0.307,71.3,22.1,18.0,88.7,13.9,41.3,9.8,44.1,67.4,23.5,29.9,65.2,76.5,38.2,46.7,59.8,35.7,26.6,30.1,7.7,Cruz, Fernando
592332,2023,32,0.231,0.406,0.292,72.1,25.9,8.0,89.4,12.3,36.9,9.9,43.3,68.2,19.9,32.6,45.8,80.1,28.9,49.3,63.4,42.9,26.4,24.7,6.0,Gausman, Kevin
672456,2024,23,0.282,0.464,0.341,71.7,23.6,11.0,88.9,15.5,34.6,7.6,37.9,67.4,13.4,26.6,44.8,86.6,21.5,48.3,66.7,40.5,25.9,25.2,8.3,Montero, Keider
656457,2025,31,0.22,0.404,0.291,71.7,23.2,10.0,90.0,20.4,35.0,10.0,40.7,67.7,17.3,26.1,49.1,82.7,26.2,46.8,60.8,33.6,35.7,22.9,7.9,Gilbert, Tyler
678606,2025,25,0.252,0.354,0.31,71.2,18.8,14.0,89.1,0.8,28.3,4.8,42.2,67.5,17.1,28.6,46.5,82.9,24.8,49.8,67.0,64.3,13.9,20.4,1.3,Ferrer, Jose A.
622072,2023,32,0.253,0.415,0.335,71.5,26.0,4.0,89.2,11.7,33.1,5.6,37.4,66.9,16.4,25.5,35.1,83.6,21.7,45.8,60.6,45.9,27.2,21.6,5.2,Wood, Alex
663855,2024,27,0.251,0.425,0.336,71.5,20.4,8.0,89.6,8.9,34.7,9.4,42.2,65.4,14.6,25.1,48.2,85.4,24.6,44.3,60.7,50.8,21.6,23.1,4.6,Hicks, Jordan
676272,2024,25,0.293,0.535,0.411,71.9,25.9,10.0,91.5,10.4,34.5,11.5,47.7,70.6,18.9,24.2,36.3,81.1,23.7,46.1,54.3,44.8,25.3,24.7,5.2,Miller, Bobby
693312,2024,25,0.234,0.366,0.315,70.5,16.5,7.0,90.0,10.8,34.0,8.5,40.5,70.5,18.6,25.2,50.8,81.4,28.2,45.9,57.6,43.1,26.1,26.8,3.9,Nicolas, Kyle
693433,2023,23,0.217,0.352,0.305,71.8,25.5,4.0,87.4,13.9,32.5,6.3,33.8,71.8,23.7,27.9,40.6,76.3,28.1,50.9,64.4,40.8,29.2,22.1,7.9,Woo, Bryan
663738,2025,28,0.253,0.414,0.327,71.6,20.9,4.0,88.6,10.4,28.3,8.0,42.5,59.4,14.8,25.8,40.1,85.2,22.3,42.9,61.1,49.1,25.0,18.4,7.5,Lynch IV, Daniel
607455,2025,31,0.206,0.355,0.285,71.0,20.5,15.0,89.8,13.8,35.1,8.8,38.6,68.8,16.4,28.6,50.6,83.6,27.2,47.7,60.6,39.8,35.7,18.7,5.8,Banda, Anthony
621381,2024,32,0.186,0.321,0.221,71.3,20.7,6.0,89.2,21.6,36.2,7.1,37.6,70.0,22.0,32.0,39.3,78.0,26.7,53.1,62.3,31.9,34.8,22.7,10.6,Strahm, Matt
621242,2024,30,0.164,0.292,0.269,71.2,20.0,11.0,85.9,13.9,32.1,7.3,30.3,68.4,28.6,30.7,57.9,71.4,38.1,48.9,63.0,44.0,22.9,19.3,13.8,Díaz, Edwin
663559,2024,27,0.264,0.465,0.32,71.9,25.8,15.0,90.1,17.0,36.6,9.0,41.3,67.8,13.7,27.8,36.4,86.3,19.6,49.5,58.7,37.5,28.1,25.8,8.5,Falter, Bailey
663423,2024,30,0.227,0.361,0.302,71.0,16.2,19.0,87.9,16.2,31.1,7.8,37.3,68.1,17.6,32.6,48.1,82.4,27.3,50.6,68.3,39.4,27.5,24.9,8.3,Thornton, Trent
676596,2023,27,0.292,0.468,0.342,70.3,18.8,1.0,90.7,-0.3,28.8,5.6,48.6,68.2,11.3,27.5,33.0,88.8,18.2,46.4,57.7,61.6,15.3,20.3,2.8,Fleming, Josh
680730,2024,24,0.255,0.443,0.311,72.2,26.8,19.0,89.6,15.3,35.3,8.1,38.9,71.3,14.9,30.1,41.1,85.1,22.3,51.4,64.9,38.7,28.2,26.9,6.2,Parker, Mitchell
571945,2025,36,0.271,0.513,0.342,71.9,24.2,9.0,89.3,13.8,34.0,12.7,41.8,65.8,13.0,25.5,27.6,87.0,16.5,48.0,69.5,40.8,30.8,21.9,6.4,Mikolas, Miles
657514,2025,33,0.21,0.326,0.256,71.6,25.4,7.0,87.6,9.5,28.5,7.3,35.8,61.0,9.4,26.0,42.6,90.6,19.3,43.6,61.4,50.3,21.9,18.5,9.3,Bernardino, Brennan
571945,2023,34,0.287,0.506,0.33,71.8,25.9,2.0,90.4,15.0,38.9,9.8,43.0,68.0,13.3,27.5,26.7,86.7,16.7,49.7,68.0,39.0,27.7,26.6,6.7,Mikolas, Miles
667755,2024,25,0.24,0.379,0.287,71.6,22.1,21.0,89.9,-0.9,28.5,6.6,44.3,64.7,13.4,29.4,43.7,86.6,23.7,46.0,56.2,60.1,15.8,21.8,2.2,Soriano, José
518886,2024,36,0.216,0.39,0.309,71.0,19.1,9.0,91.1,17.3,37.4,10.6,43.1,64.3,21.3,22.3,57.8,78.7,30.9,43.0,54.7,31.7,29.3,30.1,8.9,Kimbrel, Craig
694738,2024,25,0.238,0.363,0.294,71.1,17.2,4.0,89.0,10.6,35.0,4.9,39.2,57.5,17.4,26.7,40.0,82.6,25.3,41.0,61.3,47.6,18.2,27.3,7.0,Roupp, Landen
666129,2023,25,0.271,0.444,0.307,72.3,27.1,7.0,90.2,7.4,32.2,7.8,45.1,63.3,13.6,31.2,49.1,86.4,25.4,47.2,66.3,49.0,20.5,26.6,3.9,Garrett, Braxton
678692,2025,25,0.182,0.35,0.269,71.8,25.2,23.0,88.3,15.8,33.9,10.9,42.5,65.4,21.4,35.3,59.9,78.6,36.0,49.4,61.9,40.8,33.9,17.2,8.0,Henriquez, Ronny
680885,2024,24,0.238,0.38,0.286,71.5,20.5,17.0,87.6,11.7,35.2,4.9,39.8,69.5,18.3,34.2,48.8,81.7,27.4,53.1,67.2,43.0,25.3,24.7,7.0,Schwellenbach, Spencer
592454,2025,35,0.244,0.413,0.302,71.8,23.8,11.0,88.3,11.5,32.4,9.2,37.3,64.0,16.9,25.4,44.9,83.1,25.4,43.7,56.2,47.6,23.2,21.1,8.1,Kahnle, Tommy
666808,2024,26,0.182,0.319,0.327,71.2,22.1,11.0,89.5,-0.2,27.6,8.6,42.8,61.8,19.7,28.4,61.0,80.3,34.3,43.6,58.3,60.5,19.1,19.1,1.3,Doval, Camilo
666200,2025,27,0.228,0.355,0.29,71.8,23.7,28.0,88.5,13.1,34.2,6.6,37.1,64.7,20.5,30.5,53.3,79.5,30.8,47.8,67.4,42.7,25.3,25.3,6.6,Luzardo, Jesús
669276,2025,30,0.202,0.376,0.279,72.4,28.7,11.0,87.6,16.9,32.4,10.2,33.5,70.1,23.8,31.3,57.6,76.2,33.6,51.5,67.7,38.6,33.0,18.8,9.7,Lee, Dylan
663986,2023,27,0.238,0.415,0.311,71.8,21.2,2.0,89.1,14.1,34.0,8.5,38.3,73.0,23.2,29.9,46.1,76.8,30.6,49.9,62.1,42.6,27.1,22.9,7.4,Stephan, Trevor
674003,2024,26,0.23,0.409,0.273,71.6,23.9,5.0,88.8,17.8,35.3,8.9,34.8,67.6,17.3,30.0,38.2,82.7,23.6,49.1,69.2,36.6,28.6,25.0,9.8,Bradford, Cody
640470,2023,28,0.242,0.374,0.269,72.2,26.7,5.0,89.4,12.9,33.3,6.0,36.9,69.5,19.2,31.5,49.7,80.8,28.1,51.4,62.5,43.5,23.8,26.8,6.0,Alzolay, Adbert
623474,2025,31,0.217,0.353,0.287,71.6,22.7,12.0,88.7,18.5,35.2,7.3,39.1,65.6,18.3,26.1,50.6,81.7,26.9,46.6,64.2,35.2,28.8,25.3,10.7,Herget, Jimmy
669923,2025,27,0.249,0.399,0.3,71.7,24.3,21.0,90.6,11.7,35.3,8.5,43.9,68.4,17.1,29.8,48.6,82.9,26.7,49.0,64.7,44.4,23.4,26.8,5.4,Kirby, George
606930,2024,34,0.276,0.474,0.323,71.9,26.0,8.0,89.0,12.8,43.6,6.4,41.6,72.1,16.5,29.3,43.4,83.5,25.1,49.2,63.4,38.1,26.2,31.7,4.0,Barnes, Jacob
676775,2024,26,0.269,0.487,0.354,71.7,25.4,3.0,93.1,8.7,34.5,8.5,50.6,70.9,16.4,33.3,44.6,83.6,25.2,52.5,65.5,50.9,21.8,24.8,2.4,Winn, Keaton
593958,2023,30,0.243,0.402,0.284,72.1,27.4,13.0,88.6,13.8,31.4,7.5,38.5,67.7,18.1,27.9,38.4,81.9,23.8,47.8,64.1,42.6,23.4,26.7,7.3,Rodriguez, Eduardo
607259,2023,32,0.242,0.388,0.294,70.7,19.3,7.0,84.7,6.4,30.5,7.1,29.9,62.9,17.7,33.1,46.5,82.3,28.6,46.9,63.9,54.0,20.6,20.3,5.1,Martinez, Nick
676684,2024,29,0.261,0.384,0.261,70.5,15.1,5.0,88.4,7.4,36.6,2.9,38.0,68.6,19.6,29.2,36.6,80.4,24.3,49.9,61.0,48.3,21.5,26.8,3.4,Vest, Will
677161,2024,29,0.224,0.416,0.3,70.4,17.9,6.0,87.2,12.0,35.1,9.9,31.1,66.9,21.0,26.7,45.4,79.0,28.1,46.5,67.8,47.7,24.5,20.5,7.3,Kelly, Zack
683409,2025,22,0.271,0.478,0.387,71.5,21.5,5.0,89.9,5.6,31.5,9.9,42.9,73.7,21.1,29.5,48.4,78.9,29.7,50.1,55.8,49.8,23.2,23.2,3.9,Chivilli, Angel
676664,2025,29,0.241,0.446,0.352,71.7,24.8,13.0,89.2,21.2,33.5,9.4,39.4,67.5,18.6,25.2,30.1,81.4,21.6,47.3,62.1,30.2,36.6,24.1,9.2,Sears, JP
641755,2024,33,0.241,0.422,0.341,71.3,19.8,16.0,87.5,15.5,37.6,9.0,33.1,71.2,20.8,31.3,57.6,79.2,33.1,50.0,57.4,38.2,28.1,25.8,7.9,Kinley, Tyler
552640,2025,35,0.21,0.351,0.266,72.4,29.0,14.0,90.7,7.8,33.8,6.8,44.4,65.2,16.6,41.6,50.0,83.4,29.8,53.3,72.9,49.6,25.6,23.3,1.5,Kittredge, Andrew
801403,2025,23,0.249,0.448,0.354,71.3,20.3,14.0,88.7,12.5,36.5,11.5,40.5,69.8,17.2,23.5,40.3,82.8,22.9,47.0,56.7,42.4,27.3,25.0,5.3,Dollander, Chase
666374,2023,25,0.208,0.307,0.292,71.0,19.2,11.0,88.1,12.5,31.3,4.8,34.3,62.6,24.1,29.2,63.8,75.9,38.3,44.5,61.0,45.8,30.1,19.9,4.2,Brash, Matt
608723,2024,32,0.212,0.374,0.281,71.4,19.6,13.0,85.8,16.2,40.4,7.8,29.5,69.0,18.6,31.6,54.7,81.4,31.6,48.4,63.7,36.7,30.1,26.5,6.6,Voth, Austin
543521,2023,36,0.286,0.432,0.335,71.3,24.5,4.0,88.6,10.5,33.5,6.2,35.6,67.9,19.4,27.8,39.9,80.6,25.7,47.0,65.2,45.4,20.1,29.4,5.2,McHugh, Collin
625643,2023,29,0.213,0.385,0.286,71.3,22.5,5.0,88.1,14.3,33.3,9.4,38.4,75.0,23.0,29.1,48.4,77.0,30.5,51.2,62.3,40.3,30.2,21.4,8.2,López, Reynaldo
656546,2024,31,0.2,0.362,0.252,71.2,18.3,18.0,88.3,17.3,32.5,7.6,42.0,68.9,22.3,34.6,61.3,77.7,35.3,51.7,66.4,37.6,27.4,24.8,10.2,Hoffman, Jeff
605347,2024,31,0.218,0.384,0.298,71.1,19.6,8.0,88.7,9.1,28.1,8.2,39.7,59.9,15.0,24.6,45.2,85.0,23.1,43.3,65.6,51.4,26.0,15.8,6.8,López, Jorge
607259,2024,33,0.242,0.373,0.279,71.4,21.8,15.0,86.4,17.0,34.0,5.1,30.5,67.4,16.2,33.9,37.7,83.8,23.1,51.1,67.7,37.7,27.9,24.9,9.5,Martinez, Nick
686993,2025,28,0.203,0.366,0.278,71.4,21.3,18.0,89.8,22.0,33.5,9.6,38.9,70.8,20.6,31.9,50.3,79.4,30.8,50.0,61.4,29.9,34.1,24.0,12.0,Sterner, Justin
669724,2025,27,0.271,0.418,0.299,71.6,24.8,4.0,90.5,4.1,29.9,6.9,44.6,63.7,9.6,23.9,36.2,90.4,16.1,45.2,65.5,55.4,17.6,23.5,3.4,Hanifee, Brenan
628317,2024,36,0.254,0.431,0.351,71.3,19.8,14.0,88.4,17.0,36.9,8.2,36.1,66.6,13.3,30.9,43.3,86.7,23.9,47.2,60.2,36.4,29.0,26.1,8.5,Maeda, Kenta
669438,2023,23,0.305,0.537,0.368,73.2,31.9,1.0,91.4,15.7,38.9,9.8,44.6,73.6,15.4,27.5,46.9,84.6,23.6,51.3,61.3,40.4,30.6,24.4,4.7,Englert, Mason
669371,2025,25,0.212,0.366,0.328,71.2,19.2,8.0,88.8,23.3,31.5,7.5,37.0,66.9,19.6,19.7,45.4,80.4,25.6,42.8,52.7,32.2,28.1,23.3,16.4,Henry, Cole
669302,2023,26,0.238,0.411,0.29,71.7,22.1,14.0,90.5,13.6,35.0,9.0,44.6,71.5,18.1,29.8,49.3,81.9,26.4,52.2,63.5,42.2,28.5,23.2,6.1,Gilbert, Logan
681857,2023,23,0.251,0.461,0.283,71.6,25.1,14.0,90.8,12.8,36.1,10.9,42.8,64.6,14.3,29.9,52.7,85.7,27.4,46.3,60.2,42.1,24.9,26.3,6.7,Olson, Reese
671131,2025,26,0.255,0.448,0.374,71.7,23.4,15.0,91.0,16.7,30.8,9.8,49.1,66.5,17.0,27.8,45.4,83.0,25.3,47.3,53.5,41.5,28.2,20.1,10.3,Rutledge, Jackson
676467,2025,26,0.266,0.471,0.367,72.4,28.6,8.0,89.0,19.3,38.5,11.5,40.6,68.8,11.9,27.6,37.1,88.1,18.0,50.5,64.1,32.9,28.7,29.0,9.4,Gordon, Colton
594902,2024,32,0.239,0.412,0.315,71.6,21.7,13.0,90.2,14.0,30.7,6.5,41.5,68.5,13.0,24.3,34.5,87.0,18.6,46.6,65.7,42.6,28.3,21.1,8.0,Lively, Ben
695243,2025,26,0.157,0.279,0.225,70.2,14.7,22.0,87.9,16.4,36.6,9.9,37.6,66.7,29.8,35.5,69.9,70.2,45.2,49.9,58.2,41.6,27.7,21.8,8.9,Miller, Mason
543037,2023,32,0.229,0.38,0.256,71.5,20.9,11.0,89.2,14.8,33.7,7.6,39.2,70.6,19.4,29.9,41.9,80.6,26.2,50.1,67.7,40.3,27.4,24.9,7.4,Cole, Gerrit
668881,2025,25,0.202,0.373,0.267,71.2,20.0,24.0,90.4,20.2,35.8,9.6,45.0,70.8,23.0,32.4,53.5,77.0,31.4,53.4,68.8,34.2,31.9,22.7,11.2,Greene, Hunter
671345,2024,28,0.255,0.411,0.277,71.6,23.5,6.0,89.5,7.5,36.8,6.6,41.2,68.3,15.2,25.4,45.6,84.8,22.3,49.1,67.7,47.8,24.7,24.2,3.3,Foley, Jason
656234,2025,29,0.235,0.374,0.34,71.2,18.4,11.0,88.5,8.6,34.4,8.4,42.9,56.5,18.0,28.7,52.0,82.0,28.1,43.9,60.7,46.1,24.0,26.0,3.9,Bird, Jake
669212,2023,27,0.24,0.407,0.322,71.4,22.1,4.0,86.0,12.6,32.7,9.0,32.3,71.5,19.1,33.8,46.4,80.9,28.2,51.7,63.4,41.2,25.1,25.1,8.5,Morgan, Eli
661403,2024,26,0.213,0.305,0.175,70.9,18.8,12.0,86.5,3.0,31.8,3.6,29.7,72.4,20.1,36.8,43.9,79.9,27.1,56.3,66.2,57.8,15.1,24.0,3.1,Clase, Emmanuel
572955,2025,34,0.229,0.395,0.302,71.5,21.2,10.0,90.4,17.2,37.7,8.8,42.8,60.0,18.4,26.3,46.2,81.6,26.2,44.2,66.9,34.6,31.4,26.4,7.5,Johnson, Pierce
682842,2025,25,0.203,0.28,0.247,71.1,20.0,13.0,86.2,6.3,28.6,2.9,34.9,61.1,21.8,28.3,56.8,78.2,32.0,45.7,55.4,54.3,16.0,22.3,7.4,Uribe, Abner
605182,2023,32,0.236,0.41,0.312,70.8,16.8,6.0,88.1,21.4,34.9,7.2,35.9,69.4,15.3,29.0,41.8,84.7,23.2,49.1,63.4,31.3,33.8,23.3,11.5,Clevinger, Mike
680704,2023,26,0.212,0.411,0.284,70.2,12.0,4.0,86.7,16.9,25.9,10.2,40.1,65.2,24.7,28.8,47.7,75.3,32.0,46.5,61.9,42.2,32.0,16.3,9.5,Sandlin, Nick
694973,2024,22,0.191,0.302,0.247,70.9,20.1,17.0,87.8,8.4,27.8,5.2,36.3,68.5,20.8,30.9,46.5,79.2,28.7,49.8,61.9,52.3,20.3,20.3,7.2,Skenes, Paul
502624,2023,35,0.253,0.44,0.355,71.8,25.1,1.0,87.4,16.3,39.6,8.2,31.7,69.8,17.7,25.2,31.1,82.3,21.6,46.2,55.1,36.2,34.7,23.9,5.2,Anderson, Chase
666974,2024,30,0.232,0.369,0.303,71.7,23.7,4.0,89.9,-1.9,25.8,6.3,43.4,67.5,17.6,32.2,45.5,82.4,27.7,48.4,58.9,63.5,17.0,17.6,1.9,Cano, Yennier
605488,2025,32,0.249,0.431,0.309,71.4,21.6,14.0,88.3,19.2,38.2,8.1,37.3,65.8,18.5,28.4,41.9,81.5,26.0,46.3,60.3,31.9,29.5,29.2,9.5,Springs, Jeffrey
682610,2024,24,0.275,0.555,0.393,72.4,27.6,11.0,90.8,15.9,41.2,13.7,45.0,67.4,15.4,25.8,43.0,84.6,23.6,45.7,58.8,34.7,32.4,26.7,6.1,Muñoz, Roddery
666157,2025,27,0.227,0.389,0.293,71.6,22.3,32.0,88.8,12.6,31.0,8.1,40.5,67.0,17.9,32.8,47.5,82.1,27.5,50.0,67.9,44.6,27.1,21.3,7.0,Lodolo, Nick
650556,2024,27,0.196,0.337,0.288,71.2,17.2,16.0,90.4,16.0,32.1,8.7,38.0,64.4,21.4,27.8,63.3,78.6,34.0,46.2,56.0,39.7,29.9,25.5,4.9,Abreu, Bryan
674370,2024,28,0.18,0.28,0.265,72.1,27.6,8.0,85.6,21.7,32.5,4.3,27.0,69.2,17.6,27.1,47.9,82.4,26.4,47.7,58.7,30.7,29.4,23.9,16.0,Bido, Osvaldo
686580,2024,26,0.234,0.36,0.253,71.1,18.4,10.0,87.8,8.6,30.3,3.9,36.8,71.2,16.9,34.9,55.1,83.1,29.0,53.5,63.4,50.3,19.4,22.6,7.7,Slaten, Justin
593974,2023,31,0.234,0.371,0.293,72.1,27.4,1.0,86.8,3.6,26.4,7.1,34.3,70.5,17.2,32.6,45.8,82.8,29.7,46.8,57.7,57.1,22.1,17.1,3.6,Peralta, Wandy
702070,2025,25,0.245,0.411,0.281,71.9,24.7,20.0,87.9,13.0,32.6,6.3,37.4,65.9,18.4,28.1,46.3,81.6,26.6,47.2,57.7,42.2,26.8,22.5,8.6,Cameron, Noah
628452,2024,34,0.195,0.302,0.2,71.5,20.1,8.0,86.0,14.2,25.7,4.0,30.9,68.5,23.5,37.1,45.5,76.5,31.5,52.3,64.8,45.1,29.1,19.4,6.3,Iglesias, Raisel
592789,2023,30,0.296,0.544,0.371,71.5,18.9,1.0,88.7,14.8,38.9,11.1,42.2,68.4,14.1,26.0,30.1,85.9,17.9,49.1,62.1,38.2,27.8,28.1,5.9,Syndergaard, Noah
592773,2023,31,0.218,0.407,0.3,71.7,22.9,3.0,90.1,22.5,32.9,7.1,44.3,76.9,24.1,27.4,49.6,75.9,30.7,52.4,60.6,30.7,37.9,22.9,8.6,Stanek, Ryne
650911,2025,28,0.225,0.345,0.264,72.0,26.9,18.0,89.0,3.0,27.0,5.7,39.8,66.0,22.0,31.6,49.4,78.0,30.4,49.5,65.4,58.5,16.9,22.0,2.6,Sánchez, Cristopher
489119,2023,36,0.249,0.42,0.293,72.3,29.3,6.0,87.3,10.8,30.0,7.6,31.3,64.7,14.2,26.7,30.1,85.8,19.1,45.1,60.6,47.4,26.2,18.5,7.9,Miley, Wade
656849,2025,29,0.27,0.407,0.311,72.2,27.3,25.0,90.6,4.3,34.4,6.4,46.0,65.7,14.3,28.1,46.2,85.7,24.0,46.8,63.8,55.4,16.0,26.6,2.0,Peterson, David
669203,2025,30,0.227,0.385,0.288,72.5,31.3,9.0,89.5,6.6,33.5,8.1,41.6,63.3,12.3,31.9,48.3,87.7,25.7,46.3,65.7,50.9,19.1,25.4,4.6,Burnes, Corbin
614179,2024,29,0.252,0.419,0.32,71.0,22.1,12.0,90.7,12.4,28.6,8.2,42.2,70.8,16.9,32.3,49.3,83.1,27.6,50.8,64.8,44.9,25.2,25.2,4.8,Ruiz, José
607259,2025,34,0.257,0.41,0.317,71.9,24.2,18.0,88.3,16.2,37.0,6.9,34.5,65.5,14.1,24.5,39.0,85.9,19.9,47.1,61.3,39.3,27.7,24.9,8.1,Martinez, Nick
593334,2023,30,0.235,0.428,0.297,73.3,35.7,3.0,88.3,16.3,33.8,9.7,41.4,69.1,21.2,33.6,48.1,78.8,30.3,50.9,64.2,39.7,28.6,22.1,9.7,Germán, Domingo
623465,2023,28,0.224,0.357,0.232,71.0,16.7,4.0,88.2,15.0,29.6,6.6,36.8,63.8,17.7,31.4,53.8,82.3,29.6,47.7,60.3,44.1,27.0,24.3,4.6,Phillips, Evan
605452,2024,31,0.238,0.395,0.299,72.1,25.4,10.0,88.7,16.7,30.8,8.0,38.8,68.8,18.1,27.5,52.3,81.9,27.1,49.4,66.6,41.5,30.8,20.1,7.6,Ross, Joe
425794,2023,41,0.32,0.562,0.414,71.8,24.4,2.0,89.0,12.9,40.6,11.1,38.8,62.3,8.6,21.7,25.5,91.4,13.1,41.3,54.5,41.1,28.4,26.9,3.6,Wainwright, Adam
656756,2023,30,0.249,0.41,0.298,72.3,30.7,14.0,88.3,12.0,36.3,7.5,37.9,66.5,17.7,30.0,43.0,82.3,26.0,47.6,64.7,43.8,23.6,27.0,5.5,Montgomery, Jordan
669461,2024,24,0.248,0.425,0.313,71.5,23.1,11.0,89.7,13.2,31.7,7.1,38.6,72.5,18.0,27.9,47.4,82.0,25.1,52.1,64.2,44.0,27.0,22.2,6.7,Liberatore, Matthew
669467,2023,24,0.255,0.356,0.341,70.1,12.9,2.0,89.0,-11.6,19.5,3.5,41.6,67.8,10.7,21.9,42.6,89.3,18.2,45.3,58.9,77.0,7.1,15.0,0.9,Pallante, Andre
571882,2024,33,0.257,0.368,0.282,71.5,20.3,14.0,88.2,9.0,34.5,3.8,35.2,67.8,16.0,34.0,50.8,84.0,28.6,49.9,60.8,48.1,18.6,28.8,4.5,Law, Derek
680767,2024,24,0.254,0.428,0.322,70.6,16.2,8.0,91.3,4.5,27.6,7.8,49.3,67.0,15.4,22.8,39.2,84.6,21.8,44.1,56.6,53.9,20.3,23.5,2.3,Vodnik, Victor
571510,2025,34,0.24,0.398,0.287,71.8,23.6,14.0,88.5,18.0,31.4,9.0,38.0,70.4,17.7,28.8,38.6,82.3,23.1,51.5,67.8,39.0,30.4,21.1,9.6,Boyd, Matthew
668868,2023,25,0.255,0.422,0.329,70.8,19.2,6.0,90.3,11.6,35.6,6.9,43.6,60.8,16.1,26.7,41.7,83.9,23.9,43.8,58.2,45.7,22.3,25.5,6.4,Thompson, Zack
542888,2024,33,0.275,0.453,0.345,71.5,20.8,2.0,88.9,16.7,36.6,8.9,38.1,68.7,19.1,29.6,33.3,80.9,22.9,50.9,69.5,35.6,25.2,28.7,10.4,Armstrong, Shawn
595345,2023,31,0.216,0.398,0.319,71.5,21.4,3.0,88.2,23.5,43.2,9.5,34.5,68.4,24.4,26.7,47.1,75.6,30.7,47.6,64.0,26.4,33.8,29.1,10.8,Okert, Steven
676263,2025,26,0.2,0.33,0.247,72.5,30.3,10.0,90.3,17.0,30.6,5.3,39.7,72.5,18.7,26.6,52.1,81.3,26.7,51.4,59.1,39.2,28.7,22.0,10.0,Dreyer, Jack
592836,2024,31,0.291,0.564,0.413,72.6,28.9,8.0,91.4,15.4,37.8,13.4,46.3,64.1,10.3,25.1,32.4,89.7,16.7,44.1,62.2,37.5,27.2,28.3,7.1,Walker, Taijuan
593958,2024,31,0.272,0.491,0.35,71.9,26.9,5.0,88.7,14.5,39.5,10.8,42.0,65.3,20.5,28.8,26.4,79.5,22.4,46.4,62.1,38.2,28.7,27.4,5.7,Rodriguez, Eduardo
657044,2024,32,0.254,0.407,0.29,72.3,28.5,8.0,90.0,-0.5,26.5,7.4,44.6,65.1,15.2,33.6,39.0,84.8,23.0,49.8,66.5,62.7,15.2,17.6,4.4,Thompson, Ryan
666277,2023,24,0.247,0.407,0.308,71.4,21.6,5.0,89.9,13.1,34.5,7.4,38.5,64.1,18.8,25.7,52.6,81.2,28.8,44.5,52.0,43.2,25.7,23.6,7.4,Soriano, George
663554,2024,27,0.283,0.44,0.335,71.4,21.4,9.0,90.6,9.3,32.4,7.9,44.6,70.9,14.7,27.3,41.7,85.3,22.0,49.5,67.9,49.6,21.0,24.2,5.2,Mize, Casey
656731,2023,27,0.279,0.48,0.35,71.8,22.1,5.0,89.8,11.7,37.0,9.1,42.6,67.4,16.8,23.6,41.5,83.2,23.4,44.9,54.3,44.3,26.7,23.9,5.0,Megill, Tylor
668674,2025,30,0.248,0.388,0.283,71.5,22.8,4.0,89.1,8.2,27.9,7.3,37.4,67.3,16.1,29.4,45.3,83.9,24.7,48.7,64.6,52.0,19.0,21.8,7.3,Erceg, Lucas
674003,2023,25,0.24,0.477,0.333,71.7,22.5,4.0,90.9,19.6,37.1,11.8,43.5,66.2,16.9,29.2,35.3,83.1,22.1,48.9,64.1,34.1,32.4,24.7,8.8,Bradford, Cody
621383,2025,33,0.252,0.42,0.273,71.2,19.7,5.0,87.8,14.9,40.4,7.8,36.8,69.2,15.7,26.7,41.5,84.3,21.9,50.1,65.0,38.9,26.9,28.5,5.7,Banks, Tanner
434378,2023,40,0.225,0.394,0.284,71.6,25.2,13.0,90.0,18.9,30.5,8.2,41.3,68.0,16.5,30.6,36.1,83.5,22.5,49.6,57.4,36.2,28.2,23.4,12.2,Verlander, Justin
640455,2025,33,0.24,0.422,0.337,71.5,21.0,9.0,89.8,17.3,39.6,8.9,42.6,69.4,20.4,30.8,45.3,79.6,26.8,52.4,64.6,37.9,24.9,26.6,10.7,Manaea, Sean
682847,2023,24,0.296,0.529,0.356,72.5,30.7,0.0,92.4,6.7,31.6,10.0,49.1,68.3,14.0,26.2,41.5,86.0,22.6,45.5,58.0,48.5,25.4,24.4,1.7,Ortiz, Luis
519242,2025,36,0.205,0.321,0.278,70.9,19.1,33.0,87.2,12.0,36.4,6.3,35.4,63.9,18.9,32.3,54.7,81.1,30.1,48.9,67.5,40.1,30.8,24.2,5.0,Sale, Chris
663559,2023,26,0.276,0.472,0.354,71.8,24.6,5.0,89.6,14.8,34.1,9.0,39.3,68.8,11.8,29.2,36.2,88.2,18.3,50.6,65.1,40.4,23.2,26.6,9.7,Falter, Bailey
596295,2024,30,0.275,0.501,0.339,72.0,24.6,4.0,90.2,15.0,37.7,9.6,41.2,68.7,14.6,25.9,35.3,85.4,19.9,48.3,62.2,38.4,28.7,26.8,6.1,Gomber, Austin
681343,2025,25,0.229,0.383,0.296,71.8,23.5,28.0,90.3,13.3,35.4,6.7,45.4,68.3,19.9,25.2,52.1,80.1,27.7,48.3,60.4,41.1,27.9,26.4,4.5,Smith, Shane
669093,2025,26,0.182,0.325,0.295,70.7,19.7,13.0,90.1,21.4,33.1,9.0,39.2,70.0,27.2,33.5,51.2,72.8,34.9,51.9,64.2,35.5,30.1,21.7,12.7,Estrada, Jeremiah
605540,2025,32,0.171,0.299,0.252,71.9,24.6,8.0,87.9,24.6,28.8,7.1,35.9,68.1,24.3,27.1,40.2,75.7,27.9,50.5,65.8,34.0,33.3,16.7,16.0,Woodruff, Brandon
680573,2025,24,0.214,0.402,0.308,72.1,26.9,13.0,90.2,20.0,34.0,11.4,41.6,69.4,16.7,26.1,44.2,83.3,24.1,48.0,59.2,33.3,34.9,21.0,10.8,Woods Richardson, Simeon
669302,2025,28,0.206,0.367,0.28,71.9,25.0,26.0,90.8,15.0,32.1,8.6,41.7,70.6,21.6,30.4,60.7,78.4,32.9,51.1,69.0,39.8,28.4,24.1,7.7,Gilbert, Logan
688138,2025,24,0.272,0.466,0.339,72.4,28.3,7.0,89.9,13.6,36.3,10.5,42.6,63.6,12.3,25.2,38.7,87.7,19.4,45.0,62.0,40.2,25.0,28.5,6.3,Evans, Logan
656605,2024,28,0.246,0.415,0.331,71.1,18.5,23.0,88.8,12.4,38.0,7.2,39.3,64.8,14.4,28.3,39.7,85.6,21.5,47.6,61.4,39.8,26.3,28.3,5.6,Keller, Mitch
621389,2023,32,0.327,0.549,0.389,72.5,30.9,8.0,90.1,13.2,41.9,11.0,43.4,67.0,8.8,30.5,30.3,91.2,15.3,49.2,64.2,39.3,26.1,30.1,4.4,Blach, Ty
677960,2023,23,0.244,0.421,0.393,72.2,27.5,1.0,89.2,16.2,33.7,7.6,34.8,66.6,20.2,20.7,34.5,79.8,23.6,43.9,57.2,38.0,29.3,23.4,9.2,Weathers, Ryan
656550,2025,29,0.24,0.414,0.316,72.1,25.4,32.0,90.1,9.3,36.4,10.1,41.9,69.0,17.5,28.8,57.4,82.5,29.7,48.3,58.9,45.8,27.6,23.1,3.6,Holmes, Grant
657053,2023,27,0.248,0.41,0.317,71.6,23.3,5.0,89.1,7.0,34.0,7.7,39.6,59.5,14.3,25.2,44.7,85.7,25.2,40.1,50.3,50.2,21.7,24.7,3.4,Toussaint, Touki
640448,2025,33,0.226,0.338,0.273,72.4,27.1,6.0,90.4,11.5,32.5,7.8,42.9,67.5,18.1,27.7,44.7,81.9,24.6,50.0,65.6,49.4,22.7,22.1,5.8,Finnegan, Kyle
676130,2024,26,0.19,0.334,0.26,72.1,26.6,13.0,88.7,15.9,30.2,7.6,37.8,66.1,18.1,30.7,49.4,81.9,32.0,43.8,53.4,41.3,26.2,23.3,9.3,Buttó, José
547179,2025,33,0.261,0.451,0.339,71.9,26.1,21.0,89.3,15.3,36.6,8.8,39.2,67.6,16.5,28.4,39.9,83.5,23.4,48.1,62.7,39.2,27.2,24.9,8.8,Lorenzen, Michael
664208,2025,32,0.195,0.282,0.266,71.0,19.0,15.0,84.8,12.2,38.7,3.6,30.7,62.1,28.7,30.7,52.3,71.3,36.2,46.9,59.5,46.0,19.7,27.7,6.6,Maton, Phil
605483,2023,30,0.205,0.352,0.266,71.9,23.7,15.0,87.2,10.6,37.0,7.4,33.8,65.6,23.8,27.9,58.4,76.2,37.3,42.9,59.3,43.7,24.9,26.4,4.9,Snell, Blake
669373,2024,27,0.205,0.331,0.246,71.1,21.4,17.0,87.5,12.0,33.1,6.7,33.9,68.3,25.0,31.1,50.8,75.0,31.9,51.8,68.7,46.4,24.7,21.8,7.1,Skubal, Tarik
663474,2024,26,0.237,0.488,0.359,71.8,24.0,8.0,90.7,20.0,31.6,13.0,41.9,64.3,12.4,22.2,52.0,87.6,23.1,42.5,52.9,35.3,34.9,20.0,9.8,McKenzie, Triston
641656,2023,28,0.217,0.321,0.275,71.3,18.0,2.0,86.0,4.8,31.2,5.7,36.9,66.4,25.7,31.3,50.9,74.3,34.6,47.5,58.4,56.0,14.9,24.8,4.3,Hamilton, Ian
519151,2024,35,0.238,0.405,0.314,71.7,22.1,5.0,89.8,6.2,37.0,7.9,41.8,69.2,15.0,31.6,52.6,85.0,26.9,50.3,62.7,50.9,20.0,26.7,2.4,Pressly, Ryan
571948,2024,33,0.245,0.349,0.297,71.2,20.6,8.0,87.7,8.4,30.9,2.7,36.2,59.0,16.4,26.4,26.3,83.6,19.3,43.2,65.0,53.7,20.2,20.7,5.3,Milner, Hoby
676979,2024,25,0.201,0.35,0.28,71.4,20.6,20.0,88.3,11.1,34.5,9.2,38.8,70.3,25.5,33.5,51.5,74.5,33.1,53.2,64.0,45.1,25.9,23.6,5.5,Crochet, Garrett
643511,2023,32,0.219,0.311,0.284,70.9,19.6,2.0,84.4,8.7,26.2,2.2,27.6,70.1,19.5,29.2,30.5,80.5,22.4,51.2,65.1,53.3,20.9,17.8,8.0,Rogers, Tyler
668678,2025,29,0.242,0.434,0.315,72.0,27.8,36.0,90.1,12.4,34.3,9.7,43.0,63.3,11.4,28.6,47.6,88.6,23.7,44.9,66.2,44.4,30.3,22.0,3.3,Gallen, Zac
681217,2023,23,0.229,0.394,0.313,71.7,22.7,6.0,88.7,8.5,35.0,10.2,42.3,63.1,19.1,26.7,46.8,80.9,27.9,44.0,61.1,48.9,24.1,23.4,3.6,Silseth, Chase
663465,2025,27,0.241,0.391,0.293,71.8,23.8,7.0,88.2,17.8,34.4,5.7,35.9,67.5,16.1,26.3,31.3,83.9,19.6,49.5,65.4,38.3,26.3,23.4,12.0,Allard, Kolby
656605,2023,27,0.248,0.406,0.31,71.6,24.2,9.0,87.7,10.3,36.5,8.6,35.6,65.5,18.1,27.1,37.6,81.9,23.2,47.8,63.8,44.2,25.5,25.0,5.3,Keller, Mitch
605347,2023,30,0.281,0.454,0.37,70.9,18.5,4.0,90.9,9.4,36.9,6.4,45.5,64.9,13.0,28.7,47.4,87.0,23.2,47.3,64.3,47.1,18.2,28.3,6.4,López, Jorge
681190,2025,26,0.267,0.481,0.311,72.4,28.8,7.0,89.1,17.2,34.2,10.9,39.3,64.9,11.4,25.1,28.7,88.6,15.7,46.4,60.5,40.2,27.9,21.0,10.9,Vásquez, Randy
669854,2024,30,0.224,0.398,0.276,71.8,26.3,17.0,88.7,16.4,30.1,9.3,35.5,68.5,17.7,30.3,52.8,82.3,29.0,48.6,60.5,39.9,31.0,20.7,8.4,Blanco, Ronel
656945,2025,30,0.247,0.418,0.332,72.0,27.5,13.0,90.8,18.0,34.0,9.0,42.3,73.0,21.2,35.8,49.3,78.8,29.5,55.9,66.8,39.7,26.3,25.0,9.0,Scott, Tanner
657746,2024,28,0.207,0.365,0.282,71.2,21.4,17.0,88.3,18.5,33.6,8.5,36.6,68.0,21.4,30.0,40.8,78.6,26.6,50.9,70.4,36.4,29.2,22.6,11.8,Ryan, Joe
663947,2024,28,0.213,0.335,0.221,71.8,26.2,12.0,86.6,11.4,29.3,5.5,32.8,63.7,17.0,33.2,38.3,83.0,24.5,48.2,63.7,47.7,23.0,21.5,7.8,Holton, Tyler
678495,2025,25,0.188,0.308,0.239,70.9,17.8,9.0,87.0,17.7,27.6,7.8,36.2,66.7,23.2,30.7,50.4,76.8,31.1,49.8,57.1,37.1,31.0,21.6,10.3,Rodríguez, Randy
547179,2023,31,0.253,0.443,0.304,71.2,19.7,2.0,90.0,13.8,33.9,8.0,40.2,68.6,15.1,30.1,36.9,84.9,21.7,49.4,66.7,41.9,30.0,23.1,5.0,Lorenzen, Michael
668881,2024,24,0.188,0.314,0.265,71.5,20.3,24.0,87.3,20.8,29.0,5.2,32.5,72.6,22.0,29.2,48.3,78.0,29.7,50.6,62.2,35.0,31.7,20.8,12.6,Greene, Hunter
683004,2025,25,0.235,0.427,0.298,72.3,26.9,22.0,90.5,16.1,33.8,10.8,43.9,68.9,16.8,25.0,46.5,83.2,24.3,47.8,58.5,37.8,30.0,23.2,8.9,Leiter, Jack
669622,2025,30,0.215,0.365,0.245,71.4,20.6,8.0,89.6,8.4,23.7,7.2,44.6,56.0,9.6,24.2,51.2,90.4,20.6,41.5,58.4,48.9,30.2,16.5,4.3,Bender, Anthony
543294,2025,35,0.246,0.408,0.324,72.2,27.8,4.0,86.1,16.3,32.6,8.3,34.3,64.2,14.8,31.6,25.4,85.2,18.3,48.0,65.6,39.2,28.9,22.9,9.0,Hendricks, Kyle
445276,2025,37,0.213,0.425,0.246,72.8,32.4,9.0,91.5,25.4,31.2,8.9,44.6,75.9,22.0,28.6,39.6,78.0,25.8,55.7,63.4,28.7,43.3,16.6,11.5,Jansen, Kenley
663903,2024,27,0.265,0.437,0.316,71.7,25.2,29.0,88.9,8.9,35.6,8.0,41.7,64.9,13.7,26.1,51.4,86.3,25.1,44.7,58.5,48.3,20.8,27.1,3.8,Singer, Brady
663559,2025,28,0.263,0.462,0.324,71.5,24.0,11.0,90.5,18.3,32.3,9.5,45.1,66.0,13.0,24.9,33.8,87.0,18.1,47.0,57.5,36.2,29.0,24.4,10.5,Falter, Bailey
