"last_name, first_name","player_id","year","player_age","ab","pa","hit","single","double","triple","home_run","strikeout","walk","k_percent","bb_percent","batting_avg","slg_percent","on_base_percent","on_base_plus_slg","b_rbi","b_total_bases","r_total_caught_stealing","r_total_stolen_base","b_sac_fly"
"Cabrera, Miguel",408234,2023,40,334,370,86,62,20,0,4,74,31,20,8.4,".257",".353",".322","0.675","34","118","0","0","3"
"Cruz, Nelson",443558,2023,42,143,152,35,24,5,1,5,46,6,30.3,3.9,".245",".399",".283","0.682","23","57","0","1","1"
"Peralta, David",444482,2023,35,394,422,102,69,25,1,7,72,20,17.1,4.7,".259",".381",".294","0.675","55","150","1","4","6"
"Longoria, Evan",446334,2023,37,211,237,47,27,9,0,11,73,23,30.8,9.7,".223",".422",".295","0.717","28","89","0","0","3"
"Blackmon, Charlie",453568,2023,36,359,413,100,63,24,5,8,55,39,13.3,9.4,".279",".440",".363","0.803","40","158","1","4","4"
"Maldonado, Martín",455117,2023,36,362,407,69,42,12,0,15,139,30,34.2,7.4,".191",".348",".258","0.606","36","126","0","0","0"
"Solano, Donovan",456781,2023,35,394,450,111,79,26,1,5,100,40,22.2,8.9,".282",".391",".369","0.760","38","154","0","0","1"
"McCutchen, Andrew",457705,2023,36,390,473,100,69,19,0,12,100,75,21.1,15.9,".256",".397",".378","0.775","43","155","3","11","4"
"Turner, Justin",457759,2023,38,558,626,154,100,31,0,23,110,51,17.6,8.1,".276",".455",".345","0.800","96","254","1","4","6"
"Votto, Joey",458015,2023,39,208,242,42,22,6,0,14,62,27,25.6,11.2,".202",".433",".314","0.747","38","90","0","0","0"
"Andrus, Elvis",462101,2023,34,374,406,94,67,20,1,6,71,25,17.5,6.2,".251",".358",".304","0.662","44","134","4","12","2"
"Santana, Carlos",467793,2023,37,550,619,132,75,33,1,23,104,65,16.8,10.5,".240",".429",".318","0.747","86","236","0","6","4"
"Belt, Brandon",474832,2023,35,339,404,86,44,23,0,19,141,61,34.9,15.1,".254",".490",".369","0.859","43","166","0","0","2"
"Gurriel, Yuli",493329,2023,39,298,329,73,50,16,3,4,44,26,13.4,7.9,".245",".359",".304","0.663","27","107","0","4","4"
"Rojas, Miguel",500743,2023,34,385,423,91,69,16,1,5,48,26,11.3,6.1,".236",".322",".290","0.612","31","124","3","8","5"
"Escobar, Eduardo",500871,2023,34,288,309,65,48,6,5,6,78,18,25.2,5.8,".226",".344",".269","0.613","31","99","1","2","2"
"Pham, Tommy",502054,2023,35,426,481,109,63,27,3,16,106,47,22,9.8,".256",".446",".328","0.774","68","190","3","22","6"
"Martinez, J.D.",502110,2023,35,432,479,117,55,27,2,33,149,34,31.1,7.1,".271",".572",".321","0.893","103","247","0","1","9"
"Goldschmidt, Paul",502671,2023,35,593,687,159,103,31,0,25,161,87,23.4,12.7,".268",".447",".363","0.810","80","265","2","11","3"
"Altuve, Jose",514888,2023,33,360,410,112,72,21,2,17,71,44,17.3,10.7,".311",".522",".393","0.915","51","188","2","14","1"
"Segura, Jean",516416,2023,33,301,326,66,56,5,2,3,47,22,14.4,6.7,".219",".279",".277","0.556","21","84","2","6","0"
"Marte, Starling",516782,2023,34,315,341,78,65,7,1,5,69,16,20.2,4.7,".248",".324",".301","0.625","28","102","4","24","0"
"d'Arnaud, Travis",518595,2023,34,267,292,60,36,13,0,11,67,21,22.9,7.2,".225",".397",".288","0.685","39","106","0","0","1"
"Donaldson, Josh",518626,2023,37,165,189,25,7,5,0,13,50,22,26.5,11.6,".152",".418",".249","0.667","26","69","0","0","2"
"Freeman, Freddie",518692,2023,33,637,730,211,121,59,2,29,121,72,16.6,9.9,".331",".567",".410","0.977","102","361","1","23","5"
"Grandal, Yasmani",518735,2023,34,363,405,85,63,14,0,8,86,36,21.2,8.9,".234",".339",".309","0.648","33","123","0","0","2"
"Heyward, Jason",518792,2023,33,334,377,90,52,23,0,15,64,34,17,9,".269",".473",".340","0.813","40","158","2","2","3"
"LeMahieu, DJ",518934,2023,34,497,562,121,81,22,3,15,125,60,22.2,10.7,".243",".390",".327","0.717","44","194","2","2","2"
"Moustakas, Mike",519058,2023,34,352,386,87,60,15,0,12,95,23,24.6,6,".247",".392",".293","0.685","48","138","0","0","8"
"Rizzo, Anthony",519203,2023,33,373,421,91,65,14,0,12,97,35,23,8.3,".244",".378",".328","0.706","41","141","3","0","1"
"Stanton, Giancarlo",519317,2023,33,371,415,71,34,13,0,24,124,41,29.9,9.9,".191",".420",".275","0.695","60","156","0","0","1"
"Perez, Salvador",521692,2023,33,538,580,137,93,21,0,23,135,19,23.3,3.3,".255",".422",".292","0.714","80","227","0","0","8"
"Flores, Wilmer",527038,2023,31,405,454,115,70,22,0,23,63,41,13.9,9,".284",".509",".355","0.864","60","206","0","0","3"
"Bethancourt, Christian",542194,2023,31,315,332,71,44,16,0,11,91,13,27.4,3.9,".225",".381",".254","0.635","33","120","0","1","3"
"Pérez, Carlos",542208,2023,32,168,189,38,28,4,0,6,40,13,21.2,6.9,".226",".357",".293","0.650","20","60","0","0","3"
"Ozuna, Marcell",542303,2023,32,530,592,145,75,29,1,40,134,57,22.6,9.6,".274",".558",".346","0.904","100","296","0","0","2"
"Berti, Jon",542932,2023,33,388,424,114,88,16,3,7,77,29,18.2,6.8,".294",".405",".344","0.749","33","157","6","16","3"
"Crawford, Brandon",543063,2023,36,283,320,55,36,11,1,7,81,28,25.3,8.8,".194",".314",".273","0.587","38","89","0","3","4"
"Cron, C.J.",543068,2023,33,258,278,64,40,12,0,12,65,17,23.4,6.1,".248",".434",".295","0.729","37","112","0","0","2"
"Gomes, Yan",543228,2023,35,382,419,102,70,20,2,10,81,21,19.3,5,".267",".408",".315","0.723","63","156","0","1","7"
"Grossman, Robbie",543257,2023,33,353,420,84,50,23,1,10,98,57,23.3,13.6,".238",".394",".340","0.734","49","139","0","1","8"
"Hicks, Aaron",543305,2023,33,269,312,68,50,9,1,8,69,42,22.1,13.5,".253",".383",".353","0.736","36","103","0","6","1"
"Higashioka, Kyle",543309,2023,33,242,260,57,34,13,0,10,74,14,28.5,5.4,".236",".413",".274","0.687","34","100","0","0","3"
"McCann, James",543510,2023,33,207,226,46,26,14,0,6,57,9,25.2,4,".222",".377",".269","0.646","26","78","1","3","2"
"Nola, Austin",543592,2023,33,130,154,19,15,3,0,1,31,18,20.1,11.7,".146",".192",".260","0.452","8","25","0","0","0"
"Rendon, Anthony",543685,2023,33,148,183,35,27,6,0,2,27,25,14.8,13.7,".236",".318",".361","0.679","22","47","0","2","4"
"Semien, Marcus",543760,2023,32,670,753,185,112,40,4,29,110,72,14.6,9.6,".276",".478",".348","0.826","100","320","3","14","5"
"Springer, George",543807,2023,33,613,683,158,111,25,1,21,125,60,18.3,8.8,".258",".405",".327","0.732","72","248","5","20","3"
"Vázquez, Christian",543877,2023,32,327,355,73,54,13,0,6,82,25,23.1,7,".223",".318",".280","0.598","32","104","0","1","1"
"Wong, Kolten",543939,2023,32,224,250,41,31,6,0,4,53,18,21.2,7.2,".183",".263",".256","0.519","27","59","2","3","3"
"Vargas, Ildemaro",545121,2023,31,262,286,66,47,13,2,4,20,19,7,6.6,".252",".363",".304","0.667","31","95","1","1","1"
"Grichuk, Randal",545341,2023,31,434,471,116,67,31,2,16,96,29,20.4,6.2,".267",".459",".321","0.780","44","199","2","2","2"
"Trout, Mike",545361,2023,31,308,362,81,48,14,1,18,104,45,28.7,12.4,".263",".490",".367","0.857","44","151","0","2","2"
"Harper, Bryce",547180,2023,30,457,546,134,83,29,1,21,119,80,21.8,14.7,".293",".499",".401","0.900","72","228","3","11","4"
"Abreu, José",547989,2023,36,540,594,128,86,23,1,18,130,42,21.9,7.1,".237",".383",".296","0.679","90","207","1","0","6"
"Díaz, Elias",553869,2023,32,486,526,130,90,25,1,14,118,34,22.4,6.5,".267",".409",".316","0.725","72","199","0","1","4"
"Suárez, Eugenio",553993,2023,31,598,694,139,88,29,0,22,214,70,30.8,10.1,".232",".391",".323","0.714","96","234","1","2","11"
"Urshela, Gio",570482,2023,31,214,228,64,53,8,1,2,36,10,15.8,4.4,".299",".374",".329","0.703","24","80","2","3","3"
"Schoop, Jonathan",570731,2023,31,136,151,29,21,8,0,0,37,13,24.5,8.6,".213",".272",".278","0.550","7","37","0","0","2"
"Arenado, Nolan",571448,2023,32,560,612,149,95,26,2,26,101,41,16.5,6.7,".266",".459",".315","0.774","93","257","3","3","8"
"Farmer, Kyle",571657,2023,32,336,369,86,59,14,2,11,86,23,23.3,6.2,".256",".408",".317","0.725","46","137","4","2","2"
"Haniger, Mitch",571745,2023,32,211,229,44,24,13,1,6,65,15,28.4,6.6,".209",".365",".266","0.631","28","77","0","1","1"
"Hernández, Enrique",571771,2023,31,465,508,110,76,23,0,11,97,34,19.1,6.7,".237",".357",".289","0.646","61","166","1","4","6"
"Maile, Luke",571912,2023,32,179,199,42,26,10,0,6,49,14,24.6,7,".235",".391",".308","0.699","25","70","1","2","0"
"Muncy, Max",571970,2023,32,482,579,102,48,17,1,36,153,85,26.4,14.7,".212",".475",".333","0.808","105","229","2","1","6"
"Taylor, Michael A.",572191,2023,32,355,388,78,42,14,1,21,130,26,33.5,6.7,".220",".442",".278","0.720","51","157","1","13","1"
"Thompson, Trayce",572204,2023,32,153,179,25,17,2,0,6,77,24,43,13.4,".163",".294",".285","0.579","17","45","0","2","0"
"Walker, Christian",572233,2023,32,582,661,150,79,36,2,33,127,62,19.2,9.4,".258",".497",".333","0.830","103","289","0","11","8"
"Carpenter, Matt",572761,2023,37,188,237,33,16,12,0,5,67,41,28.3,17.3,".176",".319",".322","0.641","31","60","0","1","5"
"Dickerson, Corey",572816,2023,34,144,152,36,26,7,1,2,28,7,18.4,4.6,".250",".354",".283","0.637","17","51","1","0","1"
"Yastrzemski, Mike",573262,2023,32,330,381,77,38,23,1,15,99,45,26,11.8,".233",".445",".330","0.775","43","147","2","2","1"
"Contreras, Willson",575929,2023,31,428,495,113,66,27,0,20,111,51,22.4,10.3,".264",".467",".358","0.825","67","200","3","6","2"
"Bryant, Kris",592178,2023,31,300,335,70,50,10,0,10,68,29,20.3,8.7,".233",".367",".313","0.680","31","110","0","0","0"
"Canha, Mark",592192,2023,34,435,507,114,77,25,1,11,79,49,15.6,9.7,".262",".400",".355","0.755","62","174","1","11","6"
"Castellanos, Nick",592206,2023,31,626,671,170,102,37,2,29,185,36,27.6,5.4,".272",".476",".311","0.787","106","298","2","11","6"
"Drury, Brandon",592273,2023,30,485,523,127,68,30,3,26,136,25,26,4.8,".262",".497",".306","0.803","83","241","2","0","5"
"Judge, Aaron",592450,2023,31,367,458,98,45,16,0,37,130,88,28.4,19.2,".267",".613",".406","1.019","75","225","1","3","3"
"Machado, Manny",592518,2023,30,543,601,140,89,21,0,30,109,50,18.1,8.3,".258",".462",".319","0.781","91","251","2","3","6"
"Pederson, Joc",592626,2023,31,358,425,84,52,14,3,15,89,57,20.9,13.4,".235",".416",".348","0.764","51","149","0","0","3"
"Realmuto, J.T.",592663,2023,32,489,540,123,70,28,5,20,138,35,25.6,6.5,".252",".452",".310","0.762","63","221","5","16","5"
"Renfroe, Hunter",592669,2023,31,498,548,116,65,31,0,20,125,44,22.8,8,".233",".416",".297","0.713","60","207","0","0","3"
"Rosario, Eddie",592696,2023,31,478,516,122,74,24,3,21,122,34,23.6,6.6,".255",".450",".305","0.755","74","215","4","3","2"
"Yelich, Christian",592885,2023,31,550,632,153,99,34,1,19,140,78,22.2,12.3,".278",".447",".370","0.817","76","246","3","28","1"
"Merrifield, Whit",593160,2023,34,547,592,149,111,27,0,11,101,36,17.1,6.1,".272",".382",".318","0.700","67","209","10","26","6"
"Bogaerts, Xander",593428,2023,30,596,665,170,118,31,2,19,110,56,16.5,8.4,".285",".440",".350","0.790","58","262","2","19","6"
"Polanco, Jorge",593871,2023,29,302,343,77,45,18,0,14,88,36,25.7,10.5,".255",".454",".335","0.789","48","137","0","4","3"
"Calhoun, Kole",594777,2023,35,157,174,34,21,7,0,6,37,13,21.3,7.5,".217",".376",".282","0.658","25","59","1","0","2"
"Duvall, Adam",594807,2023,34,320,353,79,32,24,2,21,110,22,31.2,6.2,".247",".531",".303","0.834","58","170","0","4","5"
"Kiermaier, Kevin",595281,2023,33,370,408,98,63,21,6,8,86,29,21.1,7.1,".265",".419",".322","0.741","36","155","1","14","4"
"Wallach, Chad",595453,2023,31,157,172,31,18,5,1,7,57,13,33.1,7.6,".197",".376",".259","0.635","15","59","1","0","0"
"Profar, Jurickson",595777,2023,30,459,521,111,73,27,2,9,90,50,17.3,9.6,".242",".368",".321","0.689","46","169","0","1","5"
"Báez, Javier",595879,2023,30,510,547,113,82,18,4,9,125,24,22.9,4.4,".222",".325",".267","0.592","59","166","0","12","3"
"Cave, Jake",595909,2023,30,184,203,39,25,8,1,5,55,15,27.1,7.4,".212",".348",".272","0.620","21","64","0","3","2"
"Hedges, Austin",595978,2023,30,185,212,34,28,5,0,1,47,11,22.2,5.2,".184",".227",".234","0.461","16","42","0","1","3"
"Lindor, Francisco",596019,2023,29,602,687,153,87,33,2,31,137,66,19.9,9.6,".254",".470",".336","0.806","98","283","4","31","7"
"Odor, Rougned",596059,2023,29,138,157,28,15,9,0,4,37,17,23.6,10.8,".203",".355",".299","0.654","18","49","1","2","0"
"Slater, Austin",596103,2023,30,185,207,50,36,9,0,5,58,20,28,9.7,".270",".400",".348","0.748","20","74","2","2","0"
"Story, Trevor",596115,2023,30,158,168,32,20,9,0,3,55,9,32.7,5.4,".203",".316",".250","0.566","14","50","3","10","0"
"Vogelbach, Daniel",596129,2023,30,275,319,64,43,8,0,13,81,42,25.4,13.2,".233",".404",".339","0.743","48","111","0","0","0"
"Sánchez, Gary",596142,2023,30,240,267,52,24,9,0,19,67,21,25.1,7.9,".217",".492",".288","0.780","47","118","0","0","2"
"Kepler, Max",596146,2023,30,438,491,114,66,22,2,24,106,45,21.6,9.2,".260",".484",".332","0.816","66","212","1","1","4"
"Candelario, Jeimer",600869,2023,29,505,576,127,63,39,3,22,127,53,22,9.2,".251",".471",".336","0.807","70","238","1","8","4"
"Urías, Ramón",602104,2023,29,360,396,95,66,22,3,4,101,27,25.5,6.8,".264",".375",".328","0.703","42","135","1","3","1"
"Ahmed, Nick",605113,2023,33,198,210,42,29,10,1,2,52,12,24.8,5.7,".212",".303",".257","0.560","17","60","1","5","0"
"Anderson, Brian",605119,2023,30,318,361,72,48,12,3,9,108,36,29.9,10,".226",".368",".310","0.678","40","117","3","1","3"
"Barnes, Austin",605131,2023,33,178,200,32,25,5,0,2,43,17,21.5,8.5,".180",".242",".256","0.498","11","43","1","2","2"
"Bell, Josh",605137,2023,30,547,617,135,85,28,0,22,134,63,21.7,10.2,".247",".419",".325","0.744","74","229","1","0","3"
"Betts, Mookie",605141,2023,30,584,693,179,99,40,1,39,107,96,15.4,13.9,".307",".579",".408","0.987","107","338","3","14","5"
"Caratini, Victor",605170,2023,29,201,226,52,41,4,0,7,45,19,19.9,8.4,".259",".383",".327","0.710","25","77","1","1","3"
"Davis, J.D.",605204,2023,30,480,546,119,77,23,1,18,152,52,27.8,9.5,".248",".412",".325","0.737","69","198","0","1","6"
"Castro, Harold",605612,2023,29,258,270,65,51,13,0,1,66,9,24.4,3.3,".252",".314",".275","0.589","31","81","0","1","2"
"Arcia, Orlando",606115,2023,28,488,533,129,87,25,0,17,102,39,19.1,7.3,".264",".420",".321","0.741","65","205","0","1","3"
"Tapia, Raimel",606132,2023,29,148,169,35,27,4,1,3,40,17,23.7,10.1,".236",".338",".317","0.655","13","50","2","10","1"
"Hernández, Teoscar",606192,2023,30,625,678,161,104,29,2,26,211,38,31.1,5.6,".258",".435",".305","0.740","93","272","2","7","7"
"Marte, Ketel",606466,2023,29,569,650,157,97,26,9,25,109,71,16.8,10.9,".276",".485",".358","0.843","82","276","2","8","5"
"Haase, Eric",606992,2023,30,274,293,55,42,8,1,4,81,17,27.6,5.8,".201",".281",".247","0.528","26","77","1","4","1"
"Nimmo, Brandon",607043,2023,30,592,682,162,102,30,6,24,146,74,21.4,10.9,".274",".466",".363","0.829","68","276","3","3","4"
"Peterson, Jace",607054,2023,33,374,430,79,59,10,4,6,101,47,23.5,10.9,".211",".307",".304","0.611","37","115","2","15","3"
"Turner, Trea",607208,2023,30,639,691,170,104,35,5,26,150,45,21.7,6.5,".266",".459",".320","0.779","76","293","0","30","1"
"Pillar, Kevin",607680,2023,34,197,206,45,26,10,0,9,50,6,24.3,2.9,".228",".416",".248","0.664","32","82","1","4","3"
"Stallings, Jacob",607732,2023,33,241,276,46,29,14,0,3,67,27,24.3,9.8,".191",".286",".278","0.564","20","69","0","0","2"
"Ramírez, José",608070,2023,30,611,691,172,107,36,5,24,73,73,10.6,10.6,".282",".475",".356","0.831","80","290","6","28","6"
"Bregman, Alex",608324,2023,29,622,724,163,106,28,4,25,87,92,12,12.7,".262",".441",".363","0.804","98","274","1","3","2"
"Gallo, Joey",608336,2023,29,282,332,50,19,9,1,21,142,48,42.8,14.5,".177",".440",".301","0.741","40","124","1","1","0"
"Kelly, Carson",608348,2023,28,136,151,28,21,5,0,2,40,14,26.5,9.3,".206",".287",".278","0.565","13","39","0","1","1"
"Seager, Corey",608369,2023,29,477,536,156,81,42,0,33,88,49,16.4,9.1,".327",".623",".390","1.013","96","297","1","2","6"
"Winker, Jesse",608385,2023,29,166,197,33,27,5,0,1,51,26,25.9,13.2,".199",".247",".320","0.567","23","41","0","0","1"
"Murphy, Tom",608596,2023,32,145,159,42,22,12,0,8,44,10,27.7,6.3,".290",".538",".335","0.873","17","78","0","0","2"
"Jankowski, Travis",608671,2023,32,247,287,65,51,12,1,1,42,35,14.6,12.2,".263",".332",".357","0.689","30","82","1","19","2"
"Refsnyder, Rob",608701,2023,32,202,243,50,39,9,1,1,47,33,19.3,13.6,".248",".317",".365","0.682","28","64","2","7","1"
"Meneses, Joey",608841,2023,31,611,657,168,118,36,1,13,130,38,19.8,5.8,".275",".401",".321","0.722","89","245","0","0","3"
"Swanson, Dansby",621020,2023,29,565,638,138,88,25,3,22,154,66,24.1,10.3,".244",".416",".328","0.744","80","235","1","9","2"
"Newman, Kevin",621028,2023,29,225,253,57,38,16,0,3,34,17,13.4,6.7,".253",".364",".311","0.675","28","82","1","8","5"
"Taylor, Chris",621035,2023,32,338,384,80,49,15,1,15,125,41,32.6,10.7,".237",".420",".326","0.746","56","142","3","16","1"
"Correa, Carlos",621043,2023,28,514,580,118,69,29,2,18,131,59,22.6,10.2,".230",".399",".312","0.711","65","205","0","0","3"
"Taylor, Tyrone",621438,2023,29,231,243,54,26,17,1,10,55,8,22.6,3.3,".234",".446",".267","0.713","35","103","0","9","1"
"Buxton, Byron",621439,2023,29,304,347,63,28,17,1,17,109,35,31.4,10.1,".207",".438",".294","0.732","42","133","0","9","4"
"Stewart, DJ",621466,2023,29,160,185,39,19,9,0,11,56,15,30.3,8.1,".244",".506",".333","0.839","26","81","1","1","1"
"Ward, Taylor",621493,2023,29,356,409,90,58,18,0,14,80,39,19.6,9.5,".253",".421",".335","0.756","47","150","2","4","6"
"Remillard, Zach",621545,2023,29,147,160,37,29,7,0,1,48,8,30,5,".252",".320",".295","0.615","18","47","3","4","0"
"Wisdom, Patrick",621550,2023,31,268,302,55,23,8,1,23,111,30,36.8,9.9,".205",".500",".289","0.789","46","134","2","4","1"
"Wendle, Joey",621563,2023,33,297,318,63,42,16,3,2,67,13,21.1,4.1,".212",".306",".248","0.554","20","91","1","7","3"
"Olson, Matt",621566,2023,29,608,720,172,88,27,3,54,167,104,23.2,14.4,".283",".604",".389","0.993","139","367","0","1","4"
"Duffy, Matt",622110,2023,32,191,209,48,38,8,0,2,39,12,18.7,5.7,".251",".325",".306","0.631","16","62","0","1","2"
"Margot, Manuel",622534,2023,28,311,336,82,56,21,1,4,55,18,16.4,5.4,".264",".376",".310","0.686","38","117","3","9","3"
"Reyes, Pablo",622569,2023,29,167,185,48,37,9,0,2,21,14,11.4,7.6,".287",".377",".339","0.716","20","63","2","7","2"
"Mateo, Jorge",622761,2023,28,318,350,69,46,14,2,7,82,22,23.4,6.3,".217",".340",".267","0.607","34","108","5","32","3"
"Ramírez, Harold",623912,2023,28,400,434,125,92,19,2,12,79,22,18.2,5.1,".313",".460",".353","0.813","68","184","3","5","6"
"Santander, Anthony",623993,2023,28,591,656,152,82,41,1,28,152,55,23.2,8.4,".257",".472",".325","0.797","95","279","1","5","4"
"Alonso, Pete",624413,2023,28,568,658,123,54,21,2,46,151,65,22.9,9.9,".217",".504",".318","0.822","118","286","1","4","4"
"Arroyo, Christian",624414,2023,28,195,206,47,28,16,0,3,45,7,21.8,3.4,".241",".369",".268","0.637","24","72","3","1","2"
"Biggio, Cavan",624415,2023,28,289,338,68,47,12,0,9,88,40,26,11.8,".235",".370",".340","0.710","40","107","2","5","2"
"Conforto, Michael",624424,2023,30,406,470,97,68,14,0,15,106,53,22.6,11.3,".239",".384",".334","0.718","58","156","0","4","4"
"Frazier, Adam",624428,2023,31,412,455,99,63,21,2,13,68,32,14.9,7,".240",".396",".300","0.696","60","163","4","11","2"
"Trevino, Jose",624431,2023,30,157,168,33,25,4,0,4,22,8,13.1,4.8,".210",".312",".257","0.569","15","49","0","0","0"
"McGuire, Reese",624512,2023,28,187,206,50,36,12,1,1,53,11,25.7,5.3,".267",".358",".310","0.668","16","67","1","2","1"
"Soler, Jorge",624585,2023,31,504,580,126,66,24,0,36,141,66,24.3,11.4,".250",".512",".341","0.853","75","258","0","1","4"
"Sosa, Edmundo",624641,2023,27,279,300,70,43,15,2,10,74,8,24.7,2.7,".251",".427",".293","0.720","30","119","2","4","1"
"Ibáñez, Andy",628451,2023,30,356,383,94,58,23,2,11,69,24,18,6.3,".264",".433",".312","0.745","41","154","0","1","1"
"Cronenworth, Jake",630105,2023,29,458,522,105,64,24,7,10,97,46,18.6,8.8,".229",".378",".312","0.690","48","173","1","6","5"
"Anderson, Tim",641313,2023,30,493,524,121,100,18,2,1,122,26,23.3,5,".245",".296",".286","0.582","25","146","2","13","2"
"Bauers, Jake",641343,2023,27,242,272,49,22,15,0,12,95,27,34.9,9.9,".202",".413",".279","0.692","30","100","2","3","3"
"Bellinger, Cody",641355,2023,27,499,556,153,97,29,1,26,87,40,15.6,7.2,".307",".525",".356","0.881","97","262","6","20","12"
"Crawford, J.P.",641487,2023,28,534,638,142,88,35,0,19,125,94,19.6,14.7,".266",".438",".380","0.818","65","234","0","2","2"
"Delay, Jason",641511,2023,28,167,187,42,29,11,1,1,44,14,23.5,7.5,".251",".347",".319","0.666","18","58","0","0","1"
"Fraley, Jake",641584,2023,28,336,380,86,53,18,0,15,71,37,18.7,9.7,".256",".443",".339","0.782","65","149","5","21","1"
"Garver, Mitch",641598,2023,32,296,344,80,50,11,0,19,82,44,23.8,12.8,".270",".500",".370","0.870","50","148","0","0","0"
"Hampson, Garrett",641658,2023,28,221,252,61,45,12,1,3,67,23,26.6,9.1,".276",".380",".349","0.729","23","84","0","5","2"
"Heim, Jonah",641680,2023,28,457,501,118,72,28,0,18,96,40,19.2,8,".258",".438",".317","0.755","95","200","0","2","3"
"Mancini, Trey",641820,2023,31,235,263,55,39,12,0,4,78,21,29.7,8,".234",".336",".299","0.635","28","79","0","0","3"
"McMahon, Ryan",641857,2023,28,555,627,133,76,31,3,23,198,68,31.6,10.8,".240",".431",".322","0.753","70","239","5","5","3"
"O'Neill, Tyler",641933,2023,28,238,266,55,32,14,0,9,67,28,25.2,10.5,".231",".403",".312","0.715","21","96","0","5","0"
"Palacios, Joshua",641943,2023,27,247,264,59,38,9,2,10,56,12,21.2,4.5,".239",".413",".279","0.692","40","102","0","5","1"
"Smith, Dominic",642086,2023,28,527,586,134,100,21,1,12,91,47,15.5,8,".254",".366",".326","0.692","46","193","1","1","2"
"Tellez, Rowdy",642133,2023,28,311,351,67,44,9,1,13,86,35,24.5,10,".215",".376",".291","0.667","47","117","0","0","5"
"Thaiss, Matt",642136,2023,28,262,307,56,41,6,0,9,83,36,27,11.7,".214",".340",".319","0.659","31","89","0","2","3"
"Mejía, Francisco",642336,2023,27,150,160,34,18,11,0,5,38,6,23.8,3.8,".227",".400",".258","0.658","19","60","1","0","2"
"Siri, Jose",642350,2023,27,338,364,75,35,13,2,25,130,20,35.7,5.5,".222",".494",".267","0.761","56","167","3","12","3"
"Rosario, Amed",642708,2023,27,510,545,134,95,25,8,6,99,29,18.2,5.3,".263",".378",".305","0.683","58","193","2","15","3"
"Adames, Willy",642715,2023,27,553,638,120,65,29,2,24,165,71,25.9,11.1,".217",".407",".310","0.717","80","225","3","5","6"
"Estrada, Thairo",642731,2023,27,495,530,134,92,26,2,14,120,22,22.6,4.2,".271",".416",".315","0.731","49","206","7","23","2"
"Benintendi, Andrew",643217,2023,28,562,621,147,106,34,2,5,89,52,14.3,8.4,".262",".356",".326","0.682","45","200","2","13","3"
"Cooper, Garrett",643265,2023,32,422,457,106,70,18,1,17,132,31,28.9,6.8,".251",".419",".304","0.723","61","177","0","0","2"
"Dubón, Mauricio",643289,2023,28,467,492,130,91,26,3,10,70,19,14.2,3.9,".278",".411",".309","0.720","46","192","2","7","3"
"Jansen, Danny",643376,2023,28,268,301,61,29,15,0,17,62,23,20.6,7.6,".228",".474",".312","0.786","53","127","0","0","0"
"Kemp, Tony",643393,2023,31,359,419,75,54,13,3,5,40,44,9.5,10.5,".209",".304",".303","0.607","27","109","4","15","3"
"Kiner-Falefa, Isiah",643396,2023,28,326,361,79,60,12,1,6,70,28,19.4,7.8,".242",".340",".306","0.646","37","111","5","14","3"
"McNeil, Jeff",643446,2023,31,585,648,158,119,25,4,10,65,39,10,6,".270",".378",".333","0.711","55","221","0","10","3"
"Tauchman, Mike",643565,2023,32,337,401,85,59,18,0,8,86,56,21.4,14,".252",".377",".362","0.739","48","127","1","7","3"
"Albies, Ozzie",645277,2023,26,596,660,167,99,30,5,33,107,46,16.2,7,".280",".513",".336","0.849","109","306","1","13","8"
"Ford, Mike",645801,2023,30,219,251,50,28,6,0,16,81,24,32.3,9.6,".228",".475",".323","0.798","34","104","0","0","1"
"Devers, Rafael",646240,2023,26,580,656,157,90,34,0,33,126,62,19.2,9.5,".271",".500",".351","0.851","100","290","1","5","3"
"Naylor, Josh",647304,2023,26,452,495,139,91,31,0,17,68,33,13.7,6.7,".308",".489",".354","0.843","97","221","3","10","7"
"Díaz, Aledmys",649557,2023,32,315,344,72,47,20,1,4,66,17,19.2,4.9,".229",".337",".280","0.617","24","106","0","1","4"
"Urías, Luis",649966,2023,26,144,177,28,19,6,0,3,41,21,23.2,11.9,".194",".299",".337","0.636","18","43","0","0","0"
"Arraez, Luis",650333,2023,26,574,617,203,160,30,3,10,34,35,5.5,5.7,".354",".469",".393","0.862","69","269","2","3","3"
"Jiménez, Eloy",650391,2023,26,456,489,124,83,23,0,18,93,30,19,6.1,".272",".441",".317","0.758","64","201","0","0","2"
"Torres, Gleyber",650402,2023,26,596,672,163,108,28,2,25,98,67,14.6,10,".273",".453",".347","0.800","68","270","6","13","6"
"Castro, Willi",650489,2023,26,358,409,92,60,18,5,9,99,34,24.2,8.3,".257",".411",".339","0.750","34","147","5","33","3"
"Díaz, Yandy",650490,2023,31,525,600,173,116,35,0,22,94,65,15.7,10.8,".330",".522",".410","0.932","78","274","1","0","2"
"De La Cruz, Bryan",650559,2023,26,579,626,149,98,32,0,19,142,40,22.7,6.4,".257",".411",".304","0.715","78","238","1","4","5"
"Rengifo, Luis",650859,2023,26,394,445,104,69,15,4,16,82,41,18.4,9.2,".264",".444",".339","0.783","51","175","4","6","4"
"Monasterio, Andruw",655316,2023,26,282,315,73,55,14,1,3,66,28,21,8.9,".259",".348",".330","0.678","27","98","2","7","2"
"Adams, Riley",656180,2023,27,143,158,39,20,13,2,4,45,11,28.5,7,".273",".476",".331","0.807","21","68","0","0","1"
"Chapman, Matt",656305,2023,30,509,581,122,64,39,2,17,165,62,28.4,10.7,".240",".424",".330","0.754","54","216","2","4","2"
"Fairchild, Stuart",656413,2023,27,219,255,50,27,16,2,5,69,25,27.1,9.8,".228",".388",".321","0.709","28","85","3","10","2"
"Garrett, Stone",656448,2023,27,234,271,63,37,17,0,9,82,26,30.3,9.6,".269",".457",".343","0.800","40","107","1","3","5"
"Joe, Connor",656582,2023,30,413,472,102,56,31,4,11,110,50,23.3,10.6,".247",".421",".339","0.760","42","174","5","3","1"
"McKinstry, Zach",656716,2023,28,464,518,107,73,21,4,9,113,44,21.8,8.5,".231",".351",".302","0.653","35","163","6","16","3"
"Mullins, Cedric",656775,2023,28,404,455,94,53,23,3,15,101,43,22.2,9.5,".233",".416",".305","0.721","74","168","3","19","4"
"O'Hearn, Ryan",656811,2023,29,346,368,100,63,22,1,14,82,15,22.3,4.1,".289",".480",".322","0.802","60","166","1","5","3"
"Rivera, Emmanuel",656896,2023,27,257,283,67,50,13,0,4,56,22,19.8,7.8,".261",".358",".314","0.672","29","92","0","1","4"
"Schwarber, Kyle",656941,2023,30,585,720,115,48,19,1,47,215,126,29.9,17.5,".197",".474",".343","0.817","104","277","2","0","3"
"Smith, Pavin",656976,2023,27,191,228,36,24,5,0,7,45,35,19.7,15.4,".188",".325",".317","0.642","30","62","1","1","0"
"Thomas, Lane",657041,2023,27,628,682,168,101,36,3,28,176,36,25.8,5.3,".268",".468",".315","0.783","86","294","5","20","7"
"Verdugo, Alex",657077,2023,27,546,602,144,89,37,5,13,93,45,15.4,7.5,".264",".421",".324","0.745","54","230","3","5","5"
"Wong, Connor",657136,2023,27,371,403,87,51,25,2,9,134,22,33.3,5.5,".235",".385",".287","0.672","36","143","2","8","1"
"DeJong, Paul",657557,2023,29,372,400,77,50,13,0,14,121,21,30.3,5.3,".207",".355",".258","0.613","38","132","4","4","2"
"Laureano, Ramón",657656,2023,28,361,404,81,50,18,4,9,114,33,28.2,8.2,".224",".371",".304","0.675","35","134","1","12","1"
"Sheets, Gavin",657757,2023,27,311,344,63,43,10,0,10,66,28,19.2,8.1,".203",".331",".267","0.598","43","103","0","1","4"
"Olivares, Edward",658668,2023,27,354,385,93,54,23,4,12,64,22,16.6,5.7,".263",".452",".317","0.769","36","160","5","11","2"
"Moncada, Yoán",660162,2023,28,334,357,87,55,20,1,11,107,20,30,5.6,".260",".425",".305","0.730","40","142","0","1","1"
"Ohtani, Shohei",660271,2023,28,497,599,151,73,26,8,44,143,91,23.9,15.2,".304",".654",".412","1.066","95","325","6","20","3"
"Acuña Jr., Ronald",660670,2023,25,643,735,217,137,35,4,41,84,80,11.4,10.9,".337",".596",".416","1.012","106","383","14","73","3"
"Ruiz, Keibert",660688,2023,24,523,562,136,94,24,0,18,58,31,10.3,5.5,".260",".409",".308","0.717","67","214","1","1","2"
"Montero, Elehuris",660707,2023,24,284,307,69,41,15,2,11,111,15,36.2,4.9,".243",".426",".290","0.716","39","121","0","0","3"
"Gonzalez, Oscar",660757,2023,25,173,180,37,26,7,2,2,46,5,25.6,2.8,".214",".312",".239","0.551","12","54","0","0","1"
"Sánchez, Jesús",660821,2023,25,360,402,91,51,23,3,14,107,38,26.6,9.5,".253",".450",".327","0.777","52","162","1","3","1"
"Contreras, William",661388,2023,25,540,611,156,100,38,1,17,126,63,20.6,10.3,".289",".457",".367","0.824","78","247","1","6","2"
"Varsho, Daulton",662139,2023,26,527,581,116,70,23,3,20,135,45,23.2,7.7,".220",".389",".285","0.674","61","205","7","16","3"
"Perkins, Blake",663368,2023,26,143,168,31,20,7,0,4,46,23,27.4,13.7,".217",".350",".325","0.675","20","50","2","5","0"
"Nootbaar, Lars",663457,2023,25,426,503,111,73,23,1,14,99,72,19.7,14.3,".261",".418",".367","0.785","46","178","1","11","3"
"Hoerner, Nico",663538,2023,26,619,688,175,135,27,4,9,83,49,12.1,7.1,".283",".383",".346","0.729","68","237","7","43","5"
"Riley, Austin",663586,2023,26,636,715,179,107,32,3,37,172,59,24.1,8.3,".281",".516",".345","0.861","97","328","1","3","11"
"Madrigal, Nick",663611,2023,26,270,294,71,52,16,1,2,24,10,8.2,3.4,".263",".352",".311","0.663","28","95","2","10","0"
"Larnach, Trevor",663616,2023,26,183,212,39,21,7,3,8,72,27,34,12.7,".213",".415",".311","0.726","40","76","1","1","2"
"Mountcastle, Ryan",663624,2023,26,423,470,114,74,21,1,18,107,37,22.8,7.9,".270",".452",".328","0.780","68","191","1","3","7"
"Hayes, Ke'Bryan",663647,2023,26,494,525,134,81,31,7,15,104,28,19.8,5.3,".271",".453",".309","0.762","61","224","6","10","3"
"Tucker, Kyle",663656,2023,26,574,674,163,92,37,5,29,92,80,13.6,11.9,".284",".517",".369","0.886","112","297","5","30","10"
"India, Jonathan",663697,2023,26,454,529,111,71,23,0,17,109,52,20.6,9.8,".244",".407",".338","0.745","61","185","2","14","7"
"Raleigh, Cal",663728,2023,26,513,569,119,65,23,1,30,158,54,27.8,9.5,".232",".456",".306","0.762","75","234","0","0","1"
"Fortes, Nick",663743,2023,26,294,323,60,44,10,0,6,59,17,18.3,5.3,".204",".299",".263","0.562","26","88","2","4","2"
"Grisham, Trent",663757,2023,26,469,555,93,48,31,1,13,154,75,27.7,13.5,".198",".352",".315","0.667","50","165","3","15","1"
"Vierling, Matt",663837,2023,26,479,530,125,89,21,5,10,112,44,21.1,8.3,".261",".388",".329","0.717","44","186","6","6","1"
"Stephenson, Tyler",663886,2023,26,465,517,113,78,20,2,13,135,47,26.1,9.1,".243",".378",".317","0.695","56","176","1","0","1"
"Rodgers, Brendan",663898,2023,26,178,192,46,32,9,1,4,41,11,21.4,5.7,".258",".388",".313","0.701","20","69","0","0","0"
"Lowe, Nathaniel",663993,2023,27,623,724,163,105,38,3,17,165,93,22.8,12.8,".262",".414",".360","0.774","82","258","0","1","3"
"Happ, Ian",664023,2023,28,580,691,144,84,35,4,21,153,99,22.1,14.3,".248",".431",".360","0.791","84","250","3","14","6"
"France, Ty",664034,2023,28,587,665,147,103,32,0,12,117,43,17.6,6.5,".250",".366",".337","0.703","58","215","0","1","1"
"Lowe, Brandon",664040,2023,28,377,436,87,50,15,1,21,119,50,27.3,11.5,".231",".443",".328","0.771","68","167","0","7","3"
"Bader, Harrison",664056,2023,29,319,344,74,53,12,2,7,59,17,17.2,4.9,".232",".348",".274","0.622","40","111","3","20","4"
"Moore, Dylan",664238,2023,30,145,165,30,13,9,1,7,56,16,33.9,9.7,".207",".428",".303","0.731","19","62","3","7","0"
"Straw, Myles",664702,2023,28,462,518,110,88,18,3,1,97,42,18.7,8.1,".238",".297",".301","0.598","29","137","6","20","6"
"Isbel, Kyle",664728,2023,26,292,313,70,41,22,2,5,59,17,18.8,5.4,".240",".380",".282","0.662","34","111","1","7","2"
"Bohm, Alec",664761,2023,26,558,611,153,102,31,0,20,94,42,15.4,6.9,".274",".437",".327","0.764","97","244","1","4","6"
"Wade Jr., LaMonte",664774,2023,29,429,519,110,77,14,2,17,95,76,18.3,14.6,".256",".417",".373","0.790","45","179","0","2","4"
"Zavala, Seby",664874,2023,29,175,193,30,19,4,0,7,70,12,36.3,6.2,".171",".314",".230","0.544","18","55","0","1","2"
"Brown, Seth",664913,2023,30,343,378,76,42,19,1,14,101,30,26.7,7.9,".222",".405",".286","0.691","52","139","1","3","2"
"McCarthy, Jake",664983,2023,25,276,312,67,53,7,5,2,62,26,19.9,8.3,".243",".326",".318","0.644","16","90","4","26","1"
"Maton, Nick",665155,2023,26,249,293,43,26,9,0,8,73,38,24.9,13,".173",".305",".288","0.593","32","76","2","1","2"
"Peña, Jeremy",665161,2023,25,577,634,152,107,32,3,10,129,43,20.3,6.8,".263",".381",".324","0.705","52","220","9","13","1"
"Tatis Jr., Fernando",665487,2023,24,575,635,148,89,33,1,25,141,53,22.2,8.3,".257",".449",".322","0.771","78","258","4","29","3"
"Guerrero Jr., Vladimir",665489,2023,24,602,682,159,103,30,0,26,100,67,14.7,9.8,".264",".444",".345","0.789","94","267","3","5","4"
"Soto, Juan",665742,2023,24,568,708,156,88,32,1,35,129,132,18.2,18.6,".275",".519",".410","0.929","109","295","5","12","5"
"Taveras, Leody",665750,2023,24,511,554,136,88,31,3,14,117,35,21.1,6.3,".266",".421",".312","0.733","67","215","4","14","4"
"Amaya, Miguel",665804,2023,24,131,156,28,19,4,0,5,40,12,25.6,7.7,".214",".359",".329","0.688","18","47","0","0","1"
"Cabrera, Oswaldo",665828,2023,24,298,330,63,47,11,0,5,72,25,21.8,7.6,".211",".299",".275","0.574","29","89","0","8","2"
"Chisholm Jr., Jazz",665862,2023,25,352,383,88,55,12,2,19,118,26,30.8,6.8,".250",".457",".304","0.761","51","161","3","22","2"
"Ruiz, Esteury",665923,2023,24,449,497,114,84,24,1,5,99,20,19.9,4,".254",".345",".309","0.654","47","155","13","67","1"
"Giménez, Andrés",665926,2023,24,557,616,140,93,27,5,15,112,32,18.2,5.2,".251",".399",".314","0.713","62","222","6","30","3"
"Fermin, Freddy",666023,2023,28,217,235,61,41,10,1,9,50,13,21.3,5.5,".281",".461",".321","0.782","32","100","0","0","3"
"Jones, Nolan",666134,2023,25,367,424,109,63,22,4,20,126,53,29.7,12.5,".297",".542",".389","0.931","62","199","4","20","1"
"Kirilloff, Alex",666135,2023,25,281,319,76,50,14,1,11,80,28,25.1,8.8,".270",".445",".348","0.793","41","125","0","1","3"
"Lowe, Josh",666139,2023,25,466,501,136,81,33,2,20,124,31,24.8,6.2,".292",".500",".335","0.835","83","233","3","32","3"
"Moniak, Mickey",666160,2023,25,311,323,87,50,21,2,14,113,9,35,2.8,".280",".495",".307","0.802","45","154","3","6","0"
"Sabol, Blake",666165,2023,25,310,344,73,50,10,0,13,117,24,34,7,".235",".394",".301","0.695","44","122","2","4","2"
"Benson, Will",666181,2023,25,287,329,79,45,15,8,11,103,40,31.3,12.2,".275",".498",".365","0.863","31","143","3","19","1"
"Bichette, Bo",666182,2023,25,571,601,175,122,30,3,20,115,27,19.1,4.5,".306",".475",".339","0.814","73","271","3","5","1"
"Carlson, Dylan",666185,2023,24,219,255,48,34,8,1,5,49,26,19.2,10.2,".219",".333",".318","0.651","27","73","0","3","3"
"Naylor, Bo",666310,2023,23,198,230,47,23,13,0,11,53,30,23,13,".237",".470",".339","0.809","32","93","0","5","1"
"Julien, Edouard",666397,2023,24,338,408,89,56,16,1,16,128,64,31.4,15.7,".263",".459",".381","0.840","37","155","0","3","3"
"Morel, Christopher",666624,2023,24,388,429,96,50,17,3,26,133,36,31,8.4,".247",".508",".313","0.821","70","197","2","6","2"
"Castro, Rodolfo",666801,2023,24,227,256,48,35,7,0,6,74,23,28.9,9,".211",".322",".297","0.619","24","73","4","1","1"
"Alu, Jake",666906,2023,26,159,175,36,31,2,1,2,42,10,24,5.7,".226",".289",".282","0.571","16","46","1","5","2"
"García, Adolis",666969,2023,30,555,632,136,68,29,0,39,175,65,27.7,10.3,".245",".508",".328","0.836","107","282","1","9","6"
"Gurriel Jr., Lourdes",666971,2023,29,551,592,144,83,35,2,24,103,33,17.4,5.6,".261",".463",".309","0.772","82","255","0","5","2"
"Julks, Corey",667452,2023,27,298,323,73,53,14,0,6,75,22,23.2,6.8,".245",".352",".297","0.649","33","105","3","15","2"
"Rooker, Brent",667670,2023,28,463,526,114,63,20,1,30,172,49,32.7,9.3,".246",".488",".329","0.817","69","226","0","4","4"
"Arozarena, Randy",668227,2023,28,551,654,140,95,19,3,23,156,80,23.9,12.2,".254",".425",".364","0.789","83","234","10","22","5"
"Pratto, Nick",668472,2023,24,306,345,71,48,16,0,7,138,29,40,8.4,".232",".353",".307","0.660","35","108","1","1","4"
"Rogers, Jake",668670,2023,28,331,365,73,41,11,0,21,118,28,32.3,7.7,".221",".444",".286","0.730","49","147","1","1","2"
"Bleday, JJ",668709,2023,25,256,303,50,29,11,0,10,72,42,23.8,13.9,".195",".355",".310","0.665","27","91","1","5","3"
"Steer, Spencer",668715,2023,25,582,665,158,95,37,3,23,139,68,20.9,10.2,".271",".464",".356","0.820","86","270","3","15","4"
"Baddoo, Akil",668731,2023,24,312,357,68,43,13,1,11,89,42,24.9,11.8,".218",".372",".310","0.682","34","116","3","14","1"
"Knizner, Andrew",668800,2023,28,224,241,54,33,11,0,10,62,12,25.7,5,".241",".424",".287","0.711","31","95","0","2","1"
"Reynolds, Bryan",668804,2023,28,574,640,151,91,31,5,24,138,53,21.6,8.3,".263",".460",".330","0.790","84","264","1","12","6"
"Vientos, Mark",668901,2023,23,218,233,46,31,5,1,9,71,10,30.5,4.3,".211",".367",".253","0.620","22","80","0","1","2"
"Lewis, Royce",668904,2023,24,217,239,67,45,7,0,15,55,20,23,8.4,".309",".548",".372","0.920","52","119","1","6","0"
"Turang, Brice",668930,2023,23,404,448,88,70,9,3,6,94,38,21,8.5,".218",".300",".285","0.585","34","121","4","26","2"
"Rutschman, Adley",668939,2023,25,588,687,163,111,31,1,20,101,92,14.7,13.4,".277",".435",".374","0.809","80","256","2","1","5"
"Rojas, Josh",668942,2023,29,314,350,77,56,17,0,4,81,27,23.1,7.7,".245",".338",".303","0.641","40","106","0","12","4"
"Melendez, MJ",669004,2023,24,533,602,125,75,29,5,16,170,62,28.2,10.3,".235",".398",".316","0.714","56","212","4","6","4"
"Marsh, Brandon",669016,2023,25,404,472,112,69,25,6,12,144,59,30.5,12.5,".277",".458",".372","0.830","60","185","2","10","4"
"Langeliers, Shea",669127,2023,25,448,490,92,47,19,4,22,143,34,29.2,6.9,".205",".413",".268","0.681","63","185","2","3","2"
"Campusano, Luis",669134,2023,24,163,174,52,38,7,0,7,21,7,12.1,4,".319",".491",".356","0.847","30","80","0","0","1"
"Murphy, Sean",669221,2023,28,370,438,93,51,21,0,21,98,49,22.4,11.2,".251",".478",".365","0.843","68","177","0","0","1"
"Senzel, Nick",669222,2023,28,301,330,71,48,10,0,13,74,26,22.4,7.9,".236",".399",".297","0.696","42","120","2","6","2"
"Edman, Tommy",669242,2023,28,479,528,119,77,25,4,13,84,35,15.9,6.6,".248",".399",".307","0.706","47","191","4","27","4"
"Smith, Will",669257,2023,28,464,554,121,79,21,2,19,89,63,16.1,11.4,".261",".438",".359","0.797","76","203","0","3","12"
"Suwinski, Jack",669261,2023,24,447,534,100,51,21,2,26,172,75,32.2,14,".224",".454",".339","0.793","74","203","2","13","6"
"Espinal, Santiago",669289,2023,28,230,254,57,41,14,0,2,36,18,14.2,7.1,".248",".335",".310","0.645","25","77","1","2","1"
"Miranda, Jose",669304,2023,25,142,152,30,23,4,0,3,24,9,15.8,5.9,".211",".303",".263","0.566","13","43","0","0","0"
"Gorman, Nolan",669357,2023,23,406,464,96,52,17,0,27,148,53,31.9,11.4,".236",".478",".328","0.806","76","194","2","7","2"
"Burger, Jake",669394,2023,27,492,540,123,60,28,1,34,149,32,27.6,5.9,".250",".518",".309","0.827","80","255","1","1","4"
"Allen, Nick",669397,2023,24,303,329,67,57,4,2,4,52,17,15.8,5.2,".221",".287",".263","0.550","20","87","1","5","2"
"Schmitt, Casey",669477,2023,24,253,277,52,32,15,0,5,65,13,23.5,4.7,".206",".324",".255","0.579","30","82","1","2","3"
"Smith, Josh",669701,2023,25,195,232,36,21,8,1,6,55,25,23.7,10.8,".185",".328",".304","0.632","15","64","0","1","1"
"Triolo, Jared",669707,2023,25,181,209,54,42,9,0,3,63,24,30.1,11.5,".298",".398",".388","0.786","21","72","1","6","1"
"Hays, Austin",669720,2023,27,520,566,143,89,36,2,16,141,38,24.9,6.7,".275",".444",".325","0.769","67","231","1","5","5"
"Call, Alex",669743,2023,28,375,439,75,52,14,1,8,78,53,17.8,12.1,".200",".307",".307","0.614","38","115","8","9","2"
"Toglia, Michael",669911,2023,24,141,152,23,14,5,0,4,50,10,32.9,6.6,".163",".284",".224","0.508","9","40","1","1","0"
"Lopez, Nicky",670032,2023,28,225,262,52,40,8,3,1,40,26,15.3,9.9,".231",".307",".326","0.633","25","69","2","6","1"
"Raley, Luke",670042,2023,28,357,406,89,44,23,3,19,128,28,31.5,6.9,".249",".490",".333","0.823","49","175","3","14","2"
"Short, Zack",670097,2023,28,221,253,45,29,9,0,7,66,28,26.1,11.1,".204",".339",".292","0.631","33","75","0","5","1"
"Wallner, Matt",670242,2023,25,213,254,53,27,11,1,14,80,28,31.5,11,".249",".507",".370","0.877","41","108","1","2","0"
"Alvarez, Yordan",670541,2023,26,410,496,120,64,24,1,31,92,69,18.5,13.9,".293",".583",".407","0.990","97","239","0","0","4"
"Paredes, Isaac",670623,2023,24,492,571,123,68,24,0,31,104,58,18.2,10.2,".250",".488",".352","0.840","98","240","0","1","1"
"Walls, Taylor",670764,2023,26,303,349,61,39,12,2,8,92,44,26.4,12.6,".201",".333",".305","0.638","36","101","1","22","0"
"Friedl, TJ",670770,2023,27,488,556,136,88,22,8,18,90,47,16.2,8.5,".279",".467",".352","0.819","66","228","6","27","3"
"Casas, Triston",671213,2023,23,429,502,113,66,21,2,24,126,70,25.1,13.9,".263",".490",".367","0.857","65","210","0","0","2"
"Waters, Drew",671221,2023,24,302,337,69,45,11,5,8,107,27,31.8,8,".228",".377",".300","0.677","32","114","5","16","3"
"García Jr., Luis",671277,2023,23,447,482,119,88,18,4,9,60,27,12.4,5.6,".266",".385",".304","0.689","50","172","4","9","7"
"Freeman, Tyler",671289,2023,24,153,168,37,26,7,0,4,30,10,17.9,6,".242",".366",".295","0.661","18","56","0","5","1"
"Harris II, Michael",671739,2023,22,505,539,148,94,33,3,18,101,25,18.7,4.6,".293",".477",".331","0.808","57","241","4","20","3"
"Bailey, Patrick",672275,2023,24,326,353,76,50,18,1,7,100,21,28.3,5.9,".233",".359",".285","0.644","48","117","0","1","1"
"Kelenic, Jarred",672284,2023,23,372,416,94,56,25,2,11,132,41,31.7,9.9,".253",".419",".327","0.746","49","156","5","13","2"
"Arias, Gabriel",672356,2023,23,315,345,66,41,15,0,10,113,28,32.8,8.1,".210",".352",".275","0.627","26","111","4","3","1"
"Kirk, Alejandro",672386,2023,24,372,422,93,69,16,0,8,45,42,10.7,10,".250",".358",".334","0.692","43","133","0","0","2"
"Diaz, Jordan",672478,2023,22,272,293,60,41,9,0,10,69,17,23.5,5.8,".221",".364",".273","0.637","27","99","1","0","1"
"Moreno, Gabriel",672515,2023,23,341,380,97,70,19,1,7,75,29,19.7,7.6,".284",".408",".339","0.747","50","139","2","6","7"
"Garcia, Maikel",672580,2023,23,464,515,126,98,20,4,4,115,38,22.3,7.4,".272",".358",".323","0.681","50","166","7","23","10"
"Perdomo, Geraldo",672695,2023,23,407,495,100,70,20,4,6,86,64,17.4,12.9,".246",".359",".353","0.712","47","146","4","16","4"
"Peraza, Oswald",672724,2023,23,173,191,33,23,8,0,2,50,13,26.2,6.8,".191",".272",".267","0.539","14","47","3","4","0"
"Marcano, Tucupita",672779,2023,23,202,220,47,30,12,2,3,35,10,15.9,4.5,".233",".356",".276","0.632","18","72","2","5","2"
"Sosa, Lenyn",672820,2023,23,164,173,33,21,6,0,6,40,5,23.1,2.9,".201",".348",".224","0.572","14","57","1","0","1"
"Diaz, Yainer",673237,2023,24,355,377,100,55,22,0,23,74,11,19.6,2.9,".282",".538",".308","0.846","60","191","0","0","6"
"Robert Jr., Luis",673357,2023,25,546,595,144,69,36,1,38,172,30,28.9,5,".264",".542",".315","0.857","80","296","4","20","2"
"Kim, Ha-Seong",673490,2023,27,538,626,140,100,23,0,17,124,75,19.8,12,".260",".398",".351","0.749","60","214","9","38","5"
"Suzuki, Seiya",673548,2023,28,515,583,147,90,31,6,20,130,59,22.3,10.1,".285",".485",".357","0.842","74","250","7","6","7"
"Jung, Josh",673962,2023,25,478,515,127,78,25,1,23,151,30,29.3,5.8,".266",".467",".315","0.782","70","223","3","1","2"
"Westburg, Jordan",676059,2023,24,208,228,54,32,17,2,3,56,16,24.6,7,".260",".404",".311","0.715","23","84","1","4","3"
"Noda, Ryan",676116,2023,27,406,495,93,54,22,1,16,170,77,34.3,15.6,".229",".406",".364","0.770","54","165","1","3","2"
"Velázquez, Nelson",676369,2023,24,162,179,38,15,6,0,17,51,14,28.5,7.8,".235",".586",".302","0.888","34","95","0","0","1"
"Burleson, Alec",676475,2023,24,315,347,77,48,20,1,8,45,23,13,6.6,".244",".390",".300","0.690","36","123","1","3","2"
"Caballero, José",676609,2023,26,231,280,51,37,9,1,4,66,28,23.6,10,".221",".320",".343","0.663","26","74","3","26","4"
"Meyers, Jake",676694,2023,27,309,341,70,43,16,1,10,88,26,25.8,7.6,".227",".382",".296","0.678","33","118","2","5","1"
"Trejo, Alan",676701,2023,27,207,227,48,33,11,0,4,51,16,22.5,7,".232",".343",".288","0.631","26","71","1","5","2"
"McCormick, Chas",676801,2023,28,403,457,110,69,17,2,22,117,40,25.6,8.8,".273",".489",".353","0.842","70","197","6","19","2"
"Franco, Wander",677551,2023,22,442,491,124,78,23,6,17,69,42,14.1,8.6,".281",".475",".344","0.819","58","210","10","30","4"
"Rodríguez, Julio",677594,2023,22,654,714,180,109,37,2,32,175,47,24.5,6.6,".275",".485",".333","0.818","103","317","10","37","2"
"Duran, Ezequiel",677649,2023,24,406,439,112,74,22,2,14,120,23,27.3,5.2,".276",".443",".324","0.767","46","180","4","8","2"
"Thomas, Alek",677950,2023,23,374,402,86,55,17,5,9,86,19,21.4,4.7,".230",".374",".273","0.647","39","140","1","9","3"
"Witt Jr., Bobby",677951,2023,23,641,694,177,108,28,11,30,121,40,17.4,5.8,".276",".495",".319","0.814","96","317","15","49","8"
"Bae, Ji Hwan",678225,2023,23,334,371,77,56,17,2,2,92,30,24.8,8.1,".231",".311",".296","0.607","32","104","9","24","2"
"Vargas, Miguel",678246,2023,23,256,304,50,24,15,4,7,61,38,20.1,12.5,".195",".367",".305","0.672","32","94","2","3","4"
"Tovar, Ezequiel",678662,2023,21,581,615,147,91,37,4,15,166,25,27,4.1,".253",".408",".287","0.695","73","237","5","11","3"
"Peguero, Liover",678894,2023,22,198,213,47,35,4,1,7,67,11,31.5,5.2,".237",".374",".280","0.654","26","74","2","6","1"
"Rojas, Johan",679032,2023,22,149,164,45,32,9,2,2,42,5,25.6,3,".302",".430",".342","0.772","23","64","1","14","0"
"Torkelson, Spencer",679529,2023,23,606,684,141,75,34,1,31,171,67,25,9.8,".233",".446",".313","0.759","94","270","0","3","5"
"McLain, Matt",680574,2023,23,365,403,106,63,23,4,16,115,31,28.5,7.7,".290",".507",".357","0.864","50","185","5","14","0"
"Kwan, Steven",680757,2023,25,638,718,171,123,36,7,5,75,70,10.4,9.7,".268",".370",".340","0.710","54","236","3","21","6"
"Duran, Jarren",680776,2023,26,332,362,98,54,34,2,8,90,24,24.9,6.6,".295",".482",".346","0.828","40","160","2","24","2"
"Jeffers, Ryan",680777,2023,26,286,335,79,48,15,2,14,93,33,27.8,9.9,".276",".490",".369","0.859","43","140","2","3","2"
"Davis, Henry",680779,2023,23,225,255,48,31,10,0,7,69,25,27.1,9.8,".213",".351",".302","0.653","24","79","5","3","1"
"Gelof, Zack",680869,2023,23,270,300,72,37,20,1,14,82,26,27.3,8.7,".267",".504",".337","0.841","32","136","2","14","1"
"Miller, Owen",680911,2023,26,291,314,76,54,17,0,5,61,17,19.4,5.4,".261",".371",".303","0.674","27","108","2","13","4"
"Donovan, Brendan",680977,2023,26,327,371,93,71,10,1,11,53,33,14.3,8.9,".284",".422",".365","0.787","34","138","1","5","1"
"Stott, Bryson",681082,2023,25,585,640,164,115,32,2,15,100,39,15.6,6.1,".280",".419",".329","0.748","62","245","3","31","8"
"O'Hoppe, Logan",681351,2023,23,182,199,43,23,6,0,14,48,14,24.1,7,".236",".500",".296","0.796","29","91","1","0","1"
"Carpenter, Kerry",681481,2023,25,418,459,116,77,17,2,20,115,32,25.1,7,".278",".471",".340","0.811","64","197","0","6","1"
"Outman, James",681546,2023,26,483,567,120,78,16,3,23,181,68,31.9,12,".248",".437",".353","0.790","70","211","3","16","4"
"Alvarez, Francisco",682626,2023,21,382,423,80,43,12,0,25,110,34,26,8,".209",".437",".284","0.721","63","167","0","2","1"
"Matos, Luis",682641,2023,21,228,253,57,41,13,1,2,33,20,13,7.9,".250",".342",".319","0.661","14","78","0","3","0"
"De La Cruz, Elly",682829,2023,21,388,427,91,56,15,7,13,144,35,33.7,8.2,".235",".410",".300","0.710","44","159","8","35","1"
"Rodríguez, Endy",682848,2023,23,186,204,41,29,7,2,3,49,17,24,8.3,".220",".328",".284","0.612","13","61","0","0","1"
"Abrams, CJ",682928,2023,22,563,614,138,86,28,6,18,118,32,19.2,5.2,".245",".412",".300","0.712","64","232","4","47","3"
"Greene, Riley",682985,2023,22,378,416,109,75,19,4,11,114,35,27.4,8.4,".288",".447",".349","0.796","37","169","0","7","2"
"Carroll, Corbin",682998,2023,22,565,645,161,96,30,10,25,125,57,19.4,8.8,".285",".506",".362","0.868","76","286","5","54","4"
"Henderson, Gunnar",683002,2023,22,560,622,143,77,29,9,28,159,56,25.6,9,".255",".489",".325","0.814","82","274","3","10","3"
"Volpe, Anthony",683011,2023,22,541,601,113,65,23,4,21,167,52,27.8,8.7,".209",".383",".283","0.666","60","207","5","24","2"
"Baty, Brett",683146,2023,23,353,389,75,54,12,0,9,109,29,28,7.5,".212",".323",".275","0.598","34","114","0","2","1"
"Vaughn, Andrew",683734,2023,25,566,615,146,93,30,2,21,129,36,21,5.9,".258",".429",".314","0.743","80","243","0","0","2"
"Frelick, Sal",686217,2023,23,191,223,47,34,9,1,3,37,28,16.6,12.6,".246",".351",".341","0.692","24","67","0","7","3"
"Pasquantino, Vinnie",686469,2023,25,231,260,57,31,17,0,9,31,25,11.9,9.6,".247",".437",".324","0.761","26","101","0","0","1"
"Canzone, Dominic",686527,2023,25,173,182,38,19,13,0,6,32,8,17.6,4.4,".220",".399",".258","0.657","21","69","0","1","0"
"Doyle, Brenton",686668,2023,25,399,431,81,50,16,5,10,151,22,35,5.1,".203",".343",".250","0.593","48","137","5","22","3"
"Massey, Michael",686681,2023,25,428,461,98,64,18,1,15,99,24,21.5,5.2,".229",".381",".274","0.655","55","163","2","6","4"
"Brennan, Will",686823,2023,25,432,455,115,86,24,0,5,57,16,12.5,3.5,".266",".356",".299","0.655","41","154","5","13","2"
"Wiemer, Joey",686894,2023,24,367,410,75,43,19,0,13,116,36,28.3,8.8,".204",".362",".283","0.645","42","133","4","11","2"
"Neto, Zach",687263,2023,22,289,329,65,39,17,0,9,77,20,23.4,6.1,".225",".377",".308","0.685","34","109","1","5","3"
"Encarnacion-Strand, Christian",687952,2023,23,222,241,60,40,7,0,13,69,14,28.6,5.8,".270",".477",".328","0.805","37","106","0","2","0"
"Walker, Jordan",691023,2023,21,420,465,116,79,19,2,16,104,37,22.4,8,".276",".445",".342","0.787","51","187","4","7","2"
"Colás, Oscar",693049,2023,24,245,263,53,39,9,0,5,71,12,27,4.6,".216",".314",".257","0.571","19","77","3","4","2"
"Yoshida, Masataka",807799,2023,29,537,580,155,104,33,3,15,81,34,14,5.9,".289",".445",".338","0.783","72","239","0","8","2"
"Peralta, David",444482,2024,36,236,260,63,44,11,0,8,54,22,20.8,8.5,".267",".415",".335","0.750","28","98","0","2","0"
"Blackmon, Charlie",453568,2024,37,449,499,115,74,24,5,12,86,43,17.2,8.6,".256",".412",".329","0.741","52","185","2","6","1"
"Solano, Donovan",456781,2024,36,283,309,81,60,13,0,8,65,22,21,7.1,".286",".417",".343","0.760","35","118","1","2","1"
"McCutchen, Andrew",457705,2024,37,448,515,104,65,18,1,20,133,58,25.8,11.3,".232",".411",".328","0.739","50","184","2","3","2"
"Turner, Justin",457759,2024,39,460,539,119,84,24,0,11,95,59,17.6,10.9,".259",".383",".354","0.737","55","176","2","0","7"
"Santana, Carlos",467793,2024,38,521,594,124,75,26,0,23,99,65,16.7,10.9,".238",".420",".328","0.748","71","219","0","4","2"
"Rojas, Miguel",500743,2024,35,307,337,87,60,21,0,6,34,23,10.1,6.8,".283",".410",".337","0.747","36","126","2","8","2"
"Pham, Tommy",502054,2024,36,440,478,109,77,20,3,9,106,35,22.2,7.3,".248",".368",".305","0.673","39","162","3","7","1"
"Martinez, J.D.",502110,2024,36,434,495,102,61,24,1,16,141,49,28.5,9.9,".235",".406",".320","0.726","69","176","0","0","2"
"Goldschmidt, Paul",502671,2024,36,599,654,147,91,33,1,22,173,47,26.5,7.2,".245",".414",".302","0.716","65","248","0","11","2"
"Altuve, Jose",514888,2024,34,628,682,185,134,31,0,20,119,47,17.4,6.9,".295",".439",".350","0.789","65","276","7","22","0"
"Marte, Starling",516782,2024,35,335,370,90,67,13,3,7,81,27,21.9,7.3,".269",".388",".327","0.715","40","130","1","16","2"
"d'Arnaud, Travis",518595,2024,35,307,341,73,42,16,0,15,89,24,26.1,7,".238",".436",".302","0.738","48","134","0","1","4"
"Freeman, Freddie",518692,2024,34,542,638,153,94,35,2,22,100,78,15.7,12.2,".282",".476",".378","0.854","89","258","2","9","8"
"Grandal, Yasmani",518735,2024,35,215,243,49,30,10,0,9,46,24,18.9,9.9,".228",".400",".304","0.704","27","86","0","1","1"
"Heyward, Jason",518792,2024,34,228,258,48,24,12,2,10,53,22,20.5,8.5,".211",".412",".288","0.700","37","94","0","5","3"
"LeMahieu, DJ",518934,2024,35,201,228,41,34,5,0,2,35,19,15.4,8.3,".204",".259",".269","0.528","26","52","1","0","6"
"Rizzo, Anthony",519203,2024,34,337,375,77,57,12,0,8,65,27,17.3,7.2,".228",".335",".301","0.636","35","113","0","0","2"
"Stanton, Giancarlo",519317,2024,34,417,459,97,50,20,0,27,143,38,31.2,8.3,".233",".475",".298","0.773","72","198","0","0","2"
"Perez, Salvador",521692,2024,34,590,652,160,105,28,0,27,129,44,19.8,6.7,".271",".456",".330","0.786","104","269","0","0","6"
"Flores, Wilmer",527038,2024,32,214,242,44,28,12,0,4,33,20,13.6,8.3,".206",".318",".277","0.595","26","68","0","0","5"
"Ozuna, Marcell",542303,2024,33,606,688,183,113,31,0,39,170,74,24.7,10.8,".302",".546",".378","0.924","104","331","0","1","4"
"Grossman, Robbie",543257,2024,34,208,245,44,33,8,0,3,58,34,23.7,13.9,".212",".293",".322","0.615","16","61","0","3","2"
"Higashioka, Kyle",543309,2024,34,246,263,54,26,10,1,17,74,15,28.1,5.7,".220",".476",".263","0.739","45","117","0","2","1"
"McCann, James",543510,2024,34,214,233,50,33,9,0,8,56,13,24,5.6,".234",".388",".279","0.667","31","83","0","1","4"
"Rendon, Anthony",543685,2024,34,206,238,45,35,10,0,0,35,23,14.7,9.7,".218",".267",".307","0.574","14","55","1","6","4"
"Semien, Marcus",543760,2024,33,650,718,154,102,27,2,23,105,64,14.6,8.9,".237",".391",".308","0.699","74","254","3","8","1"
"Springer, George",543807,2024,34,545,614,120,79,19,3,19,115,60,18.7,9.8,".220",".371",".303","0.674","56","202","1","16","2"
"Vázquez, Christian",543877,2024,33,294,315,65,48,10,0,7,65,11,20.6,3.5,".221",".327",".248","0.575","27","96","1","3","4"
"Vargas, Ildemaro",545121,2024,32,272,303,67,50,16,0,1,31,19,10.2,6.3,".246",".316",".295","0.611","30","86","4","9","5"
"Grichuk, Randal",545341,2024,32,254,279,74,40,20,2,12,46,20,16.5,7.2,".291",".528",".348","0.876","46","134","0","0","2"
"Harper, Bryce",547180,2024,31,550,631,157,85,42,0,30,138,76,21.9,12,".285",".525",".373","0.898","87","289","4","7","2"
"Díaz, Elias",553869,2024,33,325,351,86,60,20,0,6,69,20,19.7,5.7,".265",".382",".313","0.695","39","124","0","0","2"
"Suárez, Eugenio",553993,2024,32,571,640,146,86,28,2,30,176,49,27.5,7.7,".256",".469",".319","0.788","101","268","1","2","11"
"Urshela, Gio",570482,2024,32,432,461,108,79,19,1,9,72,23,15.6,5,".250",".361",".286","0.647","52","156","0","0","5"
"Arenado, Nolan",571448,2024,33,578,635,157,118,23,0,16,92,44,14.5,6.9,".272",".394",".325","0.719","71","228","2","2","7"
"Farmer, Kyle",571657,2024,33,215,242,46,27,13,1,5,49,19,20.2,7.9,".214",".353",".293","0.646","25","76","5","3","2"
"Haniger, Mitch",571745,2024,33,380,423,79,55,12,0,12,126,40,29.8,9.5,".208",".334",".286","0.620","44","127","0","0","1"
"Hernández, Enrique",571771,2024,32,362,393,83,55,16,0,12,77,27,19.6,6.9,".229",".373",".281","0.654","42","135","0","0","3"
"Maile, Luke",571912,2024,33,135,154,24,18,4,0,2,52,13,33.8,8.4,".178",".252",".268","0.520","8","34","0","2","1"
"Muncy, Max",571970,2024,33,237,293,55,23,17,0,15,77,45,26.3,15.4,".232",".494",".358","0.852","48","117","0","1","6"
"Singleton, Jon",572138,2024,32,355,405,83,56,13,1,13,111,47,27.4,11.6,".234",".386",".321","0.707","42","137","0","0","3"
"Taylor, Michael A.",572191,2024,33,269,300,52,37,9,1,5,105,23,35,7.7,".193",".290",".253","0.543","21","78","1","12","4"
"Walker, Christian",572233,2024,33,479,552,120,68,26,0,26,133,55,24.1,10,".251",".468",".335","0.803","84","224","2","2","8"
"Carpenter, Matt",572761,2024,38,137,157,32,21,7,0,4,51,15,32.5,9.6,".234",".372",".314","0.686","15","51","2","0","2"
"Yastrzemski, Mike",573262,2024,33,428,474,99,56,16,9,18,124,38,26.2,8,".231",".437",".302","0.739","57","187","2","3","1"
"Contreras, Willson",575929,2024,32,301,358,79,47,17,0,15,96,45,26.8,12.6,".262",".468",".380","0.848","36","141","1","4","0"
"Iglesias, Jose",578428,2024,34,270,291,91,70,16,1,4,39,12,13.4,4.1,".337",".448",".381","0.829","26","121","2","6","1"
"Bryant, Kris",592178,2024,32,133,155,29,22,5,0,2,48,13,31,8.4,".218",".301",".323","0.624","15","40","0","0","1"
"Canha, Mark",592192,2024,35,393,462,95,68,20,0,7,96,51,20.8,11,".242",".346",".344","0.690","42","136","0","7","5"
"Castellanos, Nick",592206,2024,32,606,659,154,97,30,4,23,139,41,21.1,6.2,".254",".431",".311","0.742","86","261","2","6","2"
"Drury, Brandon",592273,2024,31,325,360,55,44,7,0,4,81,27,22.5,7.5,".169",".228",".242","0.470","15","74","0","1","3"
"Judge, Aaron",592450,2024,32,559,704,180,85,36,1,58,171,133,24.3,18.9,".322",".701",".458","1.159","144","392","0","10","2"
"Machado, Manny",592518,2024,31,593,643,163,104,30,0,29,124,45,19.3,7,".275",".472",".325","0.797","105","280","2","11","4"
"Pederson, Joc",592626,2024,32,367,449,101,60,17,1,23,105,55,23.4,12.2,".275",".515",".393","0.908","64","189","4","7","3"
"Realmuto, J.T.",592663,2024,33,380,413,101,68,18,1,14,102,27,24.7,6.5,".266",".429",".322","0.751","47","163","2","2","1"
"Renfroe, Hunter",592669,2024,32,385,424,88,55,18,0,15,84,36,19.8,8.5,".229",".392",".297","0.689","52","151","1","1","1"
"Rosario, Eddie",592696,2024,32,297,319,52,30,12,0,10,77,16,24.1,5,".175",".316",".215","0.531","35","94","1","9","4"
"Yelich, Christian",592885,2024,32,270,315,85,59,12,3,11,58,40,18.4,12.7,".315",".504",".406","0.910","42","136","1","21","1"
"Merrifield, Whit",593160,2024,35,293,335,65,49,9,3,4,52,35,15.5,10.4,".222",".314",".311","0.625","15","92","3","17","0"
"Bogaerts, Xander",593428,2024,31,428,463,113,86,15,1,11,79,28,17.1,6,".264",".381",".307","0.688","44","163","3","13","6"
"Polanco, Jorge",593871,2024,30,417,469,89,62,11,0,16,137,46,29.2,9.8,".213",".355",".296","0.651","45","148","2","4","2"
"Duvall, Adam",594807,2024,35,303,330,55,34,10,0,11,99,21,30,6.4,".182",".323",".245","0.568","30","98","0","0","1"
"Kiermaier, Kevin",595281,2024,34,259,281,51,34,9,3,5,86,12,30.6,4.3,".197",".313",".237","0.550","26","81","2","6","1"
"Profar, Jurickson",595777,2024,31,564,668,158,105,29,0,24,101,76,15.1,11.4,".280",".459",".380","0.839","85","259","3","10","5"
"Báez, Javier",595879,2024,31,272,289,50,32,12,0,6,69,12,23.9,4.2,".184",".294",".221","0.515","37","80","1","8","3"
"Cave, Jake",595909,2024,31,323,346,81,53,16,5,7,98,18,28.3,5.2,".251",".396",".290","0.686","37","128","2","5","3"
"Lindor, Francisco",596019,2024,30,618,689,169,96,39,1,33,127,56,18.4,8.1,".273",".500",".344","0.844","91","309","4","29","3"
"Slater, Austin",596103,2024,31,177,212,37,31,4,0,2,60,26,28.3,12.3,".209",".266",".321","0.587","18","47","2","3","4"
"Stubbs, Garrett",596117,2024,31,164,187,34,28,4,1,1,50,17,26.7,9.1,".207",".262",".296","0.558","11","43","0","5","1"
"Sánchez, Gary",596142,2024,31,245,280,54,35,7,1,11,76,27,27.1,9.6,".220",".392",".307","0.699","37","96","0","0","3"
"Kepler, Max",596146,2024,31,368,399,93,63,21,1,8,80,22,20.1,5.5,".253",".380",".302","0.682","42","140","0","1","3"
"Candelario, Jeimer",600869,2024,30,427,463,96,51,23,2,20,114,27,24.6,5.8,".225",".429",".279","0.708","56","183","3","4","3"
"Urías, Ramón",602104,2024,30,272,301,69,47,9,2,11,55,23,18.3,7.6,".254",".423",".322","0.745","37","115","1","1","1"
"Ahmed, Nick",605113,2024,34,210,228,48,39,6,1,2,51,11,22.4,4.8,".229",".295",".267","0.562","17","62","1","2","3"
"Barnes, Austin",605131,2024,34,140,156,37,33,3,0,1,36,14,23.1,9,".264",".307",".331","0.638","11","43","0","3","0"
"Bell, Josh",605137,2024,31,538,603,134,90,23,2,19,120,51,19.9,8.5,".249",".405",".319","0.724","71","218","1","0","3"
"Betts, Mookie",605141,2024,31,450,516,130,82,24,5,19,57,61,11,11.8,".289",".491",".372","0.863","75","221","2","16","4"
"Caratini, Victor",605170,2024,30,245,274,66,49,8,1,8,53,23,19.3,8.4,".269",".408",".336","0.744","30","100","1","0","3"
"Davis, J.D.",605204,2024,31,142,157,31,22,5,0,4,39,12,24.8,7.6,".218",".338",".293","0.631","6","48","0","0","0"
"Martini, Nick",605361,2024,34,146,163,31,20,4,2,5,38,9,23.3,5.5,".212",".370",".272","0.642","24","54","3","1","3"
"Arcia, Orlando",606115,2024,29,551,602,120,79,24,0,17,128,41,21.3,6.8,".218",".354",".271","0.625","46","195","0","2","7"
"Hernández, Teoscar",606192,2024,31,589,652,160,93,32,2,33,188,53,28.8,8.1,".272",".501",".339","0.840","99","295","3","12","1"
"Marte, Ketel",606466,2024,30,504,583,147,86,23,2,36,106,65,18.2,11.1,".292",".560",".372","0.932","95","282","1","7","9"
"Nimmo, Brandon",607043,2024,31,571,663,128,77,25,3,23,158,77,23.8,11.6,".224",".399",".327","0.726","90","228","0","15","3"
"Turner, Trea",607208,2024,31,505,539,149,103,25,0,21,98,27,18.2,5,".295",".469",".338","0.807","62","237","4","19","1"
"Pillar, Kevin",607680,2024,35,284,314,65,40,16,1,8,69,16,22,5.1,".229",".377",".291","0.668","45","107","3","12","3"
"Stallings, Jacob",607732,2024,34,243,281,64,37,17,1,9,65,27,23.1,9.6,".263",".453",".357","0.810","36","110","0","0","1"
"Ramírez, José",608070,2024,31,620,682,173,93,39,2,39,82,54,12,7.9,".279",".537",".335","0.872","118","333","7","41","6"
"Bregman, Alex",608324,2024,30,581,634,151,93,30,2,26,86,44,13.6,6.9,".260",".453",".315","0.768","75","263","1","3","4"
"Gallo, Joey",608336,2024,30,223,260,36,17,9,0,10,102,32,39.2,12.3,".161",".336",".277","0.613","27","75","1","3","1"
"Kelly, Carson",608348,2024,29,281,313,67,48,9,1,9,55,25,17.6,8,".238",".374",".313","0.687","37","105","0","0","1"
"Seager, Corey",608369,2024,30,475,533,132,81,21,0,30,96,53,18,9.9,".278",".512",".353","0.865","74","243","1","1","2"
"Winker, Jesse",608385,2024,30,430,508,109,72,23,0,14,106,63,20.9,12.4,".253",".405",".360","0.765","58","174","4","14","3"
"Jankowski, Travis",608671,2024,33,190,207,38,32,5,0,1,44,12,21.3,5.8,".200",".242",".266","0.508","12","46","1","11","0"
"Refsnyder, Rob",608701,2024,33,272,307,77,49,16,1,11,78,28,25.4,9.1,".283",".471",".359","0.830","40","128","2","2","1"
"Meneses, Joey",608841,2024,32,281,313,65,51,11,0,3,63,21,20.1,6.7,".231",".302",".291","0.593","42","85","0","2","6"
"Andujar, Miguel",609280,2024,29,302,319,86,67,14,1,4,42,13,13.2,4.1,".285",".377",".320","0.697","30","114","2","3","1"
"Swanson, Dansby",621020,2024,30,534,593,129,84,27,2,16,144,54,24.3,9.1,".242",".390",".312","0.702","66","208","3","19","3"
"Newman, Kevin",621028,2024,30,288,311,80,59,17,1,3,48,15,15.4,4.8,".278",".375",".311","0.686","28","108","1","8","2"
"Taylor, Chris",621035,2024,33,213,246,43,31,7,1,4,76,28,30.9,11.4,".202",".300",".298","0.598","23","64","1","5","2"
"Correa, Carlos",621043,2024,29,319,367,99,63,20,2,14,61,40,16.6,10.9,".310",".517",".388","0.905","54","165","0","0","4"
"Taylor, Tyrone",621438,2024,30,319,345,79,47,22,3,7,80,19,23.2,5.5,".248",".401",".299","0.700","35","128","2","11","1"
"Buxton, Byron",621439,2024,30,355,388,99,51,27,3,18,99,20,25.5,5.2,".279",".524",".335","0.859","56","186","2","7","2"
"Stewart, DJ",621466,2024,30,158,194,28,19,4,0,5,48,31,24.7,16,".177",".297",".325","0.622","19","47","0","1","1"
"Ward, Taylor",621493,2024,30,585,663,144,91,26,2,25,163,63,24.6,9.5,".246",".426",".323","0.749","75","249","4","6","8"
"Wisdom, Patrick",621550,2024,32,158,174,27,10,7,2,8,59,10,33.9,5.7,".171",".392",".237","0.629","23","62","0","5","1"
"Olson, Matt",621566,2024,30,600,685,148,81,37,1,29,170,71,24.8,10.4,".247",".457",".333","0.790","98","274","0","0","5"
"Margot, Manuel",622534,2024,29,315,343,75,53,17,1,4,54,21,15.7,6.1,".238",".337",".289","0.626","31","106","0","5","3"
"Mateo, Jorge",622761,2024,29,192,208,44,23,14,2,5,48,10,23.1,4.8,".229",".401",".267","0.668","18","77","2","13","3"
"Ramírez, Harold",623912,2024,29,238,246,62,52,7,1,2,50,5,20.3,2,".261",".324",".280","0.604","29","77","2","6","1"
"Santander, Anthony",623993,2024,29,595,665,140,69,25,2,44,129,58,19.4,8.7,".235",".506",".308","0.814","102","301","0","2","5"
"Alonso, Pete",624413,2024,29,608,695,146,81,31,0,34,172,70,24.7,10.1,".240",".459",".329","0.788","88","279","0","3","4"
"Biggio, Cavan",624415,2024,29,188,224,37,27,5,0,5,72,24,32.1,10.7,".197",".303",".314","0.617","19","57","0","2","0"
"Conforto, Michael",624424,2024,31,438,488,104,54,27,3,20,118,42,24.2,8.6,".237",".450",".309","0.759","66","197","1","0","3"
"Frazier, Adam",624428,2024,32,262,294,53,38,10,1,4,59,22,20.1,7.5,".202",".294",".282","0.576","22","77","0","3","0"
"Trevino, Jose",624431,2024,31,209,234,45,32,5,0,8,41,20,17.5,8.5,".215",".354",".288","0.642","28","74","0","1","2"
"Gordon, Nick",624503,2024,28,260,275,59,39,11,1,8,67,11,24.4,4,".227",".369",".258","0.627","32","96","5","5","3"
"McGuire, Reese",624512,2024,29,139,158,29,23,3,0,3,39,13,24.7,8.2,".209",".295",".280","0.575","18","41","0","3","3"
"Soler, Jorge",624585,2024,32,493,574,119,63,34,1,21,141,68,24.6,11.8,".241",".442",".338","0.780","64","218","0","1","4"
"Sosa, Edmundo",624641,2024,28,249,274,64,41,12,4,7,66,13,24.1,4.7,".257",".422",".313","0.735","31","105","1","7","2"
"Ibáñez, Andy",628451,2024,31,224,244,54,39,9,1,5,63,15,25.8,6.1,".241",".357",".295","0.652","32","80","3","2","2"
"Cronenworth, Jake",630105,2024,30,577,656,139,90,29,3,17,118,61,18,9.3,".241",".390",".324","0.714","83","225","2","5","3"
"Anderson, Tim",641313,2024,31,234,241,50,47,3,0,0,68,7,28.2,2.9,".214",".226",".237","0.463","9","53","4","4","0"
"Bauers, Jake",641343,2024,28,302,346,60,37,9,2,12,118,39,34.1,11.3,".199",".361",".301","0.662","43","109","1","13","0"
"Bellinger, Cody",641355,2024,28,516,569,137,93,23,3,18,89,45,15.6,7.9,".266",".426",".325","0.751","78","220","2","9","5"
"Calhoun, Willie",641432,2024,29,229,254,56,35,16,0,5,31,23,12.2,9.1,".245",".380",".315","0.695","20","87","1","0","1"
"Crawford, J.P.",641487,2024,29,392,451,79,52,16,2,9,102,52,22.6,11.5,".202",".321",".304","0.625","37","126","0","5","1"
"Fraley, Jake",641584,2024,29,350,382,97,71,19,2,5,70,26,18.3,6.8,".277",".386",".330","0.716","26","135","5","20","3"
"Garver, Mitch",641598,2024,33,367,430,63,31,17,0,15,133,53,30.9,12.3,".172",".341",".286","0.627","51","125","0","0","3"
"Guillorme, Luis",641645,2024,29,161,187,33,23,9,1,0,36,23,19.3,12.3,".205",".273",".301","0.574","10","44","2","4","2"
"Hampson, Garrett",641658,2024,29,213,231,49,35,13,1,0,59,14,25.5,6.1,".230",".300",".275","0.575","16","64","2","7","2"
"Heim, Jonah",641680,2024,29,459,491,101,75,12,1,13,90,26,18.3,5.3,".220",".336",".267","0.603","59","154","1","1","2"
"McMahon, Ryan",641857,2024,29,567,645,137,89,28,0,20,185,69,28.7,10.7,".242",".397",".325","0.722","65","225","6","4","4"
"O'Neill, Tyler",641933,2024,29,411,473,99,50,18,0,31,159,53,33.6,11.2,".241",".511",".336","0.847","61","210","0","4","2"
"Smith, Dominic",642086,2024,29,275,307,64,36,22,0,6,76,28,24.8,9.1,".233",".378",".313","0.691","34","104","1","1","0"
"Tellez, Rowdy",642133,2024,29,383,421,93,62,18,0,13,89,31,21.1,7.4,".243",".392",".299","0.691","56","150","0","1","5"
"Thaiss, Matt",642136,2024,29,157,186,32,21,9,0,2,58,28,31.2,15.1,".204",".299",".323","0.622","16","47","0","3","1"
"Wade, Tyler",642180,2024,29,138,156,30,27,3,0,0,29,11,18.6,7.1,".217",".239",".285","0.524","8","33","1","8","0"
"Siri, Jose",642350,2024,28,402,448,75,40,16,1,18,170,31,37.9,6.9,".187",".366",".255","0.621","47","147","7","14","4"
"Rosario, Amed",642708,2024,28,332,346,93,69,18,3,3,73,9,21.1,2.6,".280",".380",".306","0.686","32","126","5","13","1"
"Adames, Willy",642715,2024,28,610,688,153,88,33,0,32,173,74,25.1,10.8,".251",".462",".331","0.793","112","282","4","21","3"
"Estrada, Thairo",642731,2024,28,364,381,79,53,15,2,9,76,10,19.9,2.6,".217",".343",".247","0.590","47","125","2","2","2"
"Benintendi, Andrew",643217,2024,29,477,522,109,69,20,0,20,96,41,18.4,7.9,".229",".396",".289","0.685","64","189","2","3","3"
"Dubón, Mauricio",643289,2024,29,402,428,108,79,25,0,4,55,16,12.9,3.7,".269",".361",".296","0.657","47","145","2","3","5"
"Jansen, Danny",643376,2024,29,278,324,57,35,13,0,9,61,40,18.8,12.3,".205",".349",".309","0.658","24","97","0","0","3"
"Kiner-Falefa, Isiah",643396,2024,29,465,496,125,95,18,4,8,78,16,15.7,3.2,".269",".376",".306","0.682","43","175","2","11","2"
"McNeil, Jeff",643446,2024,32,424,472,101,63,26,0,12,68,35,14.4,7.4,".238",".384",".308","0.692","44","163","1","5","3"
"Tauchman, Mike",643565,2024,33,298,350,74,54,12,1,7,70,47,20,13.4,".248",".366",".357","0.723","29","109","2","6","1"
"Albies, Ozzie",645277,2024,27,399,435,100,60,29,1,10,65,27,14.9,6.2,".251",".404",".303","0.707","53","161","1","8","4"
"Robles, Victor",645302,2024,27,254,295,78,54,20,0,4,53,21,18,7.1,".307",".433",".381","0.814","28","110","2","34","3"
"Devers, Rafael",646240,2024,27,525,601,143,76,34,5,28,147,67,24.5,11.1,".272",".516",".354","0.870","83","271","0","3","6"
"Naylor, Josh",647304,2024,27,563,633,137,79,27,0,31,105,58,16.6,9.2,".243",".456",".320","0.776","108","257","2","6","4"
"Toro, Abraham",647351,2024,27,337,364,81,57,17,1,6,62,20,17,5.5,".240",".350",".293","0.643","26","118","2","4","0"
"Arraez, Luis",650333,2024,27,637,672,200,161,32,3,4,29,24,4.3,3.6,".314",".392",".346","0.738","46","250","3","9","1"
"Jiménez, Eloy",650391,2024,27,324,349,77,57,14,0,6,70,22,20.1,6.3,".238",".336",".289","0.625","23","109","0","3","1"
"Torres, Gleyber",650402,2024,27,587,665,151,110,26,0,15,136,65,20.5,9.8,".257",".378",".330","0.708","63","222","3","4","8"
"Castro, Willi",650489,2024,27,558,635,138,90,31,5,12,150,51,23.6,8,".247",".385",".331","0.716","60","215","9","14","4"
"Díaz, Yandy",650490,2024,32,563,621,158,112,31,1,14,95,50,15.3,8.1,".281",".414",".341","0.755","65","233","0","0","4"
"De La Cruz, Bryan",650559,2024,27,584,622,136,90,25,0,21,170,29,27.3,4.7,".233",".384",".271","0.655","68","224","2","5","5"
"Rengifo, Luis",650859,2024,27,283,304,85,65,13,1,6,44,16,14.5,5.3,".300",".417",".347","0.764","30","118","7","24","0"
"Chapman, Matt",656305,2024,31,575,647,142,74,39,2,27,158,64,24.4,9.9,".247",".463",".328","0.791","78","266","2","15","2"
"Fairchild, Stuart",656413,2024,28,209,233,45,29,8,0,8,60,17,25.8,7.3,".215",".368",".286","0.654","30","77","1","13","1"
"Hill, Derek",656537,2024,28,162,172,39,26,4,2,7,56,5,32.6,2.9,".241",".420",".271","0.691","25","68","2","6","1"
"Hilliard, Sam",656541,2024,30,138,158,33,17,5,1,10,56,14,35.4,8.9,".239",".507",".305","0.812","27","70","2","5","2"
"Hoskins, Rhys",656555,2024,31,449,517,96,56,14,0,26,149,53,28.8,10.3,".214",".419",".303","0.722","82","188","0","3","6"
"Jackson, Alex",656577,2024,28,139,155,17,7,7,0,3,53,12,34.2,7.7,".122",".237",".201","0.438","12","33","0","1","1"
"Joe, Connor",656582,2024,31,364,416,83,51,22,1,9,91,44,21.9,10.6,".228",".368",".320","0.688","36","134","2","2","2"
"McKinstry, Zach",656716,2024,29,297,325,64,41,14,5,4,69,24,21.2,7.4,".215",".337",".277","0.614","23","100","0","16","2"
"Mullins, Cedric",656775,2024,29,444,499,104,67,16,3,18,98,41,19.6,8.2,".234",".405",".305","0.710","54","180","6","32","2"
"O'Hearn, Ryan",656811,2024,30,443,494,117,78,21,3,15,69,46,14,9.3,".264",".427",".334","0.761","59","189","1","3","3"
"Rivera, Emmanuel",656896,2024,28,265,302,63,47,9,2,5,69,26,22.8,8.6,".238",".343",".312","0.655","29","91","0","2","5"
"Schwarber, Kyle",656941,2024,31,573,692,142,82,22,0,38,197,106,28.5,15.3,".248",".485",".366","0.851","104","278","3","5","8"
"Smith, Pavin",656976,2024,28,137,158,37,17,11,0,9,31,18,19.6,11.4,".270",".547",".348","0.895","36","75","0","1","3"
"Thomas, Lane",657041,2024,28,472,528,112,68,26,3,15,137,44,25.9,8.3,".237",".400",".309","0.709","63","189","14","32","5"
"Verdugo, Alex",657077,2024,28,559,621,130,88,28,1,13,93,49,15,7.9,".233",".356",".291","0.647","61","199","1","2","10"
"Wong, Connor",657136,2024,28,447,487,125,87,24,1,13,114,28,23.4,5.7,".280",".425",".333","0.758","52","190","7","8","2"
"DeJong, Paul",657557,2024,30,445,482,101,60,17,0,24,156,23,32.4,4.8,".227",".427",".276","0.703","56","190","2","2","5"
"Laureano, Ramón",657656,2024,29,286,309,74,46,16,1,11,96,15,31.1,4.9,".259",".437",".311","0.748","33","125","3","8","1"
"Sheets, Gavin",657757,2024,28,451,501,105,70,24,1,10,106,43,21.2,8.6,".233",".357",".303","0.660","45","161","2","2","3"
"Olivares, Edward",658668,2024,28,174,196,39,30,4,0,5,37,16,18.9,8.2,".224",".333",".291","0.624","23","58","0","1","4"
"Ohtani, Shohei",660271,2024,29,636,731,197,98,38,7,54,162,81,22.2,11.1,".310",".646",".390","1.036","130","411","4","59","5"
"Bruján, Vidal",660644,2024,26,248,278,55,37,14,2,2,54,25,19.4,9,".222",".319",".303","0.622","16","79","6","5","0"
"Acuña Jr., Ronald",660670,2024,26,192,222,48,35,8,1,4,53,27,23.9,12.2,".250",".365",".351","0.716","15","70","3","16","0"
"Ruiz, Keibert",660688,2024,25,459,485,105,71,21,0,13,54,16,11.1,3.3,".229",".359",".260","0.619","57","165","1","3","5"
"Montero, Elehuris",660707,2024,25,224,247,46,32,10,0,4,56,20,22.7,8.1,".205",".304",".267","0.571","28","68","0","0","3"
"Yepez, Juan",660766,2024,26,226,249,64,43,15,0,6,42,18,16.9,7.2,".283",".429",".335","0.764","26","97","1","2","3"
"Sánchez, Jesús",660821,2024,26,489,537,123,79,25,1,18,140,41,26.1,7.6,".252",".417",".313","0.730","64","204","2","16","2"
"Contreras, William",661388,2024,26,595,679,167,105,37,2,23,139,78,20.5,11.5,".281",".466",".365","0.831","92","277","2","9","3"
"Varsho, Daulton",662139,2024,27,459,513,98,52,21,7,18,137,48,26.7,9.4,".214",".407",".293","0.700","58","187","2","10","1"
"Perkins, Blake",663368,2024,27,383,434,92,71,13,2,6,108,42,24.9,9.7,".240",".332",".316","0.648","43","127","5","23","6"
"Nootbaar, Lars",663457,2024,26,348,405,85,52,18,3,12,79,52,19.5,12.8,".244",".417",".342","0.759","45","145","3","7","3"
"Nevin, Tyler",663527,2024,27,245,278,50,33,10,0,7,64,25,23,9,".204",".331",".288","0.619","20","81","0","1","3"
"Hoerner, Nico",663538,2024,27,582,641,159,116,35,1,7,66,44,10.3,6.9,".273",".373",".335","0.708","48","217","6","31","3"
"Riley, Austin",663586,2024,27,425,469,109,62,26,2,19,118,37,25.2,7.9,".256",".461",".322","0.783","56","196","0","0","2"
"Larnach, Trevor",663616,2024,27,355,400,92,60,17,0,15,89,40,22.3,10,".259",".434",".338","0.772","52","154","1","4","2"
"Mountcastle, Ryan",663624,2024,27,473,507,128,83,30,2,13,114,27,22.5,5.3,".271",".425",".308","0.733","63","201","0","3","6"
"Hayes, Ke'Bryan",663647,2024,27,365,396,85,72,9,0,4,75,23,18.9,5.8,".233",".290",".283","0.573","25","106","2","11","4"
"Tucker, Kyle",663656,2024,27,277,339,80,44,13,0,23,54,56,15.9,16.5,".289",".585",".408","0.993","49","162","0","11","2"
"Cameron, Daz",663662,2024,27,170,186,34,23,5,1,5,51,13,27.4,7,".200",".329",".258","0.587","15","56","0","5","2"
"India, Jonathan",663697,2024,27,533,637,132,87,28,2,15,125,80,19.6,12.6,".248",".392",".357","0.749","58","209","2","13","7"
"Bart, Joey",663698,2024,27,253,282,67,43,11,0,13,73,22,25.9,7.8,".265",".462",".337","0.799","45","117","0","0","1"
"Raleigh, Cal",663728,2024,27,546,628,120,70,16,0,34,176,70,28,11.1,".220",".436",".312","0.748","100","238","1","6","6"
"Fortes, Nick",663743,2024,27,308,335,70,50,16,0,4,41,11,12.2,3.3,".227",".318",".259","0.577","29","98","1","0","5"
"Grisham, Trent",663757,2024,27,179,209,34,17,8,0,9,57,22,27.3,10.5,".190",".385",".290","0.675","31","69","1","1","2"
"Vierling, Matt",663837,2024,27,518,567,133,84,28,5,16,121,41,21.3,7.2,".257",".423",".312","0.735","57","219","1","6","5"
"Gonzalez, Romy",663853,2024,27,199,216,53,36,10,1,6,58,12,26.9,5.6,".266",".417",".306","0.723","29","83","3","11","4"
"Stephenson, Tyler",663886,2024,27,457,515,118,72,26,1,19,117,48,22.7,9.3,".258",".444",".338","0.782","66","203","0","1","2"
"Rodgers, Brendan",663898,2024,27,501,539,134,91,29,1,13,132,31,24.5,5.8,".267",".407",".314","0.721","54","204","0","1","2"
"Lowe, Nathaniel",663993,2024,28,486,565,129,96,16,1,16,125,71,22.1,12.6,".265",".401",".361","0.762","69","195","0","2","4"
"Happ, Ian",664023,2024,29,569,657,138,77,34,2,25,168,80,25.6,12.2,".243",".441",".341","0.782","86","251","2","13","2"
"France, Ty",664034,2024,29,479,535,112,75,24,0,13,114,38,21.3,7.1,".234",".365",".305","0.670","51","175","1","1","5"
"Lowe, Brandon",664040,2024,29,385,425,94,51,19,3,21,112,33,26.4,7.8,".244",".473",".311","0.784","58","182","1","5","2"
"Bader, Harrison",664056,2024,30,402,437,95,64,19,0,12,95,21,21.7,4.8,".236",".373",".284","0.657","51","150","8","17","6"
"Moore, Dylan",664238,2024,31,368,441,74,37,23,4,10,123,53,27.9,12,".201",".367",".320","0.687","42","135","6","32","5"
"Isbel, Kyle",664728,2024,27,384,426,88,59,13,8,8,88,27,20.7,6.3,".229",".367",".287","0.654","42","141","2","11","2"
"Bohm, Alec",664761,2024,27,554,606,155,94,44,2,15,86,40,14.2,6.6,".280",".448",".332","0.780","97","248","2","5","6"
"Wade Jr., LaMonte",664774,2024,30,331,401,86,62,16,0,8,90,62,22.4,15.5,".260",".381",".380","0.761","34","126","1","2","3"
"Brown, Seth",664913,2024,31,372,400,86,60,11,1,14,112,25,28,6.3,".231",".379",".282","0.661","44","141","2","4","1"
"McCarthy, Jake",664983,2024,26,442,495,126,98,13,7,8,78,31,15.8,6.3,".285",".400",".349","0.749","56","177","6","25","3"
"Peña, Jeremy",665161,2024,26,602,650,160,115,28,2,15,111,25,17.1,3.8,".266",".394",".308","0.702","70","237","6","20","6"
"Tatis Jr., Fernando",665487,2024,25,398,438,110,67,21,1,21,96,32,21.9,7.3,".276",".492",".340","0.832","49","196","3","11","1"
"Guerrero Jr., Vladimir",665489,2024,25,616,697,199,124,44,1,30,96,72,13.8,10.3,".323",".544",".396","0.940","103","335","2","2","4"
"Pache, Cristian",665506,2024,25,165,183,33,23,8,1,1,64,17,35,9.3,".200",".279",".273","0.552","16","46","0","1","1"
"Soto, Juan",665742,2024,25,576,713,166,90,31,4,41,119,129,16.7,18.1,".288",".569",".419","0.988","109","328","4","7","4"
"Taveras, Leody",665750,2024,25,480,529,110,78,17,3,12,112,42,21.2,7.9,".229",".352",".289","0.641","44","169","6","23","4"
"Amaya, Miguel",665804,2024,25,328,363,76,53,13,2,8,62,23,17.1,6.3,".232",".357",".288","0.645","47","117","0","0","3"
"Cabrera, Oswaldo",665828,2024,25,299,326,74,55,11,0,8,63,21,19.3,6.4,".247",".365",".296","0.661","36","109","2","4","3"
"Cruz, Oneil",665833,2024,25,541,599,140,82,34,3,21,181,51,30.2,8.5,".259",".449",".324","0.773","76","243","1","22","4"
"Valdez, Enmanuel",665839,2024,25,201,223,43,25,12,0,6,53,17,23.8,7.6,".214",".363",".270","0.633","28","73","1","1","4"
"Chisholm Jr., Jazz",665862,2024,26,562,621,144,95,21,4,24,152,53,24.5,8.5,".256",".436",".324","0.760","73","245","10","40","2"
"Giménez, Andrés",665926,2024,25,583,633,147,115,22,1,9,97,26,15.3,4.1,".252",".340",".298","0.638","63","198","5","30","6"
"Fermin, Freddy",666023,2024,29,339,368,92,72,14,0,6,66,23,17.9,6.3,".271",".366",".319","0.685","36","124","0","2","3"
"Jones, Nolan",666134,2024,26,256,297,58,41,13,1,3,91,36,30.6,12.1,".227",".320",".321","0.641","28","82","4","5","3"
"Kirilloff, Alex",666135,2024,26,159,178,32,16,8,3,5,47,15,26.4,8.4,".201",".384",".270","0.654","20","61","0","0","3"
"Lowe, Josh",666139,2024,26,353,387,85,54,19,2,10,123,32,31.8,8.3,".241",".391",".302","0.693","34","138","1","25","2"
"Fitzgerald, Tyler",666149,2024,26,314,341,88,52,19,2,15,108,22,31.7,6.5,".280",".497",".334","0.831","34","156","4","17","1"
"Fletcher, Dominic",666150,2024,26,223,241,46,37,8,0,1,58,11,24.1,4.6,".206",".256",".252","0.508","17","57","0","0","1"
"Hamilton, David",666152,2024,26,294,317,73,47,17,1,8,80,22,25.2,6.9,".248",".395",".303","0.698","28","116","4","33","0"
"Lux, Gavin",666158,2024,26,439,487,110,74,24,2,10,110,44,22.6,9,".251",".383",".320","0.703","50","168","2","5","2"
"Moniak, Mickey",666160,2024,26,392,418,86,53,17,2,14,114,21,27.3,5,".219",".380",".266","0.646","49","149","4","8","1"
"Rortvedt, Ben",666163,2024,26,290,328,66,50,13,0,3,88,34,26.8,10.4,".228",".303",".317","0.620","31","88","0","1","0"
"Adell, Jo",666176,2024,25,405,451,84,47,15,2,20,126,35,27.9,7.8,".207",".402",".280","0.682","62","163","10","15","3"
"Benson, Will",666181,2024,26,343,388,64,29,19,2,14,154,40,39.7,10.3,".187",".376",".274","0.650","43","129","7","16","2"
"Bichette, Bo",666182,2024,26,311,336,70,49,16,1,4,64,20,19,6,".225",".322",".277","0.599","31","100","1","5","2"
"Carlson, Dylan",666185,2024,25,235,265,49,39,7,0,3,75,22,28.3,8.3,".209",".277",".287","0.564","25","65","1","2","3"
"Naylor, Bo",666310,2024,24,354,389,71,46,10,2,13,122,29,31.4,7.5,".201",".350",".264","0.614","39","124","3","6","2"
"Julien, Edouard",666397,2024,25,266,301,53,36,9,0,8,102,33,33.9,11,".199",".323",".292","0.615","21","86","0","6","0"
"Morel, Christopher",666624,2024,25,535,611,105,70,11,3,21,159,61,26,10,".196",".346",".288","0.634","60","185","7","8","5"
"García, Adolis",666969,2024,31,580,637,130,78,27,0,25,177,45,27.8,7.1,".224",".400",".284","0.684","85","232","5","11","6"
"Gurriel Jr., Lourdes",666971,2024,30,513,553,143,101,22,2,18,101,29,18.3,5.2,".279",".435",".322","0.757","75","223","1","7","5"
"Julks, Corey",667452,2024,28,173,189,37,27,7,0,3,50,15,26.5,7.9,".214",".306",".275","0.581","14","53","2","5","1"
"Rooker, Brent",667670,2024,29,546,614,160,93,26,2,39,177,59,28.8,9.6,".293",".562",".365","0.927","112","307","3","11","4"
"Arozarena, Randy",668227,2024,29,549,648,120,67,33,0,20,169,73,26.1,11.3,".219",".388",".332","0.720","60","213","10","20","4"
"Rogers, Jake",668670,2024,29,310,337,61,34,16,1,10,99,22,29.4,6.5,".197",".352",".255","0.607","36","109","0","1","2"
"Bleday, JJ",668709,2024,26,572,642,139,72,43,4,20,125,67,19.5,10.4,".243",".437",".324","0.761","60","250","3","2","0"
"Steer, Spencer",668715,2024,26,574,656,129,71,34,4,20,137,72,20.9,11,".225",".402",".319","0.721","92","231","3","25","2"
"Reynolds, Bryan",668804,2024,29,622,692,171,115,29,3,24,156,57,22.5,8.2,".275",".447",".344","0.791","88","278","2","10","3"
"McCann, Kyle",668832,2024,26,140,157,33,24,4,0,5,59,16,37.6,10.2,".236",".371",".318","0.689","15","52","0","0","0"
"Martin, Austin",668885,2024,25,233,257,59,39,18,1,1,47,20,18.3,7.8,".253",".352",".318","0.670","16","82","3","7","0"
"Vientos, Mark",668901,2024,24,413,454,110,61,22,0,27,135,33,29.7,7.3,".266",".516",".322","0.838","71","213","0","0","5"
"Lewis, Royce",668904,2024,25,292,325,68,36,16,0,16,74,28,22.8,8.6,".233",".452",".295","0.747","47","132","0","0","5"
"Turang, Brice",668930,2024,24,559,619,142,107,24,4,7,105,50,17,8.1,".254",".349",".316","0.665","57","195","6","50","3"
"Rutschman, Adley",668939,2024,26,571,638,143,102,21,1,19,103,58,16.1,9.1,".250",".391",".318","0.709","79","223","0","1","7"
"Rojas, Josh",668942,2024,30,422,476,95,66,19,2,8,108,46,22.7,9.7,".225",".336",".304","0.640","31","142","4","10","2"
"Mitchell, Garrett",669003,2024,25,196,224,50,27,12,3,8,71,25,31.7,11.2,".255",".469",".342","0.811","21","92","4","11","0"
"Melendez, MJ",669004,2024,25,412,451,85,42,23,3,17,113,35,25.1,7.8,".206",".400",".273","0.673","44","165","4","4","0"
"Marsh, Brandon",669016,2024,26,418,476,104,68,17,3,16,154,50,32.4,10.5,".249",".419",".328","0.747","60","175","3","19","5"
"Stowers, Kyle",669065,2024,26,192,209,40,24,11,2,3,74,13,35.4,6.2,".208",".333",".268","0.601","24","64","1","0","1"
"Langeliers, Shea",669127,2024,26,482,534,108,59,18,2,29,145,41,27.2,7.7,".224",".450",".288","0.738","80","217","2","4","6"
"Campusano, Luis",669134,2024,25,277,299,63,42,13,0,8,41,20,13.7,6.7,".227",".361",".281","0.642","40","100","0","0","1"
"Murphy, Sean",669221,2024,29,233,264,45,29,5,1,10,67,27,25.4,10.2,".193",".352",".284","0.636","25","82","0","0","1"
"Senzel, Nick",669222,2024,29,236,267,46,28,11,0,7,61,28,22.8,10.5,".195",".331",".283","0.614","18","78","3","1","0"
"Wells, Austin",669224,2024,24,354,414,81,49,18,1,13,87,47,21,11.4,".229",".395",".322","0.717","55","140","2","1","7"
"Malloy, Justyn-Henry",669234,2024,24,202,230,41,25,7,1,8,85,23,37,10,".203",".366",".291","0.657","21","74","1","1","2"
"Edman, Tommy",669242,2024,29,139,153,33,21,5,1,6,30,11,19.6,7.2,".237",".417",".294","0.711","20","58","0","6","2"
"Smith, Will",669257,2024,29,476,544,118,72,24,2,20,105,51,19.3,9.4,".248",".433",".327","0.760","75","206","1","1","8"
"Suwinski, Jack",669261,2024,25,247,277,45,28,8,0,9,79,27,28.5,9.7,".182",".324",".264","0.588","26","80","1","9","1"
"Espinal, Santiago",669289,2024,29,357,391,88,67,12,0,9,54,24,13.8,6.1,".246",".356",".295","0.651","45","127","1","11","4"
"Miranda, Jose",669304,2024,26,401,429,114,73,28,4,9,66,18,15.4,4.2,".284",".441",".322","0.763","49","177","2","2","4"
"Gorman, Nolan",669357,2024,24,365,402,74,40,15,0,19,151,34,37.6,8.5,".203",".400",".271","0.671","50","146","1","6","2"
"Edwards, Xavier",669364,2024,24,265,303,87,69,12,5,1,52,33,17.2,10.9,".328",".423",".397","0.820","26","112","4","31","4"
"Burger, Jake",669394,2024,28,535,579,134,81,23,1,29,150,31,25.9,5.4,".250",".460",".301","0.761","76","246","1","1","4"
"Smith, Josh",669701,2024,26,523,592,135,91,30,1,13,121,46,20.4,7.8,".258",".394",".337","0.731","62","206","2","11","3"
"Triolo, Jared",669707,2024,26,394,446,85,65,10,1,9,118,42,26.5,9.4,".216",".315",".296","0.611","46","124","1","8","5"
"Hays, Austin",669720,2024,28,235,255,60,37,18,0,5,59,9,23.1,3.5,".255",".396",".303","0.699","20","93","2","2","2"
"Toglia, Michael",669911,2024,25,399,458,87,45,14,3,25,147,54,32.1,11.8,".218",".456",".311","0.767","55","182","1","10","3"
"Lopez, Nicky",670032,2024,29,398,445,96,80,12,3,1,67,37,15.1,8.3,".241",".294",".312","0.606","21","117","7","5","0"
"Raley, Luke",670042,2024,29,404,455,98,55,19,2,22,135,27,29.7,5.9,".243",".463",".320","0.783","58","187","2","11","2"
"Wallner, Matt",670242,2024,26,220,261,57,26,17,1,13,95,24,36.4,9.2,".259",".523",".372","0.895","37","115","0","3","1"
"Alvarez, Yordan",670541,2024,27,552,635,170,99,34,2,35,95,69,15,10.9,".308",".567",".392","0.959","86","313","0","6","4"
"Paredes, Isaac",670623,2024,25,542,641,129,84,25,1,19,105,76,16.4,11.9,".238",".393",".346","0.739","80","213","1","1","6"
"Walls, Taylor",670764,2024,27,218,252,40,31,5,3,1,67,31,26.6,12.3,".183",".248",".282","0.530","14","54","4","16","3"
"Friedl, TJ",670770,2024,28,297,341,67,48,5,1,13,52,26,15.2,7.6,".226",".380",".310","0.690","55","113","1","9","4"
"Herrera, Iván",671056,2024,24,229,259,69,51,12,1,5,53,25,20.5,9.7,".301",".428",".372","0.800","27","98","0","5","2"
"Casas, Triston",671213,2024,24,212,243,51,30,8,0,13,77,30,31.7,12.3,".241",".462",".337","0.799","32","98","1","0","0"
"Ramos, Heliot",671218,2024,24,475,518,128,80,23,3,22,135,37,26.1,7.1,".269",".469",".322","0.791","72","223","1","6","4"
"García Jr., Luis",671277,2024,24,500,528,141,97,25,1,18,86,27,16.3,5.1,".282",".444",".318","0.762","70","222","5","22","1"
"Freeman, Tyler",671289,2024,25,330,383,69,47,14,1,7,53,28,13.8,7.3,".209",".321",".305","0.626","32","106","6","11","3"
"Butler, Lawrence",671732,2024,23,412,451,108,60,24,2,22,108,35,23.9,7.8,".262",".490",".317","0.807","57","202","0","18","4"
"Harris II, Michael",671739,2024,23,440,470,116,83,14,3,16,94,23,20,4.9,".264",".418",".304","0.722","48","184","6","10","3"
"Bailey, Patrick",672275,2024,25,401,448,94,69,16,1,8,100,39,22.3,8.7,".234",".339",".298","0.637","46","136","0","4","7"
"Siani, Michael",672279,2024,24,298,334,68,57,7,2,2,92,21,27.5,6.3,".228",".285",".285","0.570","20","85","3","20","1"
"Kelenic, Jarred",672284,2024,24,412,449,95,60,18,2,15,133,32,29.6,7.1,".231",".393",".286","0.679","45","162","2","7","3"
"Arias, Gabriel",672356,2024,24,153,161,34,21,9,1,3,53,6,32.9,3.7,".222",".353",".255","0.608","15","54","2","5","1"
"Kirk, Alejandro",672386,2024,25,340,386,86,61,19,1,5,51,35,13.2,9.1,".253",".359",".319","0.678","54","122","0","0","9"
"Moreno, Gabriel",672515,2024,24,305,351,81,57,18,1,5,52,41,14.8,11.7,".266",".380",".353","0.733","45","116","1","3","3"
"Garcia, Maikel",672580,2024,24,575,626,133,94,27,5,7,103,42,16.5,6.7,".231",".332",".281","0.613","58","191","2","37","5"
"Lopez, Otto",672640,2024,25,403,434,109,79,23,1,6,75,25,17.3,5.8,".270",".377",".313","0.690","39","152","4","20","2"
"Perdomo, Geraldo",672695,2024,24,337,388,92,66,21,2,3,58,36,14.9,9.3,".273",".374",".344","0.718","37","126","1","9","5"
"Pérez, Wenceel",672761,2024,24,389,425,94,63,16,6,9,92,32,21.6,7.5,".242",".383",".300","0.683","37","149","5","9","1"
"Sosa, Lenyn",672820,2024,24,351,369,89,68,13,0,8,77,12,20.9,3.3,".254",".359",".283","0.642","35","126","1","3","1"
"Diaz, Yainer",673237,2024,25,585,619,175,127,29,3,16,107,24,17.3,3.9,".299",".441",".325","0.766","84","258","0","2","8"
"Robert Jr., Luis",673357,2024,26,393,425,88,55,19,0,14,141,28,33.2,6.6,".224",".379",".278","0.657","35","149","6","23","1"
"Kim, Ha-Seong",673490,2024,28,403,470,94,64,16,3,11,77,58,16.4,12.3,".233",".370",".330","0.700","47","149","5","22","3"
"Suzuki, Seiya",673548,2024,29,512,585,145,91,27,6,21,160,63,27.4,10.8,".283",".482",".366","0.848","73","247","6","16","4"
"Jung, Josh",673962,2024,26,178,188,47,34,5,1,7,48,8,25.5,4.3,".264",".421",".298","0.719","16","75","0","4","1"
"Westburg, Jordan",676059,2024,25,416,447,110,61,26,5,18,97,22,21.7,4.9,".264",".481",".312","0.793","63","200","3","6","1"
"DeLuca, Jonny",676356,2024,25,332,362,72,50,12,4,6,77,24,21.3,6.6,".217",".331",".278","0.609","31","110","6","16","0"
"Velázquez, Nelson",676369,2024,25,205,230,41,24,8,1,8,61,19,26.5,8.3,".200",".366",".274","0.640","27","75","0","2","3"
"Clement, Ernie",676391,2024,28,434,452,114,78,21,3,12,41,11,9.1,2.4,".263",".408",".284","0.692","51","177","3","12","2"
"Burleson, Alec",676475,2024,25,547,595,147,106,20,0,21,76,35,12.8,5.9,".269",".420",".314","0.734","78","230","4","9","6"
"Caballero, José",676609,2024,27,441,483,100,66,24,1,9,133,27,27.5,5.6,".227",".347",".283","0.630","44","153","16","44","3"
"Meyers, Jake",676694,2024,28,461,513,101,65,20,3,13,117,35,22.8,6.8,".219",".360",".286","0.646","61","166","3","11","4"
"McCormick, Chas",676801,2024,29,242,267,51,39,6,1,5,72,17,27,6.4,".211",".306",".271","0.577","27","74","2","8","3"
"Schneider, Davis",676914,2024,25,397,454,76,43,19,1,13,144,47,31.7,10.4,".191",".343",".282","0.625","46","136","0","6","5"
"Rocchio, Brayan",677587,2024,23,383,442,79,53,18,0,8,90,44,20.4,10,".206",".316",".298","0.614","36","121","6","10","5"
"Tena, José",677588,2024,23,161,168,43,35,5,0,3,41,7,24.4,4.2,".267",".354",".298","0.652","15","57","1","6","0"
"Rodríguez, Julio",677594,2024,23,567,613,155,118,17,0,20,156,38,25.4,6.2,".273",".409",".325","0.734","68","232","5","24","2"
"Duran, Ezequiel",677649,2024,25,268,285,66,52,11,0,3,63,14,22.1,4.9,".246",".321",".288","0.609","20","86","2","1","1"
"Abreu, Wilyer",677800,2024,25,399,447,101,51,33,2,15,125,40,28,8.9,".253",".459",".322","0.781","58","183","3","8","5"
"Jiménez, Leo",677870,2024,23,179,210,41,26,11,0,4,59,12,28.1,5.7,".229",".358",".329","0.687","19","64","0","0","3"
"Alexander, Blaze",677942,2024,25,166,185,41,31,7,0,3,49,15,26.5,8.1,".247",".343",".321","0.664","21","57","1","3","0"
"Witt Jr., Bobby",677951,2024,24,636,709,211,123,45,11,32,106,57,15,8,".332",".588",".389","0.977","109","374","12","31","8"
"Meadows, Parker",678009,2024,24,270,298,66,39,12,6,9,76,25,25.5,8.4,".244",".433",".310","0.743","28","117","4","9","1"
"Vargas, Miguel",678246,2024,24,206,237,31,19,7,0,5,57,25,24.1,10.5,".150",".257",".249","0.506","16","53","1","3","3"
"Tovar, Ezequiel",678662,2024,22,655,695,176,101,45,4,26,200,23,28.8,3.3,".269",".469",".295","0.764","78","307","5","6","7"
"Noel, Jhonkensy",678877,2024,22,179,198,39,18,7,1,13,63,13,31.8,6.6,".218",".486",".288","0.774","28","87","0","0","1"
"Rafaela, Ceddanne",678882,2024,23,544,571,134,91,23,5,15,151,15,26.4,2.6,".246",".390",".274","0.664","75","212","10","19","3"
"Rojas, Johan",679032,2024,23,338,363,82,64,12,3,3,69,13,19,3.6,".243",".322",".279","0.601","32","109","4","25","0"
"Torkelson, Spencer",679529,2024,24,342,381,75,43,21,1,10,105,33,27.6,8.7,".219",".374",".295","0.669","37","128","0","0","1"
"Loftin, Nick",679845,2024,25,148,171,28,23,4,0,1,24,19,14,11.1,".189",".236",".282","0.518","14","35","0","1","2"
"Schuemann, Max",680474,2024,27,396,459,87,66,14,0,7,119,47,25.9,10.2,".220",".308",".311","0.619","34","122","1","14","4"
"Palacios, Richie",680700,2024,27,264,316,59,45,8,1,5,67,45,21.2,14.2,".223",".318",".346","0.664","21","84","1","19","1"
"Barger, Addison",680718,2024,24,208,225,41,23,11,0,7,60,14,26.7,6.2,".197",".351",".250","0.601","28","73","0","2","1"
"Kwan, Steven",680757,2024,26,480,540,140,107,16,3,14,51,53,9.4,9.8,".292",".425",".368","0.793","44","204","5","12","0"
"Duran, Jarren",680776,2024,27,671,735,191,108,48,14,21,160,54,21.8,7.3,".285",".492",".342","0.834","75","330","7","34","3"
"Jeffers, Ryan",680777,2024,27,412,465,93,50,22,0,21,94,32,20.2,6.9,".226",".432",".300","0.732","64","178","0","3","6"
"Gelof, Zack",680869,2024,24,497,547,105,66,20,2,17,188,38,34.4,6.9,".211",".362",".270","0.632","49","180","3","25","5"
"Donovan, Brendan",680977,2024,27,587,652,163,112,34,3,14,81,47,12.4,7.2,".278",".417",".342","0.759","73","245","5","5","5"
"Stott, Bryson",681082,2024,26,506,571,124,92,19,2,11,93,53,16.3,9.3,".245",".356",".315","0.671","57","180","3","32","9"
"Bride, Jonah",681146,2024,28,232,272,64,43,10,0,11,55,30,20.2,11,".276",".461",".357","0.818","39","107","1","0","7"
"Cowser, Colton",681297,2024,24,499,561,121,70,24,3,24,172,52,30.7,9.3,".242",".447",".321","0.768","69","223","4","9","3"
"O'Hoppe, Logan",681351,2024,24,479,522,117,79,17,1,20,155,33,29.7,6.3,".244",".409",".303","0.712","56","196","3","2","1"
"Norby, Connor",681393,2024,24,178,194,42,24,9,0,9,64,15,33,7.7,".236",".438",".294","0.732","20","78","3","3","1"
"Carpenter, Kerry",681481,2024,26,264,296,75,36,16,5,18,75,22,25.3,7.4,".284",".587",".345","0.932","57","155","2","0","3"
"Outman, James",681546,2024,27,136,156,20,12,4,0,4,55,16,35.3,10.3,".147",".265",".256","0.521","11","36","1","2","0"
"Pages, Andy",681624,2024,23,403,443,100,63,23,1,13,108,29,24.4,6.5,".248",".407",".305","0.712","46","164","2","1","4"
"Fry, David",681807,2024,28,335,392,88,55,18,1,14,84,42,21.4,10.7,".263",".448",".356","0.804","51","150","1","4","4"
"Schneemann, Daniel",682177,2024,27,193,221,42,25,10,2,5,70,25,31.7,11.3,".218",".368",".303","0.671","22","71","2","3","3"
"Marte, Noelvi",682622,2024,22,229,242,48,35,9,0,4,75,9,31,3.7,".210",".301",".248","0.549","18","69","3","9","1"
"Alvarez, Francisco",682626,2024,22,308,342,73,46,14,2,11,86,30,25.1,8.8,".237",".403",".307","0.710","47","124","1","1","2"
"Matos, Luis",682641,2024,22,150,156,32,22,5,0,5,24,5,15.4,3.2,".213",".347",".237","0.584","25","52","0","0","1"
"Martínez, Angel",682657,2024,22,151,169,35,25,7,0,3,33,15,19.5,8.9,".232",".338",".298","0.636","11","51","1","3","2"
"De La Cruz, Elly",682829,2024,22,618,696,160,89,36,10,25,218,69,31.3,9.9,".259",".471",".339","0.810","76","291","16","67","1"
"Abrams, CJ",682928,2024,23,541,602,133,78,29,6,20,128,40,21.3,6.6,".246",".433",".314","0.747","65","234","12","31","4"
"Greene, Riley",682985,2024,23,512,584,134,77,27,6,24,156,64,26.7,11,".262",".479",".348","0.827","74","245","2","4","2"
"Carroll, Corbin",682998,2024,23,589,684,136,78,22,14,22,130,73,19,10.7,".231",".428",".322","0.750","74","252","8","35","9"
"Henderson, Gunnar",683002,2024,23,630,719,177,102,31,7,37,159,78,22.1,10.8,".281",".529",".364","0.893","92","333","4","21","4"
"Volpe, Anthony",683011,2024,23,637,689,155,109,27,7,12,156,42,22.6,6.1,".243",".364",".293","0.657","60","232","7","28","3"
"Baty, Brett",683146,2024,24,153,171,35,28,3,0,4,42,16,24.6,9.4,".229",".327",".306","0.633","16","50","0","0","0"
"Vaughn, Andrew",683734,2024,26,570,619,140,90,30,1,19,132,38,21.3,6.1,".246",".402",".297","0.699","70","229","0","2","5"
"Busch, Michael",683737,2024,26,496,567,123,72,28,2,21,162,63,28.6,11.1,".248",".440",".335","0.775","65","218","1","2","4"
"Frelick, Sal",686217,2024,24,475,524,123,95,22,4,2,78,39,14.9,7.4,".259",".335",".320","0.655","32","159","3","18","1"
"Pasquantino, Vinnie",686469,2024,26,496,554,130,79,30,2,19,71,40,12.8,7.2,".262",".446",".315","0.761","97","221","0","1","13"
"Canzone, Dominic",686527,2024,26,168,188,33,18,7,0,8,53,18,28.2,9.6,".196",".381",".271","0.652","17","64","0","1","2"
"Doyle, Brenton",686668,2024,26,542,603,141,90,24,4,23,153,46,25.4,7.6,".260",".446",".317","0.763","72","242","5","30","8"
"Lee, Korey",686676,2024,25,377,394,79,52,14,1,12,122,17,31,4.3,".210",".347",".244","0.591","37","131","3","6","0"
"Massey, Michael",686681,2024,26,332,356,86,53,17,2,14,56,15,15.7,4.2,".259",".449",".294","0.743","45","149","0","1","4"
"Pagés, Pedro",686780,2024,25,202,218,48,36,3,2,7,58,13,26.6,6,".238",".376",".281","0.657","27","76","0","2","2"
"Lee, Brooks",686797,2024,23,172,185,38,28,6,1,3,27,11,14.6,5.9,".221",".320",".265","0.585","27","55","0","3","2"
"Brennan, Will",686823,2024,26,330,353,87,64,13,2,8,48,19,13.6,5.4,".264",".388",".309","0.697","30","128","2","4","1"
"Neto, Zach",687263,2024,23,542,602,135,77,34,1,23,140,39,23.3,6.5,".249",".443",".318","0.761","77","240","10","30","1"
"Scott II, Victor",687363,2024,23,145,155,26,15,9,0,2,42,6,27.1,3.9,".179",".283",".219","0.502","10","41","1","5","2"
"Ortiz, Joey",687401,2024,25,440,511,105,63,25,6,11,103,56,20.2,11,".239",".398",".329","0.727","60","175","6","11","6"
"Horwitz, Spencer",687462,2024,26,328,381,87,56,19,0,12,70,42,18.4,11,".265",".433",".357","0.790","40","142","0","0","4"
"Beck, Jordan",687597,2024,23,170,184,32,23,6,0,3,65,12,35.3,6.5,".188",".276",".245","0.521","13","47","1","7","1"
"Wisely, Brett",689172,2024,25,252,272,60,42,13,1,4,65,13,23.9,4.8,".238",".345",".278","0.623","31","87","3","2","3"
"Keith, Colt",690993,2024,22,516,556,134,102,15,4,13,110,36,19.8,6.5,".260",".380",".309","0.689","61","196","1","7","2"
"Soderstrom, Tyler",691016,2024,22,189,213,44,25,10,0,9,53,20,24.9,9.4,".233",".429",".315","0.744","26","81","0","0","1"
"Walker, Jordan",691023,2024,22,164,178,33,17,10,1,5,50,10,28.1,5.6,".201",".366",".253","0.619","20","60","0","1","2"
"Winn, Masyn",691026,2024,22,587,637,157,105,32,5,15,109,41,17.1,6.4,".267",".416",".314","0.730","57","244","5","11","5"
"Caminero, Junior",691406,2024,20,165,177,41,25,9,1,6,38,11,21.5,6.2,".248",".424",".299","0.723","18","70","0","2","0"
"Crow-Armstrong, Pete",691718,2024,22,372,410,88,59,13,6,10,98,21,23.9,5.1,".237",".384",".286","0.670","47","143","3","27","3"
"Gonzales, Nick",693304,2024,25,359,387,97,68,19,3,7,74,18,19.1,4.7,".270",".398",".311","0.709","49","143","3","5","4"
"Chourio, Jackson",694192,2024,20,528,573,145,91,29,4,21,121,39,21.1,6.8,".275",".464",".327","0.791","79","245","7","22","2"
"Schanuel, Nolan",694384,2024,22,519,607,130,98,19,0,13,103,68,17,11.2,".250",".362",".343","0.705","54","188","1","10","7"
"Loperfido, Joey",694388,2024,25,243,262,52,31,13,4,4,95,13,36.3,5,".214",".350",".264","0.614","25","85","2","4","1"
"Carter, Evan",694497,2024,21,144,162,27,14,6,2,5,43,15,26.5,9.3,".188",".361",".272","0.633","15","52","0","2","1"
"Langford, Wyatt",694671,2024,22,499,557,126,81,25,4,16,115,51,20.6,9.2,".253",".415",".325","0.740","74","207","3","19","3"
"Wood, James",695578,2024,21,295,336,78,52,13,4,9,97,39,28.9,11.6,".264",".427",".354","0.781","41","126","8","14","0"
"Goodman, Hunter",696100,2024,24,211,224,40,18,9,0,13,64,8,28.6,3.6,".190",".417",".228","0.645","36","88","1","1","2"
"Young, Jacob",696285,2024,24,468,521,120,92,24,1,3,102,30,19.6,5.8,".256",".331",".316","0.647","36","155","10","33","2"
"Rice, Ben",700250,2024,25,152,178,26,13,6,0,7,48,20,27,11.2,".171",".349",".264","0.613","23","53","1","0","5"
"Manzardo, Kyle",700932,2024,23,145,156,34,17,12,0,5,41,9,26.3,5.8,".234",".421",".282","0.703","15","61","0","0","1"
"Merrill, Jackson",701538,2024,21,554,593,162,101,31,6,24,101,29,17,4.9,".292",".500",".326","0.826","90","277","3","16","5"
"Lipscomb, Trey",702358,2024,24,190,211,38,34,3,0,1,40,16,19,7.6,".200",".232",".268","0.500","10","44","2","11","1"
"Holliday, Jackson",702616,2024,20,190,208,36,25,4,2,5,69,15,33.2,7.2,".189",".311",".255","0.566","23","59","0","4","1"
"Yoshida, Masataka",807799,2024,30,378,421,106,75,21,0,10,52,27,12.4,6.4,".280",".415",".349","0.764","56","157","0","2","2"
"Lee, Jung Hoo",808982,2024,25,145,158,38,32,4,0,2,13,10,8.2,6.3,".262",".331",".310","0.641","8","48","3","2","2"
"Maldonado, Martín",455117,2025,38,147,161,30,20,6,0,4,57,8,35.4,5,".204",".327",".245","0.572","12","48","0","0","0"
"Solano, Donovan",456781,2025,37,166,179,41,33,4,1,3,40,8,22.3,4.5,".247",".337",".291","0.628","21","56","0","0","2"
"McCutchen, Andrew",457705,2025,38,477,551,114,79,22,0,13,118,67,21.4,12.2,".239",".367",".333","0.700","57","175","1","1","3"
"Turner, Justin",457759,2025,40,169,191,37,27,7,0,3,37,17,19.4,8.9,".219",".314",".288","0.602","18","53","0","2","4"
"Santana, Carlos",467793,2025,39,415,474,91,69,11,0,11,91,52,19.2,11,".219",".325",".308","0.633","54","135","0","7","4"
"Rojas, Miguel",500743,2025,36,290,317,76,51,18,0,7,46,24,14.5,7.6,".262",".397",".318","0.715","27","115","0","5","0"
"Pham, Tommy",502054,2025,37,392,449,96,68,17,1,10,94,50,20.9,11.1,".245",".370",".330","0.700","52","145","3","5","5"
"Goldschmidt, Paul",502671,2025,37,489,534,134,92,31,1,10,100,36,18.7,6.7,".274",".403",".328","0.731","45","197","1","5","2"
"Altuve, Jose",514888,2025,35,588,654,156,105,24,1,26,109,55,16.7,8.4,".265",".442",".329","0.771","77","260","6","10","6"
"Marte, Starling",516782,2025,36,293,329,79,56,14,0,9,68,22,20.7,6.7,".270",".410",".335","0.745","34","120","2","7","4"
"d'Arnaud, Travis",518595,2025,36,213,231,42,23,13,0,6,74,13,32,5.6,".197",".343",".255","0.598","21","73","0","0","1"
"Freeman, Freddie",518692,2025,35,556,627,164,99,39,2,24,128,60,20.4,9.6,".295",".502",".367","0.869","90","279","2","6","5"
"Stanton, Giancarlo",519317,2025,35,249,281,68,36,8,0,24,96,29,34.2,10.3,".273",".594",".350","0.944","66","148","0","0","1"
"Perez, Salvador",521692,2025,35,597,641,141,76,35,0,30,125,28,19.5,4.4,".236",".446",".284","0.730","100","266","0","0","1"
"Flores, Wilmer",527038,2025,33,419,463,101,75,10,0,16,88,34,19,7.3,".241",".379",".307","0.686","71","159","0","1","3"
"Ozuna, Marcell",542303,2025,34,487,592,113,73,19,0,21,144,94,24.3,15.9,".232",".400",".355","0.755","68","195","0","0","7"
"Higashioka, Kyle",543309,2025,35,303,327,73,47,14,1,11,72,20,22,6.1,".241",".403",".291","0.694","47","122","1","3","2"
"Semien, Marcus",543760,2025,34,470,534,108,76,16,1,15,93,50,17.4,9.4,".230",".364",".305","0.669","62","171","1","11","9"
"Springer, George",543807,2025,35,498,586,154,94,27,1,32,111,69,18.9,11.8,".309",".560",".399","0.959","84","279","1","18","4"
"Vázquez, Christian",543877,2025,34,190,214,36,26,7,0,3,35,18,16.4,8.4,".189",".274",".271","0.545","14","52","1","1","2"
"Grichuk, Randal",545341,2025,33,272,293,62,34,18,1,9,61,17,20.8,5.8,".228",".401",".273","0.674","27","109","1","0","3"
"Trout, Mike",545361,2025,33,456,556,106,65,14,1,26,178,87,32,15.6,".232",".439",".359","0.798","64","200","0","2","6"
"Harper, Bryce",547180,2025,32,501,580,131,72,32,0,27,121,70,20.9,12.1,".261",".487",".357","0.844","75","244","2","12","3"
"Díaz, Elias",553869,2025,34,255,283,52,36,7,0,9,74,21,26.1,7.4,".204",".337",".270","0.607","29","86","0","0","0"
"Suárez, Eugenio",553993,2025,33,588,657,134,57,28,0,49,196,46,29.8,7,".228",".526",".298","0.824","118","309","1","4","7"
"Urshela, Gio",570482,2025,33,181,197,43,28,14,1,0,40,13,20.3,6.6,".238",".326",".287","0.613","20","59","1","0","1"
"Arenado, Nolan",571448,2025,34,401,436,95,64,18,1,12,49,28,11.2,6.4,".237",".377",".289","0.666","52","151","0","3","4"
"Farmer, Kyle",571657,2025,34,277,300,63,41,14,0,8,66,17,22,5.7,".227",".365",".280","0.645","31","101","1","0","2"
"Hernández, Enrique",571771,2025,33,232,256,47,29,8,0,10,68,18,26.6,7,".203",".366",".255","0.621","35","85","0","0","5"
"Muncy, Max",571970,2025,34,313,388,76,45,10,2,19,83,64,21.4,16.5,".243",".470",".376","0.846","67","147","0","4","5"
"Taylor, Michael A.",572191,2025,34,295,325,59,29,20,1,9,110,23,33.8,7.1,".200",".366",".259","0.625","35","108","3","8","2"
"Walker, Christian",572233,2025,34,585,640,139,87,24,1,27,177,40,27.7,6.3,".238",".421",".297","0.718","88","246","1","2","4"
"Yastrzemski, Mike",573262,2025,34,477,558,111,65,28,1,17,108,72,19.4,12.9,".233",".403",".333","0.736","46","192","2","7","5"
"Contreras, Willson",575929,2025,33,490,563,126,74,31,1,20,142,44,25.2,7.8,".257",".447",".344","0.791","80","219","1","5","4"
"Iglesias, Jose",578428,2025,35,306,343,70,56,11,0,3,56,24,16.3,7,".229",".294",".298","0.592","36","90","1","5","2"
"Castellanos, Nick",592206,2025,33,547,589,137,91,27,2,17,133,32,22.6,5.4,".250",".400",".294","0.694","72","219","0","4","6"
"Judge, Aaron",592450,2025,33,541,679,179,94,30,2,53,160,124,23.6,18.3,".331",".688",".457","1.145","114","372","5","12","7"
"Machado, Manny",592518,2025,32,615,678,169,109,33,0,27,131,55,19.3,8.1,".275",".460",".335","0.795","95","283","3","14","5"
"Pederson, Joc",592626,2025,33,265,306,48,28,10,1,9,65,34,21.2,11.1,".181",".328",".285","0.613","26","87","0","2","1"
"Realmuto, J.T.",592663,2025,34,502,550,129,90,26,1,12,129,35,23.5,6.4,".257",".384",".315","0.699","52","193","2","8","3"
"Yelich, Christian",592885,2025,33,573,644,151,101,21,0,29,167,64,25.9,9.9,".264",".452",".343","0.795","103","259","6","16","1"
"Bogaerts, Xander",593428,2025,32,491,552,129,88,30,0,11,94,48,17,8.7,".263",".391",".328","0.719","53","192","2","20","8"
"Polanco, Jorge",593871,2025,31,471,524,125,69,30,0,26,82,42,15.6,8,".265",".495",".326","0.821","78","233","3","6","5"
"Profar, Jurickson",595777,2025,32,318,371,78,47,16,1,14,59,48,15.9,12.9,".245",".434",".353","0.787","43","138","2","9","0"
"Báez, Javier",595879,2025,32,417,437,107,75,17,3,12,109,10,24.9,2.3,".257",".398",".282","0.680","57","166","1","5","3"
"Hedges, Austin",595978,2025,32,155,180,25,17,3,0,5,43,18,23.9,10,".161",".277",".250","0.527","10","43","2","1","2"
"Lindor, Francisco",596019,2025,31,644,732,172,106,35,0,31,131,65,17.9,8.9,".267",".466",".346","0.812","86","300","6","31","7"
"Slater, Austin",596103,2025,32,148,160,32,20,6,1,5,51,11,31.9,6.9,".216",".372",".270","0.642","13","55","0","1","0"
"Story, Trevor",596115,2025,32,612,654,161,107,29,0,25,176,33,26.9,5,".263",".433",".308","0.741","96","265","1","31","1"
"Kepler, Max",596146,2025,32,417,474,90,53,19,0,18,93,48,19.6,10.1,".216",".391",".300","0.691","52","163","0","3","4"
"Urías, Ramón",602104,2025,31,352,391,85,57,17,0,11,88,27,22.5,6.9,".241",".384",".292","0.676","44","135","0","3","10"
"Bell, Josh",605137,2025,32,468,533,111,72,16,1,22,88,57,16.5,10.7,".237",".417",".325","0.742","63","195","3","0","3"
"Betts, Mookie",605141,2025,32,589,663,152,107,23,2,20,68,61,10.3,9.2,".258",".406",".326","0.732","82","239","2","8","10"
"Caratini, Victor",605170,2025,31,344,386,89,63,14,0,12,65,23,16.8,6,".259",".404",".324","0.728","46","139","0","1","6"
"Arcia, Orlando",606115,2025,30,203,214,41,30,7,1,3,47,10,22,4.7,".202",".291",".238","0.529","13","59","1","0","1"
"Hernández, Teoscar",606192,2025,32,511,546,126,71,29,1,25,134,26,24.5,4.8,".247",".454",".284","0.738","89","232","2","5","5"
"Marte, Ketel",606466,2025,31,480,556,136,80,28,0,28,83,64,14.9,11.5,".283",".517",".376","0.893","72","248","2","4","3"
"Nimmo, Brandon",607043,2025,32,587,652,154,102,27,0,25,141,50,21.6,7.7,".262",".436",".324","0.760","92","256","1","13","7"
"Turner, Trea",607208,2025,32,589,639,179,126,31,7,15,107,43,16.7,6.7,".304",".457",".355","0.812","69","269","7","36","2"
"Ramírez, José",608070,2025,32,593,673,168,101,34,3,30,74,66,11,9.8,".283",".503",".360","0.863","85","298","7","44","5"
"Bregman, Alex",608324,2025,31,433,495,118,72,28,0,18,70,51,14.1,10.3,".273",".462",".360","0.822","62","200","1","1","2"
"Kelly, Carson",608348,2025,30,369,421,92,61,13,1,17,80,45,19,10.7,".249",".428",".333","0.761","50","158","0","2","4"
"Seager, Corey",608369,2025,31,380,445,103,63,19,0,21,87,58,19.6,13,".271",".487",".373","0.860","50","185","0","3","2"
"Refsnyder, Rob",608701,2025,34,182,209,49,28,12,0,9,54,24,25.8,11.5,".269",".484",".354","0.838","30","88","0","3","2"
"Andujar, Miguel",609280,2025,30,321,341,102,74,17,1,10,49,17,14.4,5,".318",".470",".352","0.822","44","151","0","1","2"
"Torrens, Luis",620443,2025,29,261,283,59,39,14,1,5,56,19,19.8,6.7,".226",".345",".284","0.629","29","90","0","1","0"
"Swanson, Dansby",621020,2025,31,590,645,144,93,24,3,24,168,47,26,7.3,".244",".417",".300","0.717","77","246","3","20","5"
"Correa, Carlos",621043,2025,30,537,584,148,106,29,0,13,113,45,19.3,7.7,".276",".402",".332","0.734","52","216","0","0","1"
"Taylor, Tyrone",621438,2025,31,310,341,69,46,18,3,2,76,16,22.3,4.7,".223",".319",".279","0.598","27","99","2","12","2"
"Buxton, Byron",621439,2025,31,488,542,129,66,21,7,35,148,41,27.3,7.6,".264",".551",".327","0.878","83","269","0","24","6"
"Ward, Taylor",621493,2025,31,579,663,132,63,31,2,36,175,75,26.4,11.3,".228",".475",".317","0.792","103","275","1","4","6"
"Olson, Matt",621566,2025,31,624,724,170,98,41,2,29,176,91,24.3,12.6,".272",".484",".366","0.850","95","302","0","1","5"
"Heineman, Tyler",623168,2025,34,149,174,43,31,8,1,3,31,12,17.8,6.9,".289",".416",".361","0.777","20","62","0","2","2"
"Santander, Anthony",623993,2025,30,194,221,34,23,5,0,6,61,25,27.6,11.3,".175",".294",".271","0.565","18","57","0","0","1"
"Alonso, Pete",624413,2025,30,624,709,170,90,41,1,38,162,61,22.8,8.6,".272",".524",".347","0.871","126","327","2","1","9"
"Conforto, Michael",624424,2025,32,418,486,83,51,20,0,12,121,56,24.9,11.5,".199",".333",".305","0.638","36","139","0","1","3"
"Frazier, Adam",624428,2025,33,419,459,112,85,20,0,7,81,26,17.6,5.7,".267",".365",".319","0.684","44","153","6","8","5"
"Trevino, Jose",624431,2025,32,282,302,67,43,20,0,4,39,15,12.9,5,".238",".351",".272","0.623","22","99","0","0","4"
"Soler, Jorge",624585,2025,33,279,315,60,36,12,0,12,94,28,29.8,8.9,".215",".387",".293","0.680","34","108","0","0","3"
"Sosa, Edmundo",624641,2025,29,243,261,67,43,12,1,11,56,10,21.5,3.8,".276",".469",".307","0.776","39","114","1","1","2"
"Ibáñez, Andy",628451,2025,32,176,193,42,30,8,0,4,26,12,13.5,6.2,".239",".352",".301","0.653","21","62","1","4","1"
"Cronenworth, Jake",630105,2025,31,419,515,103,71,20,1,11,107,69,20.8,13.4,".246",".377",".367","0.744","59","158","3","3","7"
"Bauers, Jake",641343,2025,29,183,218,43,27,9,0,7,59,32,27.1,14.7,".235",".399",".353","0.752","28","73","1","8","1"
"Bellinger, Cody",641355,2025,29,588,656,160,101,25,5,29,90,57,13.7,8.7,".272",".480",".334","0.814","98","282","2","13","9"
"Crawford, J.P.",641487,2025,30,570,654,151,115,24,0,12,122,74,18.7,11.3,".265",".370",".352","0.722","58","211","1","8","1"
"Fraley, Jake",641584,2025,30,191,217,46,31,9,0,6,49,25,22.6,11.5,".241",".382",".332","0.714","23","73","3","4","0"
"Garver, Mitch",641598,2025,34,254,290,53,38,5,1,9,80,30,27.6,10.3,".209",".343",".297","0.640","30","87","0","3","3"
"Heim, Jonah",641680,2025,30,395,433,84,59,14,0,11,88,32,20.3,7.4,".213",".332",".271","0.603","43","131","0","3","4"
"McMahon, Ryan",641857,2025,30,509,586,109,65,23,1,20,189,70,32.3,11.9,".214",".381",".312","0.693","53","194","1","3","3"
"O'Neill, Tyler",641933,2025,30,181,209,36,20,6,1,9,51,22,24.4,10.5,".199",".392",".292","0.684","26","71","0","4","3"
"Smith, Dominic",642086,2025,30,204,225,58,41,12,0,5,42,15,18.7,6.7,".284",".417",".333","0.750","33","85","0","2","4"
"Tellez, Rowdy",642133,2025,30,289,312,66,38,11,0,17,83,17,26.6,5.4,".228",".443",".276","0.719","49","128","0","1","3"
"Thaiss, Matt",642136,2025,30,156,190,34,26,6,1,1,46,29,24.2,15.3,".218",".288",".349","0.637","16","45","1","1","1"
"White, Eli",642201,2025,31,256,271,60,39,8,3,10,70,11,25.8,4.1,".234",".406",".270","0.676","35","104","1","10","1"
"Rosario, Amed",642708,2025,29,181,191,50,33,11,0,6,31,7,16.2,3.7,".276",".436",".309","0.745","23","79","0","1","1"
"Adames, Willy",642715,2025,29,591,686,133,79,22,2,30,179,80,26.1,11.7,".225",".421",".318","0.739","87","249","4","12","9"
"Estrada, Thairo",642731,2025,29,154,165,39,27,9,0,3,26,6,15.8,3.6,".253",".370",".285","0.655","21","57","3","1","3"
"Benintendi, Andrew",643217,2025,30,420,470,101,63,16,2,20,82,40,17.4,8.5,".240",".431",".307","0.738","63","181","0","1","6"
"Dubón, Mauricio",643289,2025,30,369,398,89,61,21,0,7,42,24,10.6,6,".241",".355",".289","0.644","33","131","0","3","1"
"Jansen, Danny",643376,2025,30,288,337,62,37,11,0,14,86,42,25.5,12.5,".215",".399",".321","0.720","36","115","0","0","2"
"Kiner-Falefa, Isiah",643396,2025,30,431,459,113,88,21,2,2,77,17,16.8,3.7,".262",".334",".297","0.631","40","144","4","15","1"
"McNeil, Jeff",643446,2025,33,399,462,97,59,21,5,12,55,49,11.9,10.6,".243",".411",".335","0.746","54","164","0","3","4"
"Tauchman, Mike",643565,2025,34,335,385,88,61,17,1,9,86,45,22.3,11.7,".263",".400",".356","0.756","40","134","0","0","1"
"Albies, Ozzie",645277,2025,28,603,667,145,104,23,2,16,94,55,14.1,8.2,".240",".365",".306","0.671","74","220","3","14","5"
"Herrera, Jose",645444,2025,28,166,204,31,23,6,0,2,47,23,23,11.3,".187",".259",".285","0.544","17","43","0","0","3"
"Devers, Rafael",646240,2025,28,607,729,153,85,33,0,35,192,112,26.3,15.4,".252",".479",".372","0.851","109","291","1","1","4"
"Naylor, Josh",647304,2025,28,543,604,160,110,29,1,20,83,48,13.7,7.9,".295",".462",".353","0.815","92","251","2","30","5"
"Toro, Abraham",647351,2025,28,259,284,62,42,13,0,7,42,14,14.8,4.9,".239",".371",".289","0.660","27","96","1","2","5"
"Urías, Luis",649966,2025,28,287,330,66,51,7,0,8,45,31,13.6,9.4,".230",".338",".315","0.653","25","97","1","2","3"
"Arraez, Luis",650333,2025,28,620,675,181,139,30,4,8,21,34,3.1,5,".292",".392",".327","0.719","61","243","4","11","7"
"Torres, Gleyber",650402,2025,28,532,628,136,98,22,0,16,101,85,16.1,13.5,".256",".387",".358","0.745","74","206","1","4","7"
"Castro, Willi",650489,2025,28,402,454,91,60,17,3,11,111,40,24.4,8.8,".226",".366",".313","0.679","33","147","4","10","0"
"Díaz, Yandy",650490,2025,33,583,651,175,120,29,1,25,92,57,14.1,8.8,".300",".482",".366","0.848","83","281","1","3","5"
"Rengifo, Luis",650859,2025,28,501,541,119,91,16,3,9,104,33,19.2,6.1,".238",".335",".287","0.622","43","168","7","10","3"
"Pozo, Yohel",650968,2025,28,160,168,37,24,8,0,5,22,7,13.1,4.2,".231",".375",".262","0.637","19","60","0","0","1"
"Adams, Riley",656180,2025,29,263,286,49,33,8,0,8,110,18,38.5,6.3,".186",".308",".252","0.560","24","81","0","1","0"
"Chapman, Matt",656305,2025,32,454,535,105,59,23,2,21,126,71,23.6,13.3,".231",".430",".340","0.770","61","195","4","9","4"
"Hoskins, Rhys",656555,2025,32,279,328,66,41,12,1,12,91,38,27.7,11.6,".237",".416",".332","0.748","43","116","1","2","6"
"McKinstry, Zach",656716,2025,30,452,511,117,71,23,11,12,111,46,21.7,9,".259",".438",".333","0.771","49","198","5","19","5"
"Mullins, Cedric",656775,2025,30,435,498,94,53,23,1,17,120,50,24.1,10,".216",".391",".299","0.690","59","170","4","22","6"
"O'Hearn, Ryan",656811,2025,31,474,544,133,94,21,1,17,109,58,20,10.7,".281",".437",".366","0.803","63","207","1","3","4"
"Schwarber, Kyle",656941,2025,32,604,724,145,64,23,2,56,197,108,27.2,14.9,".240",".563",".365","0.928","132","340","2","10","1"
"Smith, Pavin",656976,2025,29,244,288,63,37,17,1,8,92,41,31.9,14.2,".258",".434",".362","0.796","28","106","2","2","2"
"Verdugo, Alex",657077,2025,29,197,213,47,37,10,0,0,31,14,14.6,6.6,".239",".289",".296","0.585","12","57","0","1","0"
"Wong, Connor",657136,2025,29,168,188,32,24,8,0,0,42,16,22.3,8.5,".190",".238",".262","0.500","7","40","1","2","2"
"DeJong, Paul",657557,2025,31,193,208,44,28,10,0,6,70,11,33.7,5.3,".228",".373",".269","0.642","23","72","0","4","3"
"Laureano, Ramón",657656,2025,30,441,488,124,72,26,2,24,119,35,24.4,7.2,".281",".512",".342","0.854","76","226","4","7","4"
"Sheets, Gavin",657757,2025,29,492,545,124,76,28,1,19,107,44,19.6,8.1,".252",".429",".317","0.746","71","211","1","2","4"
"Moncada, Yoán",660162,2025,30,248,289,58,31,13,2,12,75,32,26,11.1,".234",".448",".336","0.784","35","111","0","0","2"
"Ohtani, Shohei",660271,2025,30,611,727,172,83,25,9,55,187,109,25.7,15,".282",".622",".392","1.014","102","380","6","20","2"
"Acuña Jr., Ronald",660670,2025,27,338,412,98,64,12,1,21,102,71,24.8,17.2,".290",".518",".417","0.935","42","175","1","9","0"
"Ruiz, Keibert",660688,2025,26,255,267,63,49,12,0,2,26,8,9.7,3,".247",".318",".277","0.595","25","81","2","0","1"
"Sánchez, Jesús",660821,2025,27,451,497,107,68,21,4,14,110,42,22.1,8.5,".237",".395",".304","0.699","48","178","3","13","2"
"Contreras, William",661388,2025,27,566,659,147,102,28,0,17,120,84,18.2,12.7,".260",".399",".355","0.754","76","226","4","6","6"
"Varsho, Daulton",662139,2025,28,248,271,59,24,13,2,20,77,17,28.4,6.3,".238",".548",".284","0.832","55","136","0","2","5"
"Jones, Jahmai",663330,2025,27,129,150,37,18,11,1,7,32,18,21.3,12,".287",".550",".387","0.937","23","71","0","2","0"
"Perkins, Blake",663368,2025,28,155,171,35,24,6,2,3,47,15,27.5,8.8,".226",".348",".298","0.646","19","54","2","7","0"
"Nootbaar, Lars",663457,2025,27,509,583,119,81,24,1,13,119,64,20.4,11,".234",".361",".325","0.686","48","184","5","4","3"
"Hoerner, Nico",663538,2025,28,599,649,178,138,29,4,7,49,39,7.6,6,".297",".394",".345","0.739","61","236","6","29","4"
"Riley, Austin",663586,2025,28,416,447,108,71,20,1,16,128,27,28.6,6,".260",".428",".309","0.737","54","178","1","2","1"
"Larnach, Trevor",663616,2025,28,503,567,126,84,24,1,17,122,53,21.5,9.3,".250",".404",".323","0.727","60","203","4","4","6"
"Mountcastle, Ryan",663624,2025,28,332,357,83,58,18,0,7,98,15,27.5,4.2,".250",".367",".286","0.653","35","122","0","3","6"
"Hayes, Ke'Bryan",663647,2025,28,527,570,124,100,16,3,5,111,36,19.5,6.3,".235",".306",".290","0.596","49","161","3","12","1"
"Tucker, Kyle",663656,2025,28,500,597,133,82,25,4,22,88,87,14.7,14.6,".266",".464",".377","0.841","73","232","3","25","3"
"India, Jonathan",663697,2025,28,497,567,116,78,29,0,9,106,54,18.7,9.5,".233",".346",".323","0.669","45","172","4","0","2"
"Bart, Joey",663698,2025,28,285,332,71,54,12,1,4,93,40,28,12,".249",".340",".355","0.695","30","97","1","1","0"
"Raleigh, Cal",663728,2025,28,596,705,147,63,24,0,60,188,97,26.7,13.8,".247",".589",".359","0.948","125","351","4","14","3"
"Fortes, Nick",663743,2025,28,218,242,50,35,9,1,5,47,14,19.4,5.8,".229",".349",".296","0.645","21","76","0","1","1"
"Grisham, Trent",663757,2025,28,494,581,116,72,9,1,34,137,82,23.6,14.1,".235",".464",".348","0.812","74","229","2","3","1"
"Gonzalez, Romy",663853,2025,28,315,341,96,61,23,3,9,81,18,23.8,5.3,".305",".483",".343","0.826","53","152","5","6","5"
"Stephenson, Tyler",663886,2025,28,299,342,69,38,18,0,13,116,37,33.9,10.8,".231",".421",".316","0.737","50","126","1","0","4"
"Mangum, Jake",663968,2025,29,405,428,120,98,18,1,3,64,19,15,4.4,".296",".368",".330","0.698","40","149","6","27","1"
"Lowe, Nathaniel",663993,2025,29,540,609,123,79,23,3,18,159,62,26.1,10.2,".228",".381",".307","0.688","84","206","0","1","5"
"Happ, Ian",664023,2025,30,569,663,138,83,32,0,23,151,87,22.8,13.1,".243",".420",".342","0.762","79","239","3","6","5"
"France, Ty",664034,2025,30,444,490,114,82,25,0,7,83,22,16.9,4.5,".257",".360",".320","0.680","52","160","0","1","3"
"Lowe, Brandon",664040,2025,30,507,553,130,80,19,0,31,149,38,26.9,6.9,".256",".477",".307","0.784","83","242","2","3","6"
"Bader, Harrison",664056,2025,31,448,501,124,82,24,1,17,136,39,27.1,7.8,".277",".449",".347","0.796","54","201","7","11","3"
"Haggerty, Sam",664059,2025,31,162,182,41,29,7,3,2,37,16,20.3,8.8,".253",".370",".328","0.698","13","60","4","12","0"
"Moore, Dylan",664238,2025,32,219,243,44,28,5,0,11,82,20,33.7,8.2,".201",".374",".267","0.641","25","82","5","14","3"
"Straw, Myles",664702,2025,30,267,299,70,51,14,1,4,50,19,16.7,6.4,".262",".367",".313","0.680","32","98","1","12","1"
"Isbel, Kyle",664728,2025,28,368,409,94,70,16,4,4,74,23,18.1,5.6,".255",".353",".301","0.654","33","130","5","4","3"
"Bohm, Alec",664761,2025,28,464,504,133,101,18,3,11,82,29,16.3,5.8,".287",".409",".331","0.740","59","190","0","2","6"
"Lukes, Nathan",664770,2025,30,388,438,99,66,19,2,12,60,38,13.7,8.7,".255",".407",".323","0.730","65","158","4","2","3"
"Wade Jr., LaMonte",664774,2025,31,209,242,35,23,8,2,2,58,27,24,11.2,".167",".254",".271","0.525","18","53","0","1","1"
"McCarthy, Jake",664983,2025,27,206,222,42,26,7,5,4,40,10,18,4.5,".204",".345",".247","0.592","20","71","0","6","1"
"Clemens, Kody",665019,2025,29,348,386,74,39,12,4,19,93,29,24.1,7.5,".213",".434",".281","0.715","52","151","1","5","2"
"Peña, Jeremy",665161,2025,27,493,543,150,101,30,2,17,93,35,17.1,6.4,".304",".477",".363","0.840","62","235","2","20","2"
"Tatis Jr., Fernando",665487,2025,26,594,691,159,105,27,2,25,129,89,18.7,12.9,".268",".446",".368","0.814","71","265","7","32","2"
"Guerrero Jr., Vladimir",665489,2025,26,589,680,172,115,34,0,23,94,81,13.8,11.9,".292",".467",".381","0.848","84","275","3","6","4"
"Soto, Juan",665742,2025,26,577,715,152,88,20,1,43,137,127,19.2,17.8,".263",".525",".396","0.921","105","303","4","38","6"
"Taveras, Leody",665750,2025,26,171,180,35,25,6,1,3,50,5,27.8,2.8,".205",".304",".226","0.530","17","52","3","9","1"
"Cruz, Oneil",665833,2025,26,471,544,94,53,18,3,20,174,64,32,11.8,".200",".378",".298","0.676","61","178","5","38","5"
"Chisholm Jr., Jazz",665862,2025,27,462,531,112,65,15,1,31,148,58,27.9,10.9,".242",".481",".332","0.813","80","222","8","31","4"
"Giménez, Andrés",665926,2025,26,329,369,69,50,11,1,7,66,25,17.9,6.8,".210",".313",".285","0.598","35","103","2","12","3"
"Narváez, Carlos",665966,2025,26,403,446,97,55,27,0,15,111,38,24.9,8.5,".241",".419",".306","0.725","50","169","1","1","2"
"Aranda, Jonathan",666018,2025,27,370,422,117,81,22,0,14,107,41,25.4,9.7,".316",".489",".393","0.882","59","181","2","0","3"
"Fermin, Freddy",666023,2025,30,319,347,80,62,13,0,5,65,19,18.7,5.5,".251",".339",".297","0.636","26","108","2","1","0"
"Jones, Nolan",666134,2025,27,355,403,75,54,14,2,5,113,39,28,9.7,".211",".304",".296","0.600","34","108","3","8","3"
"Lowe, Josh",666139,2025,27,396,435,87,53,21,2,11,109,33,25.1,7.6,".220",".366",".283","0.649","40","145","4","18","2"
"Fitzgerald, Tyler",666149,2025,27,217,243,47,32,10,1,4,70,17,28.8,7,".217",".327",".278","0.605","14","71","4","9","1"
"Hamilton, David",666152,2025,27,177,194,35,24,4,1,6,47,13,24.2,6.7,".198",".333",".257","0.590","19","59","6","22","0"
"Lux, Gavin",666158,2025,27,446,503,120,85,28,2,5,114,56,22.7,11.1,".269",".374",".350","0.724","53","167","0","1","1"
"Moniak, Mickey",666160,2025,27,434,461,117,65,20,8,24,110,22,23.9,4.8,".270",".518",".306","0.824","68","225","3","9","3"
"Adell, Jo",666176,2025,26,526,573,124,68,18,1,37,151,33,26.4,5.8,".236",".485",".293","0.778","98","255","1","5","1"
"Benson, Will",666181,2025,27,230,253,52,30,8,2,12,67,16,26.5,6.3,".226",".435",".273","0.708","41","100","2","2","6"
"Bichette, Bo",666182,2025,27,582,628,181,118,44,1,18,91,40,14.5,6.4,".311",".483",".357","0.840","94","281","3","4","3"
"Carlson, Dylan",666185,2025,26,217,241,44,28,9,1,6,54,21,22.4,8.7,".203",".336",".278","0.614","20","73","3","3","1"
"Naylor, Bo",666310,2025,25,359,414,70,33,22,1,14,99,45,23.9,10.9,".195",".379",".282","0.661","47","136","2","1","6"
"Julien, Edouard",666397,2025,26,182,208,40,27,10,0,3,61,22,29.3,10.6,".220",".324",".309","0.633","12","59","3","0","1"
"Morel, Christopher",666624,2025,26,278,305,61,34,16,0,11,109,25,35.7,8.2,".219",".396",".289","0.685","33","110","2","7","0"
"García, Adolis",666969,2025,32,507,547,115,68,28,0,19,135,28,24.7,5.1,".227",".394",".271","0.665","75","200","4","13","7"
"Gurriel Jr., Lourdes",666971,2025,31,500,546,124,79,24,2,19,76,31,13.9,5.7,".248",".418",".295","0.713","80","209","4","10","9"
"Myers, Dane",667472,2025,29,307,333,72,56,10,0,6,77,23,23.1,6.9,".235",".326",".291","0.617","31","100","5","18","1"
"Rooker, Brent",667670,2025,30,626,699,164,91,40,3,30,155,65,22.2,9.3,".262",".479",".335","0.814","89","300","1","6","2"
"Arozarena, Randy",668227,2025,30,613,709,146,86,32,1,27,191,64,26.9,9,".238",".426",".334","0.760","76","261","6","31","5"
"Bleday, JJ",668709,2025,27,307,344,65,34,17,0,14,91,36,26.5,10.5,".212",".404",".294","0.698","39","124","2","1","1"
"Steer, Spencer",668715,2025,27,509,568,121,77,21,2,21,129,51,22.7,9,".238",".411",".312","0.723","75","209","1","7","2"
"Reynolds, Bryan",668804,2025,30,587,654,144,87,38,3,16,173,57,26.5,8.7,".245",".402",".318","0.720","73","236","2","3","3"
"Martin, Austin",668885,2025,26,156,181,44,34,8,1,1,31,22,17.1,12.2,".282",".365",".374","0.739","7","57","4","11","0"
"Vientos, Mark",668901,2025,25,424,463,99,59,21,2,17,115,30,24.8,6.5,".233",".413",".289","0.702","61","175","0","1","4"
"Lewis, Royce",668904,2025,26,376,403,89,58,18,0,13,80,25,19.9,6.2,".237",".388",".283","0.671","52","146","2","12","2"
"Turang, Brice",668930,2025,25,584,659,168,120,28,2,18,150,66,22.8,10,".288",".435",".359","0.794","81","254","8","24","5"
"Rutschman, Adley",668939,2025,27,322,365,71,44,16,2,9,57,40,15.6,11,".220",".366",".307","0.673","29","118","0","0","2"
"Rojas, Josh",668942,2025,31,189,211,34,23,9,0,2,48,19,22.7,9,".180",".259",".252","0.511","11","49","1","4","2"
"Marsh, Brandon",669016,2025,27,379,425,106,68,25,2,11,110,38,25.9,8.9,".280",".443",".342","0.785","43","168","1","7","4"
"Stowers, Kyle",669065,2025,27,399,457,115,66,21,3,25,125,48,27.4,10.5,".288",".544",".368","0.912","73","217","1","5","4"
"Langeliers, Shea",669127,2025,27,481,523,133,70,32,0,31,103,36,19.7,6.9,".277",".536",".325","0.861","72","258","1","7","5"
"Murphy, Sean",669221,2025,30,291,337,58,29,13,0,16,105,35,31.2,10.4,".199",".409",".300","0.709","45","119","0","0","3"
"Wells, Austin",669224,2025,25,401,448,88,44,22,1,21,118,30,26.3,6.7,".219",".436",".275","0.711","71","175","1","5","11"
"Jackson, Jeremiah",669236,2025,25,170,183,47,30,10,2,5,50,11,27.3,6,".276",".447",".328","0.775","21","76","2","0","0"
"Edman, Tommy",669242,2025,30,346,377,78,51,13,1,13,61,19,16.2,5,".225",".382",".274","0.656","49","132","1","3","5"
"Smith, Will",669257,2025,30,362,436,107,69,20,1,17,89,64,20.4,14.7,".296",".497",".404","0.901","61","180","3","2","5"
"Suwinski, Jack",669261,2025,26,150,178,22,12,7,0,3,57,24,32,13.5,".147",".253",".281","0.534","10","38","1","7","0"
"Espinal, Santiago",669289,2025,30,301,328,73,61,12,0,0,38,21,11.6,6.4,".243",".282",".292","0.574","16","85","1","2","2"
"Teodosio, Bryce",669326,2025,26,138,150,28,18,7,2,1,47,5,31.3,3.3,".203",".304",".248","0.552","7","42","1","7","2"
"Gorman, Nolan",669357,2025,25,351,402,72,43,14,1,14,136,47,33.8,11.7,".205",".370",".296","0.666","46","130","1","1","4"
"Edwards, Xavier",669364,2025,25,561,619,159,131,20,5,3,88,49,14.2,7.9,".283",".353",".343","0.696","43","198","7","27","3"
"Burger, Jake",669394,2025,29,356,376,84,52,15,1,16,93,12,24.7,3.2,".236",".419",".269","0.688","53","149","1","1","3"
"Allen, Nick",669397,2025,26,371,416,82,71,11,0,0,99,31,23.8,7.5,".221",".251",".284","0.535","22","93","7","8","3"
"Schmitt, Casey",669477,2025,26,312,348,74,47,15,0,12,83,27,23.9,7.8,".237",".401",".305","0.706","40","125","0","0","3"
"Smith, Josh",669701,2025,27,495,563,124,89,23,2,10,100,55,17.8,9.8,".251",".366",".335","0.701","35","181","3","12","1"
"Triolo, Jared",669707,2025,27,331,376,75,48,18,2,7,76,39,20.2,10.4,".227",".356",".311","0.667","24","118","2","13","1"
"Hays, Austin",669720,2025,29,380,416,101,65,16,5,15,107,29,25.7,7,".266",".453",".315","0.768","64","172","0","7","6"
"Call, Alex",669743,2025,30,270,322,72,52,13,2,5,55,36,17.1,11.2,".267",".385",".361","0.746","31","104","1","2","4"
"Toglia, Michael",669911,2025,26,306,337,58,31,15,1,11,132,28,39.2,8.3,".190",".353",".258","0.611","32","108","0","3","2"
"Raley, Luke",670042,2025,30,183,219,37,25,8,0,4,64,19,29.2,8.7,".202",".311",".319","0.630","19","57","1","2","1"
"Mastrobuoni, Miles",670156,2025,29,152,175,38,33,4,0,1,29,17,16.6,9.7,".250",".296",".324","0.620","12","45","3","6","1"
"Misner, Kameron",670224,2025,27,197,217,42,27,9,1,5,69,16,31.8,7.4,".213",".345",".273","0.618","22","68","1","8","2"
"Rave, John",670231,2025,27,153,175,30,21,5,0,4,46,18,26.3,10.3,".196",".307",".283","0.590","14","47","2","7","1"
"Wallner, Matt",670242,2025,27,336,392,68,27,16,3,22,114,46,29.1,11.7,".202",".464",".311","0.775","40","156","3","4","2"
"Alvarez, Yordan",670541,2025,28,165,199,45,31,8,0,6,33,28,16.6,14.1,".273",".430",".367","0.797","27","71","1","1","6"
"Paredes, Isaac",670623,2025,26,378,438,96,60,15,1,20,76,50,17.4,11.4,".254",".458",".352","0.810","53","173","1","0","2"
"Walls, Taylor",670764,2025,28,282,317,62,43,14,1,4,70,26,22.1,8.2,".220",".319",".280","0.599","38","90","6","14","6"
"Friedl, TJ",670770,2025,29,579,685,151,113,22,2,14,115,81,16.8,11.8,".261",".378",".364","0.742","53","219","3","12","5"
"Herrera, Iván",671056,2025,25,388,452,110,78,13,0,19,84,43,18.6,9.5,".284",".464",".373","0.837","66","180","2","8","4"
"Ramos, Heliot",671218,2025,25,620,695,159,113,24,1,21,158,52,22.7,7.5,".256",".400",".328","0.728","69","248","4","6","6"
"Waters, Drew",671221,2025,26,206,219,50,40,6,3,1,60,11,27.4,5,".243",".316",".288","0.604","14","65","3","5","0"
"García Jr., Luis",671277,2025,25,488,526,123,78,28,1,16,84,27,16,5.1,".252",".412",".289","0.701","66","201","5","14","9"
"Freeman, Tyler",671289,2025,26,377,428,106,82,20,2,2,51,34,11.9,7.9,".281",".361",".354","0.715","31","136","9","18","4"
"Butler, Lawrence",671732,2025,24,569,630,133,80,30,2,21,179,59,28.4,9.4,".234",".404",".306","0.710","63","230","7","22","0"
"Harris II, Michael",671739,2025,24,611,641,152,100,26,6,20,128,16,20,2.5,".249",".409",".268","0.677","86","250","6","20","7"
"Clarke, Denzel",672016,2025,25,148,159,34,21,8,2,3,61,6,38.4,3.8,".230",".372",".274","0.646","8","55","0","6","0"
"Bailey, Patrick",672275,2025,26,409,452,91,64,18,3,6,133,30,29.4,6.6,".222",".325",".277","0.602","55","133","0","1","6"
"Arias, Gabriel",672356,2025,25,432,471,95,57,25,2,11,162,27,34.4,5.7,".220",".363",".274","0.637","54","157","4","8","4"
"Kirk, Alejandro",672386,2025,26,451,506,127,94,18,0,15,59,48,11.7,9.5,".282",".421",".348","0.769","76","190","0","1","6"
"Moreno, Gabriel",672515,2025,25,277,309,79,57,12,1,9,53,29,17.2,9.4,".285",".433",".353","0.786","40","120","2","2","2"
"Garcia, Maikel",672580,2025,25,595,666,170,110,39,5,16,84,62,12.6,9.3,".286",".449",".351","0.800","74","267","9","23","5"
"Lopez, Otto",672640,2025,26,544,594,134,98,21,0,15,82,44,13.8,7.4,".246",".368",".305","0.673","77","200","6","15","3"
"Perdomo, Geraldo",672695,2025,25,597,720,173,115,33,5,20,83,94,11.5,13.1,".290",".462",".389","0.851","100","276","6","27","11"
"Peraza, Oswald",672724,2025,25,244,265,40,29,6,0,5,80,17,30.2,6.4,".164",".250",".223","0.473","20","61","0","9","1"
"Canario, Alexander",672744,2025,25,216,234,47,34,6,1,6,80,17,34.2,7.3,".218",".338",".274","0.612","20","73","1","3","1"
"Pérez, Wenceel",672761,2025,25,344,383,84,50,17,4,13,87,31,22.7,8.1,".244",".430",".308","0.738","43","148","3","8","5"
"Sosa, Lenyn",672820,2025,25,518,544,137,94,20,1,22,127,18,23.3,3.3,".264",".434",".293","0.727","75","225","1","2","3"
"Diaz, Yainer",673237,2025,26,542,567,139,93,25,1,20,95,20,16.8,3.5,".256",".417",".284","0.701","70","226","1","1","3"
"Robert Jr., Luis",673357,2025,27,382,431,85,59,12,0,14,112,40,26,9.3,".223",".364",".297","0.661","53","139","8","33","3"
"Kim, Ha-Seong",673490,2025,29,171,191,40,31,4,0,5,39,16,20.4,8.4,".234",".345",".304","0.649","17","59","2","6","2"
"Suzuki, Seiya",673548,2025,30,571,651,140,74,31,3,32,164,71,25.2,10.9,".245",".478",".326","0.804","103","273","2","5","8"
"Jung, Josh",673962,2025,27,482,511,121,83,23,1,14,129,27,25.2,5.3,".251",".390",".294","0.684","61","188","1","4","0"
"Westburg, Jordan",676059,2025,26,328,352,87,59,10,1,17,80,17,22.7,4.8,".265",".457",".313","0.770","41","150","2","1","1"
"Clement, Ernie",676391,2025,29,545,588,151,105,35,2,9,61,27,10.4,4.6,".277",".398",".313","0.711","50","217","5","6","5"
"Burleson, Alec",676475,2025,26,497,546,144,98,26,2,18,79,39,14.5,7.1,".290",".459",".343","0.802","69","228","1","5","4"
"Wagaman, Eric",676572,2025,27,476,514,119,79,28,3,9,100,32,19.5,6.2,".250",".378",".296","0.674","53","180","1","4","5"
"Caballero, José",676609,2025,28,314,370,74,50,18,1,5,98,47,26.5,12.7,".236",".347",".339","0.686","36","109","11","49","2"
"Meyers, Jake",676694,2025,29,343,381,100,80,15,2,3,67,31,17.6,8.1,".292",".373",".354","0.727","24","128","5","16","2"
"Schneider, Davis",676914,2025,26,188,227,44,28,5,0,11,60,36,26.4,15.9,".234",".436",".361","0.797","31","82","1","3","1"
"Kjerstad, Heston",677008,2025,26,156,167,30,19,5,2,4,45,6,26.9,3.6,".192",".327",".240","0.567","19","51","0","1","1"
"Rocchio, Brayan",677587,2025,24,344,383,80,55,18,2,5,77,22,20.1,5.7,".233",".340",".290","0.630","44","117","4","8","5"
"Tena, José",677588,2025,24,152,169,37,22,13,2,0,37,15,21.9,8.9,".243",".355",".314","0.669","16","54","1","3","1"
"Rodríguez, Julio",677594,2025,24,652,710,174,107,31,4,32,152,44,21.4,6.2,".267",".474",".324","0.798","95","309","6","30","2"
"Mauricio, Ronny",677595,2025,24,168,184,38,26,6,0,6,54,15,29.3,8.2,".226",".369",".293","0.662","10","62","0","4","0"
"Duran, Ezequiel",677649,2025,26,205,219,46,32,14,0,0,55,8,25.1,3.7,".224",".293",".266","0.559","14","60","2","11","1"
"Abreu, Wilyer",677800,2025,26,373,417,92,53,17,0,22,101,40,24.2,9.6,".247",".469",".317","0.786","69","175","3","6","3"
"Alexander, Blaze",677942,2025,26,230,266,53,33,12,1,7,86,22,32.3,8.3,".230",".383",".323","0.706","28","88","6","4","1"
"Thomas, Alek",677950,2025,25,433,469,108,77,19,3,9,122,21,26,4.5,".249",".370",".289","0.659","38","160","4","7","4"
"Witt Jr., Bobby",677951,2025,25,623,687,184,108,47,6,23,125,49,18.2,7.1,".295",".501",".351","0.852","88","312","9","38","7"
"Meadows, Parker",678009,2025,25,191,213,41,29,6,2,4,56,21,26.3,9.9,".215",".330",".291","0.621","16","63","0","4","1"
"Vargas, Miguel",678246,2025,25,504,569,118,68,32,2,16,100,56,17.6,9.8,".234",".401",".316","0.717","60","202","0","6","3"
"Mead, Curtis",678554,2025,24,240,264,56,42,10,1,3,63,15,23.9,5.7,".233",".321",".299","0.620","19","77","1","5","1"
"Tovar, Ezequiel",678662,2025,23,360,390,91,60,18,4,9,98,21,25.1,5.4,".253",".400",".294","0.694","33","144","3","5","2"
"Noel, Jhonkensy",678877,2025,23,148,153,24,16,2,0,6,52,4,34,2.6,".162",".297",".183","0.480","13","44","0","0","1"
"Rafaela, Ceddanne",678882,2025,24,546,587,136,82,34,4,16,117,28,19.9,4.8,".249",".414",".295","0.709","63","226","5","20","2"
"Rojas, Johan",679032,2025,24,152,172,34,28,3,2,1,40,13,23.3,7.6,".224",".289",".280","0.569","18","44","2","12","3"
"Torkelson, Spencer",679529,2025,25,563,649,135,76,27,1,31,169,72,26,11.1,".240",".456",".333","0.789","78","257","1","2","5"
"Loftin, Nick",679845,2025,26,168,188,35,20,9,2,4,27,14,14.4,7.4,".208",".357",".278","0.635","20","60","1","1","2"
"Schuemann, Max",680474,2025,28,183,213,36,28,4,2,2,35,22,16.4,10.3,".197",".273",".295","0.568","13","50","1","7","1"
"McLain, Matt",680574,2025,25,510,577,112,79,18,0,15,167,55,28.9,9.5,".220",".343",".300","0.643","50","175","2","18","4"
"Barger, Addison",680718,2025,25,460,502,112,58,32,1,21,121,36,24.1,7.2,".243",".454",".301","0.755","74","209","1","4","2"
"Kwan, Steven",680757,2025,27,625,693,170,129,29,1,11,60,55,8.7,7.9,".272",".374",".330","0.704","56","234","5","21","7"
"Duran, Jarren",680776,2025,28,620,696,159,89,41,13,16,169,60,24.3,8.6,".256",".442",".332","0.774","84","274","6","24","3"
"Jeffers, Ryan",680777,2025,28,406,464,108,73,26,0,9,91,50,19.6,10.8,".266",".397",".356","0.753","47","161","1","1","1"
"Davis, Henry",680779,2025,25,252,283,42,28,7,0,7,76,18,26.9,6.4,".167",".278",".234","0.512","22","70","1","2","3"
"Donovan, Brendan",680977,2025,28,460,515,132,90,32,0,10,67,42,13,8.2,".287",".422",".353","0.775","50","194","3","3","4"
"Stott, Bryson",681082,2025,27,499,560,128,90,22,3,13,91,54,16.3,9.6,".257",".391",".328","0.719","66","195","5","24","4"
"Cowser, Colton",681297,2025,25,327,360,64,34,14,0,16,128,27,35.6,7.5,".196",".385",".269","0.654","40","126","0","14","0"
"O'Hoppe, Logan",681351,2025,25,423,451,90,62,8,1,19,139,24,30.8,5.3,".213",".371",".258","0.629","43","157","1","2","1"
"Norby, Connor",681393,2025,25,311,337,78,52,17,1,8,90,18,26.7,5.3,".251",".389",".300","0.689","34","121","2","8","3"
"Baldwin, Brooks",681460,2025,24,300,328,72,45,15,1,11,86,21,26.2,6.4,".240",".407",".290","0.697","38","122","0","5","2"
"Carpenter, Kerry",681481,2025,27,433,464,109,60,18,5,26,106,18,22.8,3.9,".252",".497",".291","0.788","62","215","1","1","2"
"Pages, Andy",681624,2025,24,581,624,158,103,27,1,27,135,29,21.6,4.6,".272",".461",".313","0.774","86","268","7","14","6"
"Hernández, Heriberto",681715,2025,25,256,294,68,45,12,1,10,77,31,26.2,10.5,".266",".438",".347","0.785","45","112","1","1","4"
"Fry, David",681807,2025,29,146,157,25,13,4,0,8,58,9,36.9,5.7,".171",".363",".229","0.592","23","53","0","1","0"
"Schneemann, Daniel",682177,2025,28,379,422,78,47,18,1,12,117,38,27.7,9,".206",".354",".283","0.637","41","134","3","9","1"
"Marte, Noelvi",682622,2025,23,339,360,89,56,17,2,14,85,16,23.6,4.4,".263",".448",".300","0.748","51","152","3","10","2"
"Alvarez, Francisco",682626,2025,23,246,277,63,39,12,1,11,73,27,26.4,9.7,".256",".447",".339","0.786","32","110","0","0","0"
"Matos, Luis",682641,2025,23,172,184,38,20,9,1,8,27,11,14.7,6,".221",".424",".266","0.690","22","73","0","4","1"
"Martínez, Angel",682657,2025,23,446,484,100,64,23,2,11,110,23,22.7,4.8,".224",".359",".269","0.628","45","160","2","8","4"
"Ramírez, Agustín",682663,2025,23,537,585,124,69,33,1,21,113,36,19.3,6.2,".231",".413",".287","0.700","67","222","3","16","4"
"Acuña, Luisangel",682668,2025,23,175,193,41,34,7,0,0,37,13,19.2,6.7,".234",".274",".293","0.567","8","48","1","16","1"
"De La Cruz, Elly",682829,2025,23,629,699,166,106,31,7,22,181,67,25.9,9.6,".264",".440",".336","0.776","86","277","8","37","1"
"Abrams, CJ",682928,2025,24,580,635,149,90,35,5,19,125,37,19.7,5.8,".257",".433",".315","0.748","60","251","3","31","3"
"Greene, Riley",682985,2025,24,600,655,155,87,31,1,36,201,46,30.7,7,".258",".493",".313","0.806","111","296","1","2","5"
"Carroll, Corbin",682998,2025,24,564,642,146,66,32,17,31,153,67,23.8,10.4,".259",".541",".343","0.884","84","305","6","32","4"
"Henderson, Gunnar",683002,2025,24,577,651,158,102,34,5,17,137,62,21,9.5,".274",".438",".349","0.787","68","253","5","30","5"
"Volpe, Anthony",683011,2025,24,539,596,114,59,32,4,19,150,43,25.2,7.2,".212",".391",".272","0.663","72","211","8","18","7"
"Baty, Brett",683146,2025,25,393,432,100,67,13,2,18,108,33,25,7.6,".254",".435",".313","0.748","50","171","0","8","3"
"Vaughn, Andrew",683734,2025,27,406,447,103,67,22,0,14,80,31,17.9,6.9,".254",".411",".307","0.718","65","167","0","0","6"
"Busch, Michael",683737,2025,27,524,592,137,73,25,5,34,139,56,23.5,9.5,".261",".523",".343","0.866","90","274","0","4","2"
"Koss, Christian",683766,2025,27,174,191,46,34,9,0,3,45,9,23.6,4.7,".264",".368",".309","0.677","23","64","1","4","2"
"Frelick, Sal",686217,2025,25,528,594,152,117,20,3,12,80,47,13.5,7.9,".288",".405",".351","0.756","63","214","6","19","5"
"Pasquantino, Vinnie",686469,2025,27,621,682,164,98,33,1,32,107,49,15.7,7.2,".264",".475",".323","0.798","113","295","0","1","5"
"Canzone, Dominic",686527,2025,27,243,269,73,51,11,0,11,59,20,21.9,7.4,".300",".481",".358","0.839","32","117","1","3","2"
"Collins, Isaac",686555,2025,27,372,441,98,64,22,3,9,93,57,21.1,12.9,".263",".411",".368","0.779","54","153","7","16","3"
"Crews, Dylan",686611,2025,23,293,322,61,41,8,2,10,76,24,23.6,7.5,".208",".352",".280","0.632","27","103","5","17","0"
"Doyle, Brenton",686668,2025,27,502,538,117,77,23,2,15,138,30,25.7,5.6,".233",".376",".274","0.650","57","189","2","18","4"
"Massey, Michael",686681,2025,27,262,277,64,52,9,0,3,43,9,15.5,3.2,".244",".313",".268","0.581","20","82","1","2","4"
"Pagés, Pedro",686780,2025,26,361,389,83,57,15,0,11,107,19,27.5,4.9,".230",".363",".272","0.635","45","131","0","0","3"
"Lee, Brooks",686797,2025,24,487,527,115,83,15,1,16,92,31,17.5,5.9,".236",".370",".285","0.655","64","180","1","3","5"
"Baldwin, Drake",686948,2025,24,405,446,111,72,18,2,19,68,38,15.2,8.5,".274",".469",".341","0.810","80","190","0","0","0"
"Rushing, Dalton",687221,2025,24,142,155,29,20,5,0,4,58,10,37.4,6.5,".204",".324",".258","0.582","24","46","0","0","2"
"Hernaiz, Darell",687231,2025,23,173,197,40,32,5,1,2,24,17,12.2,8.6,".231",".306",".292","0.598","16","53","4","3","5"
"Neto, Zach",687263,2025,24,502,554,129,73,29,1,26,149,33,26.9,6,".257",".474",".319","0.793","62","238","9","26","3"
"Scott II, Victor",687363,2025,24,398,463,86,65,15,1,5,111,42,24,9.1,".216",".296",".305","0.601","37","118","4","34","3"
"Ortiz, Joey",687401,2025,26,470,506,108,82,18,1,7,74,27,14.6,5.3,".230",".317",".276","0.593","45","149","3","14","0"
"Horwitz, Spencer",687462,2025,27,364,411,99,62,26,0,11,73,44,17.8,10.7,".272",".434",".353","0.787","51","158","1","0","1"
"Beck, Jordan",687597,2025,24,539,588,139,91,27,5,16,174,43,29.6,7.3,".258",".416",".317","0.733","53","224","8","19","1"
"Pauley, Graham",688363,2025,24,161,184,36,22,9,1,4,36,21,19.6,11.4,".224",".366",".311","0.677","11","59","0","2","1"
"Hicks, Liam",689414,2025,26,332,390,82,62,13,1,6,56,43,14.4,11,".247",".346",".346","0.692","45","115","0","2","3"
"Ritter, Ryan",690022,2025,24,187,207,45,32,9,3,1,61,10,29.5,4.8,".241",".337",".296","0.633","18","63","1","3","1"
"Hassell III, Robert",690987,2025,23,197,206,44,32,9,0,3,62,8,30.1,3.9,".223",".315",".257","0.572","18","62","0","4","0"
"Keith, Colt",690993,2025,23,414,468,106,69,22,2,13,102,48,21.8,10.3,".256",".413",".333","0.746","45","171","1","1","4"
"Soderstrom, Tyler",691016,2025,23,561,624,155,95,34,1,25,141,55,22.6,8.8,".276",".474",".346","0.820","93","266","3","8","2"
"Teel, Kyle",691019,2025,23,253,297,69,50,11,0,8,77,37,25.9,12.5,".273",".411",".375","0.786","35","104","1","3","1"
"Walker, Jordan",691023,2025,23,363,396,78,58,13,1,6,126,29,31.8,7.3,".215",".306",".278","0.584","41","111","3","10","1"
"Winn, Masyn",691026,2025,23,491,537,124,88,27,0,9,102,34,19,6.3,".253",".363",".310","0.673","51","178","5","9","2"
"Domínguez, Jasson",691176,2025,22,381,429,98,69,18,1,10,115,41,26.8,9.6,".257",".388",".331","0.719","47","148","5","23","4"
"Caminero, Junior",691406,2025,21,602,653,159,86,28,0,45,125,41,19.1,6.3,".264",".535",".311","0.846","110","322","1","7","7"
"Sanoja, Javier",691594,2025,22,313,342,76,44,22,4,6,41,19,12,5.6,".243",".396",".287","0.683","38","124","5","6","4"
"Crow-Armstrong, Pete",691718,2025,23,591,647,146,74,37,4,31,155,29,24,4.5,".247",".481",".287","0.768","95","284","8","35","12"
"Karros, Kyle",691720,2025,22,137,156,31,26,4,0,1,41,15,26.3,9.6,".226",".277",".308","0.585","9","38","0","0","2"
"Mayo, Coby",691723,2025,23,263,294,57,34,12,0,11,84,27,28.6,9.2,".217",".388",".299","0.687","28","102","0","3","0"
"Muncy, Max",691777,2025,22,206,220,44,28,7,0,9,68,10,30.9,4.5,".214",".379",".259","0.638","23","78","1","1","1"
"House, Brady",691781,2025,22,261,274,61,46,11,0,4,78,8,28.5,2.9,".234",".322",".252","0.574","29","84","3","5","5"
"Campbell, Kristian",692225,2025,23,229,263,51,35,10,0,6,72,29,27.4,11,".223",".345",".319","0.664","21","79","1","2","1"
"Gonzales, Nick",693304,2025,26,381,408,99,73,18,3,5,73,21,17.9,5.1,".260",".362",".299","0.661","30","138","2","0","4"
"Dingler, Dillon",693307,2025,26,435,469,121,85,21,2,13,110,23,23.5,4.9,".278",".425",".327","0.752","57","185","0","0","1"
"Chourio, Jackson",694192,2025,21,549,589,148,88,35,4,21,121,30,20.5,5.1,".270",".463",".308","0.771","78","254","7","21","6"
"Tawa, Tim",694374,2025,26,199,225,40,25,8,0,7,64,20,28.4,8.9,".201",".347",".274","0.621","18","69","2","8","3"
"Schanuel, Nolan",694384,2025,23,488,564,129,93,23,1,12,71,59,12.6,10.5,".264",".389",".353","0.742","53","190","1","5","4"
"Carter, Evan",694497,2025,22,194,220,48,32,9,2,5,41,19,18.6,8.6,".247",".392",".336","0.728","25","76","2","14","0"
"Langford, Wyatt",694671,2025,23,489,573,118,70,25,1,22,151,74,26.4,12.9,".241",".431",".344","0.775","62","211","6","22","5"
"Saggese, Thomas",695336,2025,23,275,295,71,52,17,0,2,83,16,28.1,5.4,".258",".342",".299","0.641","25","94","0","3","2"
"Caglianone, Jac",695506,2025,22,210,232,33,19,6,1,7,52,18,22.4,7.8,".157",".295",".237","0.532","18","62","0","1","0"
"Wood, James",695578,2025,22,598,689,153,84,38,0,31,221,85,32.1,12.3,".256",".475",".350","0.825","94","284","7","15","3"
"Montgomery, Colson",695657,2025,23,255,284,61,30,9,1,21,83,25,29.2,8.8,".239",".529",".311","0.840","55","135","0","0","1"
"Moore, Christian",695681,2025,22,162,184,32,19,5,1,7,62,19,33.7,10.3,".198",".370",".284","0.654","16","60","0","3","1"
"Lile, Daylen",695734,2025,22,321,351,96,61,15,11,9,56,21,16,6,".299",".498",".347","0.845","41","160","6","8","3"
"Osuna, Alejandro",696030,2025,22,151,176,32,26,4,0,2,34,21,19.3,11.9,".212",".278",".313","0.591","15","42","4","5","2"
"Goodman, Hunter",696100,2025,25,540,579,150,86,28,5,31,152,33,26.3,5.7,".278",".520",".323","0.843","91","281","2","1","2"
"Young, Jacob",696285,2025,25,324,364,75,62,10,1,2,65,27,17.9,7.4,".231",".287",".296","0.583","31","93","11","15","1"
"Sweeney, Trey",700242,2025,25,296,326,58,44,6,2,6,92,26,28.2,8,".196",".291",".258","0.549","32","86","1","3","4"
"Rice, Ben",700250,2025,26,467,530,119,61,28,4,26,100,50,18.9,9.4,".255",".499",".337","0.836","65","233","2","3","2"
"Quero, Edgar",700337,2025,22,365,403,98,76,17,0,5,71,32,17.6,7.9,".268",".356",".333","0.689","36","130","1","0","2"
"Manzardo, Kyle",700932,2025,24,470,531,110,62,19,2,27,135,48,25.4,9,".234",".455",".313","0.768","70","214","0","2","5"
"Anthony, Roman",701350,2025,21,257,303,75,48,18,1,8,84,40,27.7,13.2,".292",".463",".396","0.859","32","119","1","4","1"
"Smith, Cam",701358,2025,22,441,493,104,71,21,3,9,137,43,27.8,8.7,".236",".358",".312","0.670","51","158","1","8","2"
"Merrill, Jackson",701538,2025,22,440,483,116,69,25,6,16,108,33,22.4,6.8,".264",".457",".317","0.774","67","201","2","1","5"
"Kurtz, Nick",701762,2025,22,420,489,122,58,26,2,36,151,63,30.9,12.9,".290",".619",".383","1.002","86","260","1","2","3"
"Roden, Alan",702176,2025,25,136,153,26,17,6,1,2,37,8,24.2,5.2,".191",".294",".261","0.555","9","40","1","1","3"
"Young, Cole",702284,2025,21,223,257,47,35,7,1,4,47,28,18.3,10.9,".211",".305",".302","0.607","24","68","0","1","2"
"Durbin, Caleb",702332,2025,25,445,506,114,78,25,0,11,50,30,9.9,5.9,".256",".387",".334","0.721","53","172","6","18","4"
"Holliday, Jackson",702616,2025,21,586,649,142,101,21,3,17,140,56,21.6,8.6,".242",".375",".314","0.689","55","220","11","17","1"
"Simpson, Chandler",802415,2025,24,414,441,122,104,15,3,0,43,20,9.8,4.5,".295",".345",".326","0.671","26","143","12","44","2"
"Kemp, Otto",805249,2025,25,197,218,46,27,11,0,8,67,12,30.7,5.5,".234",".411",".298","0.709","28","81","2","2","2"
"Marsee, Jakob",805300,2025,24,209,234,61,35,18,3,5,48,22,20.5,9.4,".292",".478",".363","0.841","33","100","6","14","1"
"Meidroth, Chase",805367,2025,23,450,505,114,94,15,0,5,72,45,14.3,8.9,".253",".320",".329","0.649","23","144","4","14","1"
"Alvarez Jr., Nacho",805373,2025,22,188,208,44,30,12,0,2,49,12,23.6,5.8,".234",".330",".296","0.626","15","62","0","0","1"
"Wilson, Jacob",805779,2025,23,486,523,151,112,26,0,13,39,27,7.5,5.2,".311",".444",".355","0.799","63","216","2","5","1"
"Keaschall, Luke",807712,2025,22,182,207,55,37,14,0,4,29,19,14,9.2,".302",".445",".382","0.827","28","81","3","14","1"
"Shaw, Matt",807713,2025,23,393,437,89,52,21,3,13,94,38,21.5,8.7,".226",".394",".295","0.689","44","155","5","17","4"
"Yoshida, Masataka",807799,2025,31,188,205,50,35,11,0,4,24,10,11.7,4.9,".266",".388",".307","0.695","26","73","0","3","4"
"Kim, Hyeseong",808975,2025,26,161,170,45,35,6,1,3,52,7,30.6,4.1,".280",".385",".314","0.699","17","62","1","13","0"
"Lee, Jung Hoo",808982,2025,26,560,617,149,98,31,12,8,71,47,11.5,7.6,".266",".407",".327","0.734","55","228","3","10","4"
"Williamson, Ben",810938,2025,24,277,295,70,56,13,0,1,64,15,21.7,5.1,".253",".310",".294","0.604","21","86","1","5","0"