"last_name, first_name","player_id","year","player_age","avg_swing_speed","fast_swing_rate","avg_swing_length","attack_angle","attack_direction","ideal_angle_rate","vertical_swing_path","exit_velocity_avg","launch_angle_avg","sweet_spot_percent","barrel_batted_rate","solidcontact_percent","poorlyunder_percent","poorlytopped_percent","poorlyweak_percent","hard_hit_percent","z_swing_percent","z_swing_miss_percent","oz_swing_percent","oz_contact_percent","sprint_speed"
"Cabrera, Miguel",408234,2023,40,"68.3",0.7,"7.4",6.4,5.1,50,32.5,"89.1","7.4",34.2,4.2,7.6,19.8,38,2.3,37.6,68.3,18.2,28.2,56.2,"23.1"
"Cruz, Nelson",443558,2023,42,,,,,,,,"92.4","10.2",33.7,9.2,7.1,23.5,30.6,3.1,48,66.1,21.5,39.4,40.9,"24.7"
"Peralta, David",444482,2023,35,"72.1",24.5,"7.3",4.8,-1.2,41.2,31.8,"89.3","8.2",31.1,4.9,7,20.1,36.6,4.6,44.2,74.4,15.1,34.2,61,"27.0"
"Longoria, Evan",446334,2023,37,"72.1",20.2,"7.8",15.6,-5.2,53.2,37.4,"92.2","15.6",37.6,10.6,8.5,27,29.8,2.1,51.8,58,20.9,29.2,56.6,"26.2"
"Blackmon, Charlie",453568,2023,36,"66.9",1.6,"7",8,-3.3,52,31.9,"86.4","18.1",39,4.9,5.2,31.8,28.2,4.2,31.5,65.8,13.3,28.6,65.7,"27.6"
"Maldonado, Martín",455117,2023,36,"71.8",15.6,"7.7",16.7,-4.5,47.4,31.7,"88.4","18.1",32.8,8.5,7.7,27.2,25.5,10.2,40,65.5,23.9,32.8,43.9,"23.2"
"Solano, Donovan",456781,2023,35,"68.2",6.3,"7",8.8,-0.6,33.9,37,"90.2","13.1",43.1,6.1,8.1,22,30.2,1.7,43.7,64.9,16.2,29.9,55,"25.4"
"McCutchen, Andrew",457705,2023,36,"71.8",16.7,"7.4",13.3,-1,57.1,33.4,"89.6","12.3",33.7,6.8,7.8,24.8,30.6,4.1,44.6,64.4,19.9,18.6,46.2,"28.4"
"Turner, Justin",457759,2023,38,"66.4",0.5,"6.5",10.8,-1.7,53.8,35.1,"89.5","16.5",36.8,5.7,9.3,29.7,27.3,2.2,39,63.6,12.2,25.7,68.9,"25.2"
"Votto, Joey",458015,2023,39,"68.8",6.3,"7.3",18,2.5,45.9,40.5,"89.3","13.9",23.3,11,5.5,26,36.3,4.8,39.7,69.8,24.5,25.2,51.3,"25.6"
"Andrus, Elvis",462101,2023,34,"68.4",7.4,"7.7",7,0.8,59.1,29.8,"87.5","5.5",28.1,2.6,4.9,20.9,44.4,3.3,31,61.4,11.9,28.1,61.4,"26.5"
"Santana, Carlos",467793,2023,37,"71.4",14,"7.5",11.2,-4.5,61.6,26.4,"88.8","12.8",31.3,6.7,4.7,28.2,34.7,1.3,36.4,68.2,17.2,24,65.1,"25.9"
"Belt, Brandon",474832,2023,35,"72.7",17,"7",16,6.2,43.4,45.9,"88.7","19.8",44.5,15,6,32.5,15.5,8,40,67,25,17.9,42.7,"26.2"
"Gurriel, Yuli",493329,2023,39,"70.7",7.8,"7.7",2.4,-2.1,32.8,23.7,"88.6","16.5",32.2,1.9,5,32.9,31.8,2.3,34.9,62.9,10.5,30.7,72.7,"27.2"
"Rojas, Miguel",500743,2023,34,"68.8",7.4,"6.9",4.8,-3,44.5,33,"87.3","11",33.4,2.9,4.1,28.8,35.5,4.9,32,67.7,8.5,32.8,68.3,"26.4"
"Escobar, Eduardo",500871,2023,34,"68.3",2.4,"6.8",11.7,-2.7,44.5,31.2,"86.3","14.4",30.5,3.8,5.6,29.6,33.8,2.8,30.6,68.2,22.5,36,62.2,"27.1"
"Pham, Tommy",502054,2023,35,"73.8",42.2,"6.9",6.7,-1,40.8,28.4,"92.3","5.7",34.4,10.7,7.1,16.3,38.7,1.8,49.1,60.6,14,20.6,48.5,"27.8"
"Martinez, J.D.",502110,2023,35,"73",27.9,"8.5",14.3,-1.7,48.6,37.7,"93.4","16.9",41.1,17.1,11.3,21.9,25,2.1,55.1,75.4,23.5,32.1,41.4,"26.1"
"Goldschmidt, Paul",502671,2023,35,"72.1",18.7,"7.5",8.4,6,47.1,32.7,"91.3","12.8",35.6,12,8.5,22.1,28.7,3.7,50.8,61.9,23.2,26.5,62.8,"26.4"
"Altuve, Jose",514888,2023,33,"70.5",16.3,"7.7",16.7,-1.5,46.5,32,"86","11.4",29.7,8.3,6.2,20.7,38.6,8.3,31.4,61.3,12.5,32.1,71.9,"26.9"
"Segura, Jean",516416,2023,33,"70",8.3,"6.6",3.6,4.5,40.5,26.9,"88","2.9",22.4,3.5,5.9,17.6,46.7,4.3,38.8,65.1,12,36.9,68.9,"27.4"
"Marte, Starling",516782,2023,34,"70.6",12.5,"7.5",11.6,-3.7,58.3,38.6,"88.2","6.3",30.6,5.6,5.6,19.4,38.3,5.2,39.5,71.5,17.4,37.4,53.7,"27.1"
"d'Arnaud, Travis",518595,2023,34,"72.2",22.1,"7.7",10.5,2.3,56.1,30.8,"90.7","10.3",37.8,9,10.9,21.9,34.3,2.5,42.8,75.3,23.7,27.1,56.8,"26.1"
"Donaldson, Josh",518626,2023,37,"73.2",34.6,"7.7",15.1,-1.2,64.4,26.8,"92.1","11.7",23.1,16.2,5.1,26.5,35,4.3,51.3,64.3,21.8,26.4,61.9,"24.9"
"Freeman, Freddie",518692,2023,33,"70.5",11.4,"6.7",7.5,2.3,41,43.7,"90","15.2",46.6,11.1,8.8,21.7,25.7,2.7,42.2,76.1,14.3,26.9,63.1,"26.7"
"Grandal, Yasmani",518735,2023,34,"70.7",9.5,"7.5",9.2,1.7,52.7,26.6,"87.9","10.8",32.3,4.7,4.7,28.3,33.3,4.7,34.4,62.1,17.5,27.4,58.2,"22.8"
"Heyward, Jason",518792,2023,33,"73.8",36.8,"8.1",7.7,-6.6,61.3,29.8,"87.7","15.4",33,8.1,6.6,28.6,31.1,3.7,37.4,65.8,14,28.4,63.4,"27.1"
"LeMahieu, DJ",518934,2023,34,"68.3",4.1,"7.3",7.3,6.4,53.9,29.6,"89.6","3.8",31.6,5.9,6.4,15,42,2.1,43,54.4,12.8,23.1,63.2,"25.7"
"Moustakas, Mike",519058,2023,34,"71.5",24.9,"7.3",8.5,-6.9,52.1,26.7,"89","18",28.3,5.7,4.5,35.5,24.2,3.4,37.9,71.5,19.6,33,54.7,"25.2"
"Rizzo, Anthony",519203,2023,33,"68.8",6.1,"6.9",12.6,-7.3,43.9,33.7,"90","17.8",41.2,6.9,6.9,30.7,25.6,1.8,37.5,64.1,15.4,34.1,58.6,"24.7"
"Stanton, Giancarlo",519317,2023,33,"81",96.9,"8.5",8.4,-0.1,57.6,27.7,"93.3","12.5",27.4,15.7,6.5,26.6,32.3,3.6,48.4,60.2,24,27.2,46.6,"24.4"
"Perez, Salvador",521692,2023,33,"72.8",29.3,"7.9",13,-4.7,55.9,34.5,"90.1","15.6",38,8.8,9.7,28.2,23.8,3.4,44,77.5,19.7,47,56.5,"24.3"
"Flores, Wilmer",527038,2023,31,"67.6",2.8,"7.1",12.5,-6.7,56,32.5,"86.4","22",36.2,7.8,6.7,34.8,21.4,4.6,32.5,62.7,11.6,28.3,75.5,"24.4"
"Bethancourt, Christian",542194,2023,31,"72.6",24,"7.5",13.1,-5.5,60.9,27.6,"88.6","11.3",28.5,7.9,4.4,25,35.1,6.6,40.8,77.7,24,45.2,46.3,"27.4"
"Pérez, Carlos",542208,2023,32,"70.4",4.1,"7.9",11.3,-11.3,60.8,30.2,"89.2","16",33.3,5.3,6.1,31.1,27.3,2.3,39.4,65,12.8,29,61.1,"24.6"
"Ozuna, Marcell",542303,2023,32,"75",53.2,"7.5",13,-1.4,51.7,36.7,"91.8","15.6",34.9,16.6,6.5,22.6,28.1,3.3,49,69.8,17.1,29.7,53.6,"26.4"
"Berti, Jon",542932,2023,33,"72.4",20.9,"7.4",2.6,7.4,37.3,28.6,"85.4","2.4",29.7,4.7,3.5,15.8,41.1,7.6,31.3,65.6,12.5,21.4,52.6,"29.3"
"Crawford, Brandon",543063,2023,36,"71.5",16.4,"7.6",15.2,-2.2,52.7,32.8,"89.8","14",32.4,10.1,4.3,28.5,33.8,2.9,43,74.3,19.1,31.2,46.4,"25.8"
"Cron, C.J.",543068,2023,33,"73.6",48,"8.2",7.7,-2.3,49.3,30.5,"87.7","12.8",31.8,13.8,6.7,24.1,27.7,7.2,40,63.6,20.5,31.9,56.4,"25.0"
"Gomes, Yan",543228,2023,35,"69",8.1,"7.7",9.4,-4.2,46.4,33.3,"87.4","15.1",37,7.8,4.5,30.2,26,4.2,36.4,69.1,16.2,37.1,62.1,"26.2"
"Grossman, Robbie",543257,2023,33,"67.2",5,"6.5",12.8,-4.2,52,35.4,"88.2","20.2",32.3,6.8,5.7,36.5,23.2,1.5,37.3,60.2,13.9,15.8,56.3,"27.8"
"Hicks, Aaron",543305,2023,33,"66.9",1.7,"7.2",10.8,-2.6,44.8,28.9,"85.3","12.6",26.4,4,3.5,30.3,31.3,6.5,29.4,61.2,19.3,20.9,56.8,"27.3"
"Higashioka, Kyle",543309,2023,33,"72.5",25,"7.5",13,-6.6,59.8,32.8,"90.1","15.5",36.6,11,7.6,24.4,29.7,2.3,48.3,67.1,18.4,31,48.4,"25.6"
"McCann, James",543510,2023,33,"70.4",11.3,"7.2",13.4,-3.7,42.8,37.7,"89.8","16.6",37.4,7.1,9,24.5,22.6,5.2,43.9,70,18,38.6,44.8,"26.1"
"Nola, Austin",543592,2023,33,"66.1",0,"7.4",7.3,8.8,75,33.3,"85.8","15",24.3,1,1.9,32,31.1,8.7,25.2,56.6,8.2,21.1,61.5,"26.2"
"Rendon, Anthony",543685,2023,33,,,,,,,,"90.1","16.2",34.4,4.8,5.6,32,27.2,3.2,41.6,64.2,12.3,16.9,61.2,"26.5"
"Semien, Marcus",543760,2023,32,"68.8",5,"7.6",13.9,-4.2,60.1,33.4,"88.4","19.1",37.5,6.5,6.9,36.1,24.1,2.7,37,72.9,11.6,21.4,60,"28.7"
"Springer, George",543807,2023,33,"72.7",24.7,"7.5",10,-0.9,52.5,31.6,"88.3","12",32.2,7.7,6.5,23.6,31.8,4.5,39.9,73.4,15.8,23.1,55.2,"27.8"
"Vázquez, Christian",543877,2023,32,"66.6",1.7,"6.8",9.5,2.8,56.8,30.3,"86.7","10",36,3.2,7.7,26.7,32.8,4.5,32.8,65.3,21.2,33,64.4,"25.0"
"Wong, Kolten",543939,2023,32,"70.4",5.3,"6.8",10.4,-4,49.1,33.1,"85.6","14",28.7,1.7,4,31,29.9,7.5,27,67.7,12,27.1,53.1,"26.7"
"Vargas, Ildemaro",545121,2023,31,"69.5",7.3,"7.3",5.6,0.5,50.2,24.5,"87.1","4.1",26,2.4,4.1,19.1,43.5,6.5,31.3,60.5,7.3,29.1,74.8,"27.0"
"Grichuk, Randal",545341,2023,31,"74.6",50,"7.6",8.3,-3.9,59.2,28,"89.6","14",35,7.1,8.8,24.4,29.7,4.7,45.3,67.2,14.3,35,52.4,"27.4"
"Trout, Mike",545361,2023,31,"72.9",14.3,"7.4",2.9,6,14.3,38.6,"91.9","19.3",38.3,16,5.8,25.2,18.4,5.3,51.9,69.8,24.1,19.7,52.9,"29.5"
"Harper, Bryce",547180,2023,30,"75.5",56,"7.4",12,0,45.1,36,"91.8","9.1",36.8,15.2,6.7,17.8,32.7,4.1,46.8,77.9,21.2,33.4,47,"27.6"
"Abreu, José",547989,2023,36,"74.1",42.1,"7.4",8,-0.5,48.1,32.4,"89","10.8",32.5,8.7,4.6,24.8,35.3,3.1,41.6,65.2,17.9,36.3,59.5,"25.5"
"Díaz, Elias",553869,2023,32,"73.6",33.5,"7",6.3,-4.2,42.6,31,"88.1","12.7",31.2,6.2,4.3,24.7,31.2,4.6,38.4,76.5,19,36.1,54.4,"25.0"
"Suárez, Eugenio",553993,2023,31,"72.3",22.2,"7.8",17.9,-0.8,51.9,38.3,"90.3","18.9",37.7,13.2,6.8,31.6,22.3,2.8,43,65.7,24.6,23.6,44.5,"26.4"
"Urshela, Gio",570482,2023,31,,,,,,,,"87.5","8.6",34.8,3.9,4.4,23.2,37,2.2,33.7,73.8,11.4,37,67.3,"26.2"
"Schoop, Jonathan",570731,2023,31,,,,,,,,"89.4","11.2",32.7,4,8.9,24.8,35.6,1,38.6,74.8,20.6,32.3,52.5,"26.9"
"Arenado, Nolan",571448,2023,32,"71.3",15.3,"8.2",12,-5.7,54.5,34.5,"88.8","16.9",33,7.3,6,29.8,28.9,2.6,38.1,65.5,10.6,34.1,64.1,"24.9"
"Farmer, Kyle",571657,2023,32,"66.6",1.2,"6.8",12.7,0.1,45,32.8,"86.4","13.2",36.1,6.7,5.6,24.2,32.1,4,32.9,62.7,13,32.3,56.3,"26.5"
"Haniger, Mitch",571745,2023,32,"71.9",21.8,"7.2",12.9,-0.3,50,32.3,"91","15.9",36.7,10.9,7.5,26.5,28.6,3.4,46.9,64.1,19.2,25.4,47.7,"26.7"
"Hernández, Enrique",571771,2023,31,"72.4",23.9,"7.5",6.6,-4.3,43.2,28.3,"87.8","17",31,4.5,5.1,34.8,29.4,3.2,33.7,66,15.9,28,58.6,"26.9"
"Maile, Luke",571912,2023,32,"68.5",2.9,"6.7",13.3,2.4,65,34.8,"87.7","14.7",37.4,10.7,6.1,21.4,33.6,3.8,33.6,63.5,20.4,26.3,60.8,"26.0"
"Muncy, Max",571970,2023,32,"71.4",15.2,"7.1",15.9,-4.6,50.2,33.5,"91.2","21.7",33.7,14.6,8.4,31.6,23.3,2.1,46.6,57.3,20.8,23.5,51.6,"26.9"
"Taylor, Michael A.",572191,2023,32,"74.5",46.3,"7.3",14,-0.5,48.9,32.6,"88.1","13.4",30.6,13.5,6.6,22.7,27.9,10.9,38,68.8,23.8,31.2,45.4,"28.7"
"Thompson, Trayce",572204,2023,32,"72.7",25.5,"7.7",19.1,-3.2,49,39.6,"89.3","21.8",34.2,11.8,7.9,35.5,23.7,2.6,46.1,62.4,33.2,20.4,29.9,"27.3"
"Walker, Christian",572233,2023,32,"75",49.9,"7.4",8.1,-4.5,46.2,30.9,"88","15.8",32.6,11.4,6,29.2,28.9,5.2,40.4,71.3,18.9,26.1,53.3,"26.4"
"Carpenter, Matt",572761,2023,37,"69.1",7.3,"8.1",16.6,-5.9,45.5,37.6,"87","24.4",35.7,11.1,4.8,43.7,14.3,7.9,31,60.4,17.9,21.1,43.1,"25.3"
"Dickerson, Corey",572816,2023,34,"69.6",16.7,"7.4",8.4,0.3,40.9,29.2,"88.1","9.4",32.5,3.4,2.6,29.9,33.3,3.4,27.4,72.2,14.7,48.7,66.2,"26.6"
"Yastrzemski, Mike",573262,2023,32,"70.6",8,"7.4",12.2,-2.3,65,32.4,"90","19.6",35,9.8,11.5,29.5,20.9,4.7,44,62.7,17.2,20.2,57.1,"27.0"
"Contreras, Willson",575929,2023,31,"76.2",61.9,"7.7",10.3,-3,51.1,31,"91.3","10.1",34.1,12.2,5.9,20,33.1,5.6,46.9,68.9,18.7,31.1,51.7,"26.7"
"Bryant, Kris",592178,2023,31,"69.2",7.5,"8",16,-5.2,46.9,37.6,"85.7","14.4",34.1,6,7.3,29.7,28.9,7.3,31.5,70,15.8,25.5,53.7,"26.4"
"Canha, Mark",592192,2023,34,"67.9",3.3,"7.3",12.8,-3.6,53.6,30.9,"87.9","13.1",30.9,4.7,6.6,28.5,32.6,5,36.7,59,11.3,23.8,63.7,"27.8"
"Castellanos, Nick",592206,2023,31,"72.5",28.2,"7.7",15.5,-6.8,48,39.9,"88.9","14.4",36.5,10.3,7.4,24.2,28.2,3.1,43.2,74.6,22.1,41,44.6,"27.2"
"Drury, Brandon",592273,2023,30,"71.7",17.1,"7.5",9.5,-1.2,56.7,31,"89.9","11.8",35,11,7.6,22.3,31.9,4,46.3,69.1,20.2,34.9,51,"26.9"
"Judge, Aaron",592450,2023,31,"76.5",68.5,"8.1",15.8,-5.3,52.9,42.3,"97.6","20.4",37.1,27.5,10.4,20.8,17.9,0.8,64.2,67,27.6,19.4,37.2,"26.7"
"Machado, Manny",592518,2023,30,"76.7",66.3,"7.7",6.3,-2.9,50.6,25.3,"91","15",30.2,10.5,7.7,30,28.9,3.2,45.9,69.5,16.5,29.3,58.8,"26.3"
"Pederson, Joc",592626,2023,31,"72.6",29,"7.5",8.1,-5.7,45.3,29.8,"92.1","15.2",33.5,12.1,8.5,26.8,21.7,4.4,52.2,66,17.4,28.5,62.1,"26.4"
"Realmuto, J.T.",592663,2023,32,"73.5",36,"7.7",16.4,2.3,48.7,37.5,"89.8","16.7",36.2,11.2,7,27.5,27,3.1,43.3,70.7,18.5,30.6,56.3,"28.6"
"Renfroe, Hunter",592669,2023,31,"74.6",48.3,"7.9",8.7,-9.5,57.5,27,"88.3","15",29.5,6.1,6.9,29.5,31.6,3.7,39.1,70.6,18.1,33.5,57.7,"26.8"
"Rosario, Eddie",592696,2023,31,"70.5",11.6,"7.1",12.1,-0.5,58.8,31.5,"88.6","14.5",35.9,9.5,5.6,26.2,29.2,2.8,35.4,73.6,22.8,43.5,60.2,"28.0"
"Yelich, Christian",592885,2023,31,"73.6",39.9,"7.4",7.7,7,40.6,36.5,"91.7","3.5",30.4,9.2,6.1,11.4,42.1,2.4,50.1,68,17.6,24.9,51.5,"28.1"
"Merrifield, Whit",593160,2023,34,"64.8",1.2,"6.9",11.5,-2.1,50.4,33.4,"85.1","14.4",37.2,2.4,5.3,30.8,31.4,3.5,24.3,69.8,14.5,32.5,69.8,"28.8"
"Bogaerts, Xander",593428,2023,30,"70.4",15.3,"7.2",9.5,-4.7,52.9,32.5,"87.6","7.9",28.3,6.1,4.5,23,38.4,4.7,34.6,59.1,13.8,25.2,63.3,"27.6"
"Polanco, Jorge",593871,2023,29,"70.6",10,"7.3",13.4,-7.7,49,36.6,"88.4","21.6",39.6,13.8,5.5,32.7,19.8,4.1,40.6,66.7,15.5,28.4,55.5,"27.6"
"Calhoun, Kole",594777,2023,35,"69.4",1.1,"7",12.7,-5.2,52.3,31.5,"86.6","19.9",33.6,6.6,5.7,36.1,22.1,4.9,35.2,73,15.9,27.3,61.4,"25.0"
"Duvall, Adam",594807,2023,34,"72.1",22,"7.6",16.9,-10.5,58.3,31.3,"88.8","28.9",33,13,5.6,41.9,14.4,3.7,39.1,63.9,21.2,34.1,52.3,"27.6"
"Kiermaier, Kevin",595281,2023,33,"69.8",5.5,"7.1",7.9,-2.1,46,29.8,"86.7","5.6",29.4,3.5,2.8,18.3,42.2,4.5,33.2,71.6,22,27.4,46.6,"28.8"
"Wallach, Chad",595453,2023,31,"73.4",29.8,"7.8",11.1,-4.1,62.5,31.5,"87.7","16.7",35.3,10.8,4.9,24.5,31.4,2.9,33,70.4,23.8,29.9,40.2,"24.3"
"Profar, Jurickson",595777,2023,30,"71.1",20,"7.3",9.1,-1.6,51,32.4,"86.5","14.8",37.7,4,5.1,28.6,31.3,4.5,31.8,68.8,12.3,25.1,58.4,"25.6"
"Báez, Javier",595879,2023,30,"74.1",45,"8.5",10.3,-1.5,53.7,29.1,"88","9.4",28.9,5.2,7,21.9,39.9,3.1,39.7,68.2,21.5,44,53.5,"28.1"
"Cave, Jake",595909,2023,30,"68.9",2.2,"6.9",11.8,5.5,47.2,37.6,"89.3","15.3",29.5,7.6,5.3,33.3,31.1,3,34.8,68.2,18.4,30.2,54.4,"27.6"
"Hedges, Austin",595978,2023,30,"68.2",1.6,"7.1",11,-3,65.1,27.6,"87.2","15.4",29.1,0.7,4,30.5,24.5,10.6,31.1,72.2,20,33.1,55.6,"24.5"
"Lindor, Francisco",596019,2023,29,"71",14.8,"7.6",10.8,-4.9,59.1,32.3,"91.2","19.2",35.8,10.4,7.2,33.1,23.9,2.1,43.9,70.4,16.1,27.2,61.2,"28.1"
"Odor, Rougned",596059,2023,29,"74.1",57.1,"7.6",5.5,-7.8,14.3,30,"90.1","19.9",38.6,6.9,5,31.7,25.7,2,37.6,71.3,16.5,28.8,50,"26.8"
"Slater, Austin",596103,2023,30,"73.3",36,"7.1",13.9,5.5,50.9,38.7,"91.1","7.5",34.6,11.8,4.7,18.9,33.9,3.9,46.5,63.8,21.3,22.2,47.3,"27.7"
"Story, Trevor",596115,2023,30,"71.1",11.5,"7.3",9.9,-1.3,52.2,33.1,"88.5","15.5",42.7,9.7,6.8,27.2,28.2,4.9,39.8,69.7,24.8,30.6,51.6,"28.8"
"Vogelbach, Daniel",596129,2023,30,"71",15.1,"7.6",13.4,-3,54.2,34.4,"91.7","14.5",31.4,9.3,8.2,24.2,30.4,1,50,50.9,13.4,21.4,59.2,"23.6"
"Sánchez, Gary",596142,2023,30,"73.5",34.8,"7.4",12.3,-7.1,61.9,30.2,"90.1","16.5",27.4,15.4,5.1,28,29.1,4.6,44.6,58,16.5,26.3,49,"24.9"
"Kepler, Max",596146,2023,30,"72.3",22.9,"7.5",7.4,-6.4,49.2,30.6,"91.9","14.7",35.7,12.2,8.6,27.7,26.8,1.5,47.9,70.3,11.9,24.8,57.9,"27.4"
"Candelario, Jeimer",600869,2023,29,"69.4",6.8,"7.7",12.1,-2.2,50.8,34.9,"88.3","14.1",36.9,7.9,7.3,27.7,29.6,5.2,36.4,68.1,16.1,28.3,57.7,"27.5"
"Urías, Ramón",602104,2023,29,"70.9",17.6,"7.4",7.2,2.9,52.7,26.6,"89.2","7.9",30.4,6.9,3.1,20.8,42.7,1.2,38.1,68.9,20.2,28.5,49.8,"26.7"
"Ahmed, Nick",605113,2023,33,"69.8",14.1,"7.3",11.8,-0.5,61.6,27,"85.2","12.8",32.9,2.7,6.8,27.4,28.1,6.8,31.5,66.6,19.4,33.6,57.8,"28.1"
"Anderson, Brian",605119,2023,30,"72.5",33.3,"7.5",13.2,1.2,59.6,32.7,"87.6","9.9",34.3,10.3,6.1,21.1,33.8,4.7,37.1,69.4,24.6,28.1,44.5,"26.4"
"Barnes, Austin",605131,2023,33,"68.5",3.6,"6.5",6.5,1.7,49.3,27.4,"84.8","6.1",28.3,2.9,5.1,22.5,35.5,10.1,25.4,64.5,18.1,19.8,62,"26.5"
"Bell, Josh",605137,2023,30,"72.4",29.1,"8.1",9.2,-0.4,59.4,34,"90.1","9.3",31.3,10.1,5.3,22.6,36.3,1.7,43,70.8,17.2,27.8,55.2,"25.9"
"Betts, Mookie",605141,2023,30,"71.4",21.1,"7.2",11.8,-6.8,57,36.3,"92.4","20.6",42.5,12.4,11.2,29.7,20.5,1.5,48.5,60.4,8.2,16.6,53.9,"27.2"
"Caratini, Victor",605170,2023,29,"72.1",23.3,"7.1",8.6,-3.4,47.9,32.7,"91.3","10.8",23.3,5,3.8,22,38.4,0.6,44.7,66,15.1,22.5,59.3,"25.0"
"Davis, J.D.",605204,2023,30,"72.2",18.8,"7.3",7.7,9.9,41.7,35.2,"91.1","7.8",33.5,9.6,6.3,16.5,37.7,3.9,45.2,79.1,26.8,26.5,43.8,"25.8"
"Castro, Harold",605612,2023,29,"66.7",1.4,"6.5",11.7,1.4,51.4,44.3,"86.2","10",38.5,3.1,3.6,25.1,32.8,5.6,28.7,71.1,18,43.1,55.8,"26.5"
"Arcia, Orlando",606115,2023,28,"71.2",21,"7.7",7.7,-4.1,61.9,26.8,"88.2","5.4",30.6,6.9,4.6,19.8,41.6,4.4,41.1,65.4,17.7,26.4,58.8,"25.9"
"Tapia, Raimel",606132,2023,29,"71.2",16.3,"6.8",0.6,9.2,25.6,37.6,"85.4","1.6",31.8,6.4,4.5,14.5,44.5,7.3,34.5,62.6,23.7,39.2,63.8,"28.7"
"Hernández, Teoscar",606192,2023,30,"74",44.1,"7.9",12.6,-1.3,53,34.3,"91.3","12.3",35.2,13.8,6.4,22.8,29,2.6,49.4,73,24.8,35.2,42.7,"28.6"
"Marte, Ketel",606466,2023,29,"73.2",34,"7.5",8.1,-7.6,52.5,32.8,"91.1","10.7",30.8,8,6,24.5,36.3,1.7,42.8,67.2,14.1,24.5,62.3,"27.7"
"Haase, Eric",606992,2023,30,"72.6",21.2,"7.3",9.1,-4.7,52.2,28.6,"87.1","13.4",29.2,4.6,7.2,26.2,31.3,6.7,35.9,72.2,22.6,36.3,47.8,"28.0"
"Nimmo, Brandon",607043,2023,30,"72.7",27.3,"7.2",5.6,0.6,45.5,28.4,"91.8","12.2",33.5,9.5,6.4,25.9,31.3,3.1,47.9,62.4,15.5,19.9,55.4,"28.0"
"Peterson, Jace",607054,2023,33,"67.6",4.9,"6.9",12.7,-6.9,53.7,33.2,"85.7","14.4",33.5,4.7,6.1,30.2,31.7,5.8,28.1,60.8,15.9,22.9,49.7,"28.0"
"Turner, Trea",607208,2023,30,"72.5",27.5,"7.6",12.5,-7.5,62.3,30,"89.9","13",36.1,8.4,6.9,26.7,30.4,2.9,42.2,74.1,17.8,35.3,49.6,"30.3"
"Pillar, Kevin",607680,2023,34,"71.1",16.9,"7.8",13.2,-6.9,51.4,32.1,"87.9","17.8",39.3,8,6,30.7,26,3.3,38.7,72.8,17.7,40.4,58.1,"28.2"
"Stallings, Jacob",607732,2023,33,"67.3",0.5,"7.1",9.2,-3.3,47.7,32.5,"89.7","9.1",28.5,5.6,5.6,25.7,35.2,5,40.2,59.4,12.8,22.6,51.2,"23.6"
"Ramírez, José",608070,2023,30,"70.5",13,"7.2",7.7,-7.5,53.2,28.6,"90","18",36.8,7,6.3,31.3,26.5,2.2,40.4,67.2,8.8,28.2,69.8,"27.8"
"Bregman, Alex",608324,2023,29,"70.2",5.6,"6.9",12.1,-0.7,68.4,28.8,"88.6","17.6",35.8,5.4,10.1,30.2,27.9,1.7,38.2,61.1,8.7,18.6,70,"26.3"
"Gallo, Joey",608336,2023,29,"73.9",41.2,"7.5",20.3,-9.3,41.8,35.9,"93","26.4",28.6,19.3,5.7,40,22.1,4.3,52.9,71.6,34.3,25.9,31.8,"26.6"
"Kelly, Carson",608348,2023,28,"70.4",6.7,"7.1",11.1,-3.2,55,31.5,"86.8","15.6",27.8,2.1,6.2,30.9,34,4.1,33,63.8,25.4,26,57.1,"25.7"
"Seager, Corey",608369,2023,29,"71.8",17,"6.6",14.2,-3,53.7,33.7,"93.3","13",38,15.2,11.4,21.3,27.6,3.8,53.2,83.6,14.1,28.1,44,"26.2"
"Winker, Jesse",608385,2023,29,"69.9",0,"7.3",16.1,-0.8,70,32.9,"86.8","13.6",33.6,4.3,3.4,33.6,32.8,2.6,31.9,66.7,19.6,19.5,56.6,"23.5"
"Murphy, Tom",608596,2023,32,"72.6",19.3,"8",13,-4.8,55.4,36.2,"89.5","13.7",40.8,14.6,4.9,19.4,31.1,1.9,44.7,73.1,21.5,29.9,46.5,"26.0"
"Jankowski, Travis",608671,2023,32,"66.4",0.6,"6.2",-3.5,-3.7,13.5,34,"85.4","8.1",28.8,0,4.3,25,38,6.7,25.5,58.4,10.6,16.1,68.6,"29.0"
"Refsnyder, Rob",608701,2023,32,"72.9",23.3,"7.3",11.8,3.1,57.5,34.3,"87.7","11.9",42,3.8,7,22.3,29.9,5.7,34.4,61.1,19.6,18.6,65.2,"27.1"
"Meneses, Joey",608841,2023,31,"69.7",11.6,"6.7",7.6,-0.5,45.6,35.2,"89.4","9.4",32.9,5.4,5,23.6,36.8,3.1,41.7,64.7,14.2,31.5,58,"25.6"
"Swanson, Dansby",621020,2023,29,"71.5",8.9,"7.3",14.3,-1.5,59.5,35.8,"89.3","13",35.1,10.9,7.3,22.8,32.9,2.7,39.7,71.3,23.6,23.7,56.4,"28.4"
"Newman, Kevin",621028,2023,29,"66.9",0,"6.8",7.7,-2.5,61.5,32.9,"86.5","12",35.4,2.5,5.1,25.8,31.3,5.6,29.3,64.8,10.7,26.8,74.4,"28.0"
"Taylor, Chris",621035,2023,32,"71.2",8.8,"7.3",15.1,-1.5,48.1,39.1,"86.2","21.5",38.8,9.8,6.1,33.2,21.5,7.9,37.4,71.5,29.4,22.1,42.2,"28.3"
"Correa, Carlos",621043,2023,28,"74.8",51.3,"7.3",8.9,-1.5,47,33.2,"90.4","10.6",31.1,9.6,7,22.8,30.8,5.2,45.9,62.1,16.6,26.8,57,"26.6"
"Taylor, Tyrone",621438,2023,29,"69.8",2.6,"7.4",13.1,-6.8,58.8,35.8,"87.7","18.2",33.9,6.8,10.2,32.2,27.1,4.5,39.5,67.2,15.7,35.9,57.1,"28.8"
"Buxton, Byron",621439,2023,29,"76.2",64.9,"8",16.3,-8.8,63.8,33.8,"91.5","20.1",33.2,14.6,8.5,34.7,24.6,2.5,45.7,72.7,20.6,27.9,44,"29.3"
"Stewart, DJ",621466,2023,29,"71",13,"7.2",12.4,-4.5,59.5,25.2,"89.9","16.5",34,12.3,10.4,23.6,27.4,5.7,44.3,77.8,28.2,25.8,43,"26.3"
"Ward, Taylor",621493,2023,29,"69.6",1.2,"7",7.4,-1.1,56.5,29.4,"90.7","14.3",34,8.2,6,27.7,31.9,1.4,43.9,66.8,12.5,23.2,55.2,"28.0"
"Remillard, Zach",621545,2023,29,"69.2",5.2,"7.1",10,-4.1,56.3,31.8,"85.7","11.9",23.3,1,1,23.3,35,11.7,20.4,64.3,22.3,26.7,32.9,"28.4"
"Wisdom, Patrick",621550,2023,31,"76.7",71.8,"8",14.9,-6.7,68.7,32.1,"92.7","21.7",33.3,20.1,4.4,29.6,22,5.7,54.7,69.9,26.8,24.1,46.6,"27.7"
"Wendle, Joey",621563,2023,33,"68.3",1.3,"7",4.5,0.6,40.1,28.9,"89.2","3.8",31.8,3.4,5.1,18.2,44.9,5.1,39.4,62.7,15,33.4,56.9,"27.8"
"Olson, Matt",621566,2023,29,"74.9",49.8,"7.3",8.3,-0.7,47.6,35.3,"93.7","16.1",31,16.4,9.2,26.1,27.2,1.8,55.5,71.5,24.4,26,62.4,"26.2"
"Duffy, Matt",622110,2023,32,"67.5",0.8,"6.7",6,-2.2,33.6,36,"86.4","8.8",35.7,2.6,1.3,22.7,39.6,3.2,33.1,64.8,15.8,28.9,58.4,"27.0"
"Margot, Manuel",622534,2023,28,"71.7",16.6,"7.2",5.2,-0.1,48.5,27.6,"87.9","10.5",28.6,3.9,5.4,23.9,36.3,4.6,37.8,69.5,16.8,31.4,58.6,"28.3"
"Reyes, Pablo",622569,2023,29,"69.5",4.7,"7.2",9.7,-1.1,71.3,28.3,"88.1","14.7",34,4,8.7,30,30.7,6,36,62,11.9,20.1,75.4,"27.9"
"Mateo, Jorge",622761,2023,28,"73.4",32.4,"7.6",4.7,-3.7,38.6,31.4,"88.4","10.4",28.3,5.3,9.4,23.8,35.7,5.3,38.5,68.1,15.9,33.9,49.4,"30.1"
"Ramírez, Harold",623912,2023,28,"72.4",30.6,"7.3",1.5,0.9,32.6,34.7,"89.1","6.1",29.4,4.6,6.4,18.7,38.8,4.6,40.7,72,17.6,43.7,57.8,"27.8"
"Santander, Anthony",623993,2023,28,"73",31.9,"7.2",7.3,-5.4,47.1,27.7,"90.6","20.2",33,10.2,8.4,34.1,21.9,3.4,46,66.9,17.9,34.4,67.6,"26.7"
"Alonso, Pete",624413,2023,28,"75.7",56.3,"7.4",13.4,-8,55,31.5,"89.5","18.2",32.3,14.7,6.4,29.5,28,3.8,40.1,61.9,17.9,27.4,56.9,"26.0"
"Arroyo, Christian",624414,2023,28,"71.9",17.5,"7.5",13,-6.8,50.9,36.3,"86.3","11.1",35.9,4.6,5.2,23.5,33.3,5.9,32.7,79.4,16.7,39.7,57.2,"27.7"
"Biggio, Cavan",624415,2023,28,"68",2.9,"6.9",11.2,-3.8,49.2,38.4,"88.4","15.7",41.4,7.4,7.4,28.1,26.1,3.9,33,61.5,15.5,15.9,41.5,"28.3"
"Conforto, Michael",624424,2023,30,"73.1",30.6,"7.2",11.8,-1.2,57.5,31.4,"88.9","11.9",31.9,7.9,7.6,26,30.6,3.6,39.8,69,17.4,24.3,56.3,"26.1"
"Frazier, Adam",624428,2023,31,"67",0.8,"7.1",11.3,-2,53.2,36.7,"85.7","15.2",40.9,3.1,3.1,32.6,29.4,2.9,23.4,67.2,11.4,28.7,61.8,"26.5"
"Trevino, Jose",624431,2023,30,"67.7",0,"7",3.9,5.6,62.5,21.8,"85.8","9.6",30.9,2.9,5.9,19.9,40.4,6.6,31.6,54.7,10.3,37.7,75.8,"24.4"
"McGuire, Reese",624512,2023,28,"67.6",1.3,"8.1",10.9,-2.3,52.5,31.4,"84","2.8",33.6,2.9,3.6,18.2,40.1,10.9,27,64.5,17.4,41.9,68.1,"25.9"
"Soler, Jorge",624585,2023,31,"75.8",61.6,"7.8",10.2,-5.8,58.5,34.1,"91.3","17.8",36.5,15,10.4,27.2,26.7,2.7,48,66.7,19.5,25.6,55.1,"26.6"
"Sosa, Edmundo",624641,2023,27,"73.1",30.6,"8",10.7,-2.2,58.3,36.3,"86.8","13.8",34.1,6.7,8.7,25.5,34.1,5.3,32.2,75.8,21.7,43.1,59.1,"29.2"
"Ibáñez, Andy",628451,2023,30,"69.7",4.7,"7.1",5.7,0.9,42.3,29.4,"89.1","12.9",33.2,9,4.8,25.3,31.8,2.4,42.9,70.4,12.8,35,59.5,"27.2"
"Cronenworth, Jake",630105,2023,29,"68.3",4.3,"6.8",5.9,2.4,33.5,32.6,"87.4","15.2",35.7,4.4,8.4,29.7,28.3,5.4,33.2,67.1,9.4,26.4,65.9,"28.3"
"Anderson, Tim",641313,2023,30,"68.8",3.1,"7.1",8.9,5.6,44.7,40.8,"87.8","2",32.4,2.9,5.9,11.8,47.2,3.5,39.4,71.5,17.7,35.3,59.1,"27.2"
"Bauers, Jake",641343,2023,27,"75.1",57.7,"7.8",14.1,-4.3,49.8,35.4,"89.1","13.8",36,18.7,5.3,23.3,26,6,48.7,66.2,24.4,24.6,41.8,"27.3"
"Bellinger, Cody",641355,2023,27,"70",6.4,"7.7",12.7,-1.8,62,32.7,"87.9","17.2",38,6.1,5.4,34,25.5,2.1,31.4,67.8,15,31,68.4,"28.3"
"Crawford, J.P.",641487,2023,28,"72",23.2,"7.6",7.5,-4.1,44.8,33,"88.3","15.1",35.3,4.8,6.5,26.6,27.3,4.8,36.2,58.4,12.7,18.6,62.6,"26.7"
"Delay, Jason",641511,2023,28,"67.1",1.7,"7.1",11.5,-1.7,48.3,36.4,"83.8","12.3",34.9,3.2,4,23.8,31.7,10.3,23,69.4,16.8,31.4,52.5,"26.4"
"Fraley, Jake",641584,2023,28,"71.7",16.3,"7.1",10.2,-7.7,37.7,38.9,"84.6","16.5",38,6.4,7.1,26.7,29.7,4.5,30.8,75.5,16.6,30.1,58.4,"28.0"
"Garver, Mitch",641598,2023,32,"70.8",11,"7.1",12.2,-4,65.4,29.5,"90","20.5",35.5,12.6,7.9,35.5,21.5,1.9,42.1,61.9,16.1,17.4,49.6,"25.7"
"Hampson, Garrett",641658,2023,28,"67.4",0.6,"6.8",9.5,0.8,49.7,31.6,"86.6","11.8",37.1,3.1,5.7,23.3,30.2,8.8,28.3,59.4,16.8,25.6,49.6,"29.8"
"Heim, Jonah",641680,2023,28,"68.4",2.6,"7.3",11,2.9,57.3,29.1,"89.2","17.3",34.3,8,6.9,31.6,25.5,2.5,38.5,73.8,16.8,30.5,63.7,"25.8"
"Mancini, Trey",641820,2023,31,"72.7",15.9,"7.8",12.8,-2.2,61.9,34.2,"88.9","12.3",32.5,3.8,8.8,23.1,36.3,2.5,40.6,68.6,24.4,31.3,49.4,"25.4"
"McMahon, Ryan",641857,2023,28,"72.2",23.1,"7.3",8.8,4.3,39.7,38.6,"90.8","9.7",39.4,11.4,6.4,20.3,28.3,4.2,44.2,67.6,26.4,25.4,50.6,"25.8"
"O'Neill, Tyler",641933,2023,28,"72.4",24.6,"7",12.1,-2.2,54.6,33.6,"89.2","15",29.2,12.3,5.8,26.3,27.5,4.1,43.3,66.7,18.5,25.3,50.4,"28.5"
"Palacios, Joshua",641943,2023,27,"71.5",21.3,"7.2",8.8,-1.9,51.6,31.4,"91.3","7.7",30.9,9.8,5.2,19.6,38.1,3.6,45.4,72.4,20.4,30.3,57.4,"28.2"
"Smith, Dominic",642086,2023,28,"68.6",5.9,"7",11.7,-3.3,56.9,34.3,"86.3","12.8",37,6.6,3.7,28.3,31.7,4.1,30.8,68.7,13.8,30.3,66.8,"25.8"
"Tellez, Rowdy",642133,2023,28,"74.6",48.4,"8",5.3,-7.7,54.7,29,"89.9","15.2",35.7,8.7,7.8,29.6,27.4,2.6,40.4,52.9,14.6,24.2,62.1,"23.5"
"Thaiss, Matt",642136,2023,28,"73.4",37.9,"7.9",11.8,1.1,61,30,"88.5","9.2",34.6,10.4,6.6,23.1,31.3,5.5,40.7,72.3,29.5,19,47.4,"24.7"
"Mejía, Francisco",642336,2023,27,"67.8",0,"7",10.5,-7.9,54.2,31.2,"87.5","18.9",33,4.3,7,37.4,27.8,2.6,32.2,71.2,16.7,48.8,70.5,"26.3"
"Siri, Jose",642350,2023,27,"73.3",31.6,"7.9",14.3,-3.3,45.2,33.6,"88.4","14.4",33,13.2,4.7,28.3,27.8,6.6,37.7,69.7,29.6,37.9,41.9,"29.7"
"Rosario, Amed",642708,2023,27,"71.3",15.2,"7.2",4,-1.1,38.2,28.8,"88.3","7.6",33.8,3.4,5.8,22,38.2,2.7,39.4,69.2,14.3,39.4,63.2,"29.4"
"Adames, Willy",642715,2023,27,"72.5",24.3,"8.2",16.2,-4.3,47.6,34.3,"87.4","18.2",35,12.4,4.1,30.2,23.9,6.3,36.5,71.6,20.7,31.8,49.4,"27.6"
"Estrada, Thairo",642731,2023,27,"70.3",13.3,"7.3",10.3,-4.7,52.2,31.8,"85.9","10.8",34.7,4.8,3.7,24.1,30.8,8.8,33.7,67.3,10.7,38,61.7,"28.1"
"Benintendi, Andrew",643217,2023,28,"67.1",2.3,"6.6",10.9,6.7,56.6,34.8,"86.6","14.5",40.9,2.9,3.4,30.2,28.7,3.8,27,70.4,16,26.6,71.6,"27.3"
"Cooper, Garrett",643265,2023,32,"73.8",37.9,"7.7",9.9,-0.2,46.6,40.5,"89","13.3",40.4,10.3,7.5,21.6,29.1,3.8,41.1,66.9,20.2,39.6,53.8,"26.3"
"Dubón, Mauricio",643289,2023,28,"69.8",12.2,"7.6",4.4,2.8,43.5,33.1,"87","9.5",37,4.5,5.3,24,37.3,3,29.5,76.1,14,40.8,75.4,"28.1"
"Jansen, Danny",643376,2023,28,"71",13.7,"6.8",12.1,-4.8,61.9,28.6,"88.3","19.7",35.4,10.7,7.8,35,24.8,2.9,37.4,69.4,16.1,24.9,58.7,"27.1"
"Kemp, Tony",643393,2023,31,"65",0.4,"6.8",9.5,-2,58,32.9,"86.7","10",31.3,1.2,5.8,26.7,35.6,8.5,20.4,66.2,11.1,23.6,74.7,"26.2"
"Kiner-Falefa, Isiah",643396,2023,28,"67.6",0.9,"6.9",5.7,4.1,41.6,32.3,"88.8","7.2",33.5,3.1,5,20,40,4.2,39.2,61.2,11.7,26.5,59.7,"27.7"
"McNeil, Jeff",643446,2023,31,"68.2",2.6,"6.9",7.4,-2.9,46.7,32.2,"86","14.4",32.1,1.3,5.7,30.6,30.4,6.8,27.4,75.9,7.4,29.9,70.9,"27.4"
"Tauchman, Mike",643565,2023,32,"68.4",4.4,"6.8",2.9,7.9,33.1,34.4,"88.4","8.1",37.6,5.5,5.5,18.4,35.7,4.3,40,64.4,18.9,18.8,56.3,"27.3"
"Albies, Ozzie",645277,2023,26,"70",11,"7.3",13.8,-7,60.7,34.3,"88.7","16.6",37.4,8.2,10.5,27.4,28.2,2,39,77.9,13.3,35.1,65.9,"27.6"
"Ford, Mike",645801,2023,30,"71.1",14.6,"7.1",15.2,-9.5,55.6,29.2,"88.8","21",33.1,17.3,5,33.1,21.6,5,44.6,64.6,19.6,22.9,41.9,"24.5"
"Devers, Rafael",646240,2023,26,"73.4",34.5,"7.5",9.8,0.2,62.1,26.8,"93.1","12.4",30,12.7,8.5,24.1,32.4,2.2,55.1,77.1,23.8,32.5,69.3,"26.0"
"Naylor, Josh",647304,2023,26,"73.2",35.9,"7.5",7.3,-2.2,45.8,30,"89.1","12.3",35.5,8.2,6.9,25.1,29.7,3.6,41.2,76.4,11.7,39.5,66.7,"25.8"
"Díaz, Aledmys",649557,2023,32,"70.8",8.6,"7.6",5.7,-6.7,54,27.8,"87.8","11.3",27.6,2.8,7.1,25.2,39.4,3.1,33.5,70.2,14.5,34.3,60.7,"26.0"
"Urías, Luis",649966,2023,26,"67.9",3.2,"7.7",19.4,-3.2,47.5,31,"84.9","14.7",23.3,5.8,4.9,30.1,33,7.8,30.1,55.6,18.1,24.3,54.9,"26.0"
"Arraez, Luis",650333,2023,26,"63.8",0.2,"5.9",7.3,5.9,49.8,38.6,"88.3","11.5",44.7,3.5,3.7,24.8,30.7,3.5,25.7,68.6,5.8,31.8,87.2,"26.1"
"Jiménez, Eloy",650391,2023,26,"75.3",52.6,"7.3",6,-4.2,48.8,24.7,"90.9","5.7",26,9.3,5.2,19.7,41.4,3,46.8,71.3,18.1,36.6,52.4,"26.5"
"Torres, Gleyber",650402,2023,26,"71.6",22.5,"7.3",11.1,2.1,57.4,34.3,"89.7","15.1",37.3,7.9,7.5,27.4,29,2.8,40.3,69,16.4,25.9,64.6,"26.4"
"Castro, Willi",650489,2023,26,"72.1",24.2,"7.3",7.1,-6.8,41.8,38.5,"86.5","15.1",34.5,6.8,4.9,29.2,27.7,9.1,31.8,69,17.8,34.6,52.5,"28.6"
"Díaz, Yandy",650490,2023,31,"73.9",41.5,"7.5",4.3,5.7,44.6,25.9,"93.4","5.7",30.5,9.5,6.5,17.1,36.3,3,54,65.5,11.9,19.7,60.1,"26.6"
"De La Cruz, Bryan",650559,2023,26,"72.2",23.9,"7.7",12.6,-0.6,55.1,38.1,"89.9","11.8",41,8.8,7.2,23.1,30.5,2.3,42.5,68.2,21.7,34.3,59.4,"27.7"
"Rengifo, Luis",650859,2023,26,"71",13.8,"7.3",9.8,-0.3,54.1,33.9,"89.1","11",29.7,7.6,5.1,24.7,34.8,2.2,36.9,74.5,16.8,28.7,57.5,"27.4"
"Monasterio, Andruw",655316,2023,26,"67.1",1.3,"6.7",9,0.1,50.4,34.4,"88.8","17.7",41.3,5.5,5.5,33,26.6,1.8,33.5,61,15.8,22.3,61.2,"28.0"
"Adams, Riley",656180,2023,27,"75.4",55.2,"8.1",8.8,-5,36.2,35.8,"89.9","18.1",42,5,12,31,26,3,41,71.2,17.7,34.4,49.5,"26.2"
"Chapman, Matt",656305,2023,30,"75.6",57.1,"7.6",8.8,-3.3,64,27.5,"93.4","18.5",32.4,17.1,7.8,29.2,27.2,2.3,56.4,66.6,27.2,18.9,54.4,"28.5"
"Fairchild, Stuart",656413,2023,27,"70.3",6.3,"7.4",13.3,-2.4,63.4,36.9,"85.9","14.3",32.3,7.7,9,23.2,31.6,7.1,29.7,75.7,24.9,24.4,35.7,"29.2"
"Garrett, Stone",656448,2023,27,"74.8",45.6,"7.9",11.3,-6.7,55.8,31.2,"91.1","17.3",37.6,9.6,9.6,26.1,19.1,3.2,48.4,75.1,23.8,33.6,50.8,"28.5"
"Joe, Connor",656582,2023,30,"73.8",37.7,"7.2",7,-7.9,41.6,30.5,"88.9","16.7",37.2,8.2,5.6,27,25.7,4.3,41.8,59.1,17.3,19.6,57,"27.1"
"McKinstry, Zach",656716,2023,28,"68.1",3.5,"6.9",12.3,-0.2,40.4,38.4,"87.2","17.8",37.1,7.6,5.9,31.2,26.1,4.8,33.5,68.1,11.9,27.1,59.7,"28.5"
"Mullins, Cedric",656775,2023,28,"71.1",8.7,"7.6",11.1,-8.5,62.5,28.4,"88.9","21.6",28.1,6.5,3.5,36.8,24.5,3.9,37.1,70.8,19.1,26.7,58.5,"28.0"
"O'Hearn, Ryan",656811,2023,29,"72.2",21.3,"7.1",9.1,2.5,43.6,33.9,"91.9","12",35.1,10.1,7.8,22,33.6,2.6,51.5,72.1,13.9,30.9,56.7,"27.7"
"Rivera, Emmanuel",656896,2023,27,"69.4",6,"7",8.5,-0.6,50.9,34.3,"90.7","11.2",35.6,5.9,7.8,23.9,33.7,1.5,46.3,68.7,16.3,27.1,50,"27.1"
"Schwarber, Kyle",656941,2023,30,"77.1",74.7,"7.9",13,-7.1,65.5,29.7,"92.4","19",34.3,16.4,6.7,30.8,27.1,2.1,48.8,55.8,22.5,21.6,47.9,"25.0"
"Smith, Pavin",656976,2023,27,"72.7",11.8,"7.5",12.6,-8.2,64.7,32.4,"89.9","13.8",34.9,7.5,7.5,27.4,33.6,1.4,41.8,58.1,10.2,23.2,56,"26.2"
"Thomas, Lane",657041,2023,27,"71.8",17.3,"6.9",10.5,-4,66.8,29.2,"88.5","10.8",36.8,9.6,6.5,22.9,31.2,5.4,40.7,61.1,12.7,27.2,55.4,"29.3"
"Verdugo, Alex",657077,2023,27,"67.6",2.9,"6.2",6.3,-1.4,46.8,29.2,"89.2","8.8",35.4,5,6.3,23.6,33.6,2.6,37.6,57.5,8.2,22.2,62.6,"27.3"
"Wong, Connor",657136,2023,27,"71.2",16.9,"7.2",13.3,2.1,47.5,33.6,"89.1","15.5",34,9.1,5.4,28.2,28.2,4.6,37.8,70.7,22.5,34.5,47.1,"28.3"
"DeJong, Paul",657557,2023,29,"69.5",3,"6.9",15,-4.1,53,36.2,"85.5","16.8",34.8,6.7,5.5,29.6,24.1,7.5,33.2,71.3,23.9,35.8,42.7,"26.8"
"Laureano, Ramón",657656,2023,28,"71.1",19.6,"6.9",12,1.8,44.4,36,"88.2","12.9",34.7,9.7,4.4,24.6,31.9,2.8,35.9,66.1,16.3,27,39.1,"27.9"
"Sheets, Gavin",657757,2023,27,"72.8",21.8,"7.7",8.3,-8.8,53,30,"88.1","16.9",29.7,5.2,6.4,34.9,31.7,4,32.5,68.1,14.3,29.8,64,"26.5"
"Olivares, Edward",658668,2023,27,"71",16.5,"7.3",10.2,-2.9,61.9,28.2,"87.3","12.2",34.2,7.9,7.5,24,32.9,4.8,37.7,70.8,13.5,31,55.9,"28.6"
"Moncada, Yoán",660162,2023,28,"74.3",43.5,"7.7",10.6,-2.2,45,38.6,"89.4","12.3",42.5,10.1,8.3,19.7,31.6,2.6,39,66.1,21.1,28.2,47.5,"26.4"
"Ohtani, Shohei",660271,2023,28,"77.4",74.4,"7.9",12.9,-2.5,50.9,35.3,"94.4","13.2",35.6,19.6,6.4,19.6,30.5,1.4,54.2,70.5,24,29.7,51.5,"27.8"
"Acuña Jr., Ronald",660670,2023,25,"77.3",70.3,"7.4",6.9,5,48.8,34.6,"94.7","7.4",33.6,15.3,9.1,14.9,34.3,2.5,55.2,70.7,14.4,22.6,68.2,"28.0"
"Ruiz, Keibert",660688,2023,24,"66.4",2.3,"7.1",9.7,-10.4,58.8,32.9,"87.4","15.3",39.4,5.8,4.9,29.8,29.3,3.4,31.9,66.6,8,36.5,74.9,"25.1"
"Montero, Elehuris",660707,2023,24,"75.3",51.3,"7.7",9.2,-14,36.5,35.3,"88.3","9.9",31.8,6.8,8,25,33,4.5,44.3,65.6,20.1,43.3,38,"26.6"
"Gonzalez, Oscar",660757,2023,25,"73.9",42.7,"7.2",4.9,-0.4,38,31.7,"88.5","6.4",31.3,7.8,5.5,21.1,39.1,4.7,40.6,71.2,21.6,48.8,59,"28.0"
"Sánchez, Jesús",660821,2023,25,"74.3",48.3,"7",6.8,4.3,46.7,31.1,"90.4","5.6",32.9,12.2,4.7,12.9,36.1,5.5,46.3,68.8,21.1,31.4,52.5,"27.5"
"Contreras, William",661388,2023,25,"73.8",45,"7.3",9.7,2.2,64.3,27.5,"91.3","4.7",27.1,9.4,6.2,16.8,41.5,3.6,48.7,62.6,21,24.7,55.4,"26.5"
"Varsho, Daulton",662139,2023,26,"74.7",47.4,"7.8",10.3,-4,56.4,29.4,"87.8","20.5",34.3,7.3,7.3,32.6,23.7,10.1,36.1,70.5,17.1,28.1,54.8,"28.1"
"Perkins, Blake",663368,2023,26,"69.3",5.8,"7.1",9.4,-1.8,64,29,"85.8","14.8",31.3,5.1,5.1,32.3,30.3,8.1,29.3,55.3,18.8,16.8,62.7,"30.0"
"Nootbaar, Lars",663457,2023,25,"72.3",23.2,"7",9.1,-1.9,63.3,30.3,"89.1","7.2",30.8,8.8,5.4,19.3,36.9,3.6,37.8,53.4,13.5,17.1,65.7,"27.8"
"Hoerner, Nico",663538,2023,26,"68.8",2.6,"7.1",4.8,-0.5,43.5,32.8,"86.6","10.5",33.2,1.8,4.2,25.8,38.4,4.6,33.4,60.5,6.8,30.5,76,"28.5"
"Riley, Austin",663586,2023,26,"76.3",65.5,"7.5",9.7,-2.7,47.9,33.9,"92.3","13.5",35.2,13.9,7.8,24,28.6,1.9,49.2,69.9,20.9,27.3,55.4,"28.1"
"Madrigal, Nick",663611,2023,26,"66",2.5,"6.4",4.4,0.8,43.5,26.6,"86.2","3.7",29.9,0.8,2,17.9,45.8,5.6,27.5,59.5,4,29.6,79.1,"28.0"
"Larnach, Trevor",663616,2023,26,"73.3",25.5,"7.6",12.9,-8.3,41.8,39.6,"90.1","17.5",41.6,13.3,12.4,28.3,20.4,4.4,49.6,63.5,24.5,23.1,37.3,"26.7"
"Mountcastle, Ryan",663624,2023,26,"76.5",67.7,"7.4",4.5,3.2,30.9,37.8,"91.4","12",35.9,12.1,7.1,21.7,33.4,0.9,44.9,73.7,17.5,38.7,54.4,"28.2"
"Hayes, Ke'Bryan",663647,2023,26,"72.4",21,"6.9",6.2,-2.4,44.3,28.8,"92.2","13.2",34.1,7.4,9.9,24.7,29.5,1.5,48.3,61,10.7,30.7,58.8,"27.1"
"Tucker, Kyle",663656,2023,26,"71.9",22.8,"7.6",10.8,-8.6,46.8,37,"90.2","14.8",35.4,10.6,8.1,27,25.4,3.9,45.9,71.8,12.6,21.6,61.3,"26.6"
"India, Jonathan",663697,2023,26,"71.3",25.1,"7.3",10.3,-5.3,51.5,29.9,"89.5","15.2",37.2,7.7,7.7,27.8,28.4,2.8,38.6,56.9,15.2,19.6,57.7,"27.8"
"Raleigh, Cal",663728,2023,26,"75",49.9,"7.8",16.3,-7.4,50.3,31.1,"89.5","20.3",36.5,12.6,7,33.4,23,2.5,41,71,21.2,31.4,53,"27.0"
"Fortes, Nick",663743,2023,26,"70.3",9.1,"7.1",4.7,-6.2,45.7,23.3,"88.2","13.9",27.1,3.8,5.8,30.4,35.4,3.3,35,65.3,11.9,25.6,69.4,"27.6"
"Grisham, Trent",663757,2023,26,"70.5",8.4,"7.6",17.9,3.1,49.4,32.6,"90.3","18.3",32.8,11.9,7.5,26.9,24.1,8.1,40,60.3,22.1,21.6,53.5,"27.7"
"Vierling, Matt",663837,2023,26,"71.3",12.7,"7.5",4.5,1.4,41,30.4,"89.1","9.1",32.2,4.6,5.1,21.7,38.2,3,42.8,59.1,13.2,28.5,66.6,"29.1"
"Stephenson, Tyler",663886,2023,26,"70.4",2.3,"7.5",11,1.7,51.2,37.6,"89.4","8.9",33.5,7.6,9.4,17.2,34.4,3.3,43.5,61.8,19.7,24.1,50,"26.9"
"Rodgers, Brendan",663898,2023,26,"72.1",28.5,"7.1",5.4,-0.9,44.7,30.5,"88.3","4.8",35.8,10.9,5.1,15.3,43.1,3.6,40.1,65.4,14.2,30,49,"26.3"
"Lowe, Nathaniel",663993,2023,27,"74.2",40.7,"7.4",6.4,10.1,43.8,31.4,"89.8","7.2",36.7,6.5,6.3,19.1,35.8,2.6,41.6,67.2,14.1,20.8,58.6,"27.3"
"Happ, Ian",664023,2023,28,"71.8",19.7,"6.9",9.7,-1,46.6,31.7,"89.9","13",36.7,9,5.5,27.3,30,2.5,39,67,18.3,22.9,55.1,"27.7"
"France, Ty",664034,2023,28,"71.8",19.7,"7.8",13,0.5,49.2,35.3,"87.5","13.7",36.9,6.8,5.1,25.3,29.3,4.5,38.6,74,10.9,33.4,54.9,"25.0"
"Lowe, Brandon",664040,2023,28,"73.3",31,"7.1",15,-4.5,49.7,35.8,"91.4","16",32.6,10.7,7.3,28.4,27.6,2.7,47.5,75.3,19.6,30,39.6,"27.3"
"Bader, Harrison",664056,2023,29,"70.8",14.8,"7.2",11.4,-8.8,52.5,24.4,"85.9","17.8",32.8,5.3,7.5,33.6,29.1,4.2,31.7,63.3,13.6,35.6,58.1,"28.8"
"Moore, Dylan",664238,2023,30,"72.3",24.1,"7.3",11.8,-9.1,51.4,34.3,"89","21.4",40.4,16.9,11.2,31.5,21.3,4.5,44.9,63.6,23.5,28.4,44.3,"27.7"
"Straw, Myles",664702,2023,28,"66.1",1.1,"6.7",2.1,4.4,32.4,33.8,"86.3","9.4",34,0.5,2.4,28.4,35.3,5.3,23.3,60,11.5,23.9,77.6,"29.2"
"Isbel, Kyle",664728,2023,26,"71",9.5,"7.2",5.6,-6.8,43.9,22.9,"89.4","14.6",32.2,5.5,5.5,29.2,30.9,5.1,39.8,63.5,11,28.8,55.8,"27.6"
"Bohm, Alec",664761,2023,26,"72.1",20.6,"7.4",7,2.1,51.7,31.6,"89.4","11.1",35.1,5.7,7,24.7,33.6,2.3,41.7,68.9,11.9,30,67.2,"26.6"
"Wade Jr., LaMonte",664774,2023,29,"72.8",26.3,"7",10.7,-6.7,44.9,32.1,"88.4","17.4",33.6,9.1,5.8,28.1,24.3,7.3,39.8,62,12.4,17.9,51,"26.0"
"Zavala, Seby",664874,2023,29,"68.9",15.3,"7.2",17.8,-3.5,51.4,40.9,"87.5","14.9",34.9,5.5,8.3,28.4,23.9,8.3,36.7,71.4,26.5,36.3,37,"26.4"
"Brown, Seth",664913,2023,30,"73.8",32.3,"7.3",12,-8.7,54.1,32.1,"90.5","16.4",32.7,12.2,9.8,29.4,23.7,4.1,46.5,71.3,17.5,31.1,39.7,"27.3"
"McCarthy, Jake",664983,2023,25,"68.8",7.1,"6.9",10.8,-3.1,56.4,34.6,"85.3","7.5",32,2.3,6.8,17.8,39.3,9.1,23.7,71,12.2,31.6,54.4,"30.0"
"Maton, Nick",665155,2023,26,"69.5",7.1,"6.4",14,-3.3,39.4,38.8,"86.1","18.2",31.8,8.4,2.8,37.4,27.4,5.6,31.5,67.5,23.3,25.9,50.9,"27.2"
"Peña, Jeremy",665161,2023,25,"71.7",16.2,"8",10.8,-3,49.8,33.3,"88","5.5",32.4,4,5.3,18.9,39.1,4.2,35.8,73.2,13.3,36,44.9,"29.4"
"Tatis Jr., Fernando",665487,2023,24,"72.9",30.1,"7.4",11.9,-0.5,63.6,30.5,"91.9","11",31.5,11,7.8,20.8,32.4,2.7,49.3,78.8,22.6,32.3,52.3,"29.3"
"Guerrero Jr., Vladimir",665489,2023,24,"75.5",52.2,"7.6",2,-5.6,29.5,27.5,"92.1","10.5",32.4,11.1,6.1,22.1,33.6,3.8,49.2,74.2,15.3,28.9,58.9,"26.4"
"Soto, Juan",665742,2023,24,"74.6",48.3,"7.3",9.3,4.2,57.2,26.6,"93.2","6.7",28.5,13,7.6,17.1,35.5,3.1,55.3,57.8,14.2,16.6,60.2,"26.8"
"Taveras, Leody",665750,2023,24,"71.3",15.1,"7.4",4.4,-2.5,36.3,31.6,"90.1","10.2",35.2,7.2,5.5,21.4,34.4,2.7,43.1,70.9,16,28.2,55.5,"29.1"
"Amaya, Miguel",665804,2023,24,"73.7",37,"7.4",10.2,-6.6,63,27.8,"87","18.6",34.4,9.7,6.5,32.3,21.5,7.5,33.3,64.4,17.4,28.2,50,"26.0"
"Cabrera, Oswaldo",665828,2023,24,"70.2",5.9,"7.2",11.2,-0.3,53.4,32.8,"87.8","13.4",27.7,3.5,5.2,29.9,33.3,7.8,32.5,71.9,16.6,27.8,57.6,"27.8"
"Chisholm Jr., Jazz",665862,2023,25,"73",31.1,"7.5",15.6,-2.3,55.6,36.2,"90.3","10.7",25.3,12.2,6.3,20.7,34.6,6.8,41.8,64.4,27.3,27,44.2,"28.4"
"Ruiz, Esteury",665923,2023,24,"70.1",12.6,"7.4",10.9,-2,49.5,35.2,"82.7","9.9",32.7,2.5,3.4,22.8,38,8.2,20,69.9,17.1,34.5,58.6,"29.6"
"Giménez, Andrés",665926,2023,24,"68.8",5.9,"7",10.7,-1.2,49.8,32.3,"84.8","13.1",29.9,5.5,4.2,27.2,31.6,10,27,71.1,18.4,40,63.5,"29.2"
"Fermin, Freddy",666023,2023,28,"68.8",6.8,"7.3",11.2,1.9,51.1,38.6,"89.9","11.7",35.1,9.9,3.5,21.1,32.7,5.8,42.7,80.8,16.3,30,55.6,"27.1"
"Jones, Nolan",666134,2023,25,"72.4",27.9,"6.8",6.8,2,41.3,37.5,"90.1","9.8",34.7,15.7,3.7,21.5,29.3,5.4,41.3,57.5,28.3,26.1,60.4,"28.4"
"Kirilloff, Alex",666135,2023,25,"70.3",4.4,"7.5",16.6,4.2,52.2,34.2,"88.6","12.4",40.2,7.4,8.3,22.1,28.9,3.4,37.7,64.8,17.4,33,56,"27.2"
"Lowe, Josh",666139,2023,25,"73.9",40.7,"7.2",5.9,0.6,42.8,35.7,"89.1","14.3",36.2,11,4.1,25.2,29.9,3.2,39.7,73.3,22,35.8,55,"28.7"
"Moniak, Mickey",666160,2023,25,"72.9",28.9,"7.7",13.7,-4.6,47.1,35.2,"89","19.7",38.9,12.6,3.5,27.8,19.7,5.1,39.2,78.4,28,46.7,44.2,"28.6"
"Sabol, Blake",666165,2023,25,"71.6",11.9,"7.4",17.6,1,46.6,37.7,"89.1","16.1",31,11.2,6.1,23.4,31,10.2,38.6,75.7,27.9,28,42.8,"27.4"
"Benson, Will",666181,2023,25,"70.3",9.9,"7.4",13.1,-0.5,53.3,34.8,"90.2","14.6",40.5,10.3,9.2,23.2,25.9,3.8,42.2,65.9,23.6,19.4,41.7,"28.8"
"Bichette, Bo",666182,2023,25,"70.3",16.3,"7.2",4.8,4.2,36.8,38.8,"90.2","6.2",38.3,9.6,6.1,14,32.6,5.3,44.9,77.1,13,36.4,62,"27.1"
"Carlson, Dylan",666185,2023,24,"69.9",9.6,"7",11.2,-1.4,55.8,38,"89.3","15",34.1,5.8,8.1,27.2,32.4,1.7,37.6,68,17.5,24.9,63.9,"27.6"
"Naylor, Bo",666310,2023,23,"72.1",24.2,"7.3",9.5,-0.8,51.2,30.9,"87.7","21",37,8.2,3.4,38.4,24.7,2.1,30.8,66.5,15.1,23.9,60.8,"27.4"
"Julien, Edouard",666397,2023,24,"71.1",11.8,"6.8",13.2,10.5,46.7,44.4,"89.5","8",38.8,13.1,7.5,14,38.3,2.3,44.9,61.3,22.2,14.3,41.9,"27.0"
"Morel, Christopher",666624,2023,24,"75.8",56.6,"8",13.9,-6.7,73.8,28.5,"92.1","12.4",29.5,15.9,5,24,31.8,3.1,50,71.9,28,28.9,41.9,"28.6"
"Castro, Rodolfo",666801,2023,24,"72.1",17.9,"7.7",14,-5.8,46.4,37.5,"87.2","7.6",27.9,7.8,2.6,22.7,41.6,5.2,35.1,68.6,21.7,27.4,40,"27.3"
"Alu, Jake",666906,2023,26,"67.9",2.4,"6.7",9.4,-0.8,46.2,35.5,"88.6","5.1",35.8,2.5,5.8,17.5,43.3,1.7,33.3,66,20.3,32.9,60.2,"28.1"
"García, Adolis",666969,2023,30,"73.7",39.2,"7.9",12,-1.4,60.1,31.2,"92.1","15.7",36,16.1,8.5,25.4,28,2.1,49.7,71.5,23.6,29.4,51.8,"27.3"
"Gurriel Jr., Lourdes",666971,2023,29,"69.9",4.8,"7.3",8.6,-1.2,49.2,34.9,"89.7","10.6",35.3,8.4,6.9,23.6,33.6,2.9,46,67.5,11.8,30.4,65.8,"27.1"
"Julks, Corey",667452,2023,27,"71.4",10.9,"7",8.2,-4.1,40,37.3,"87.9","17",36,4.9,5.3,29.8,28.9,3.1,36,62.5,18,30.2,60.6,"28.4"
"Rooker, Brent",667670,2023,28,"73.6",34.2,"7.2",12.9,-4.2,43.7,37.4,"91.6","17.6",37.3,15.6,7.1,28.5,23.1,3.4,49.5,66.1,26.5,27.4,35.4,"27.1"
"Arozarena, Randy",668227,2023,28,"72.9",32.4,"7.5",10.5,0.7,66,25.7,"91.7","11.3",31.8,12.3,7.8,24.3,32.8,3,48.4,61,23.5,27.5,60,"28.4"
"Pratto, Nick",668472,2023,24,"69.6",6.8,"7.1",13.6,-8.8,33.5,41.3,"87.5","13.4",40.7,8.1,6.4,24.4,26.2,3.5,41.9,58.8,21.8,27.5,36,"26.3"
"Rogers, Jake",668670,2023,28,"70",4.5,"7.4",16.8,0.3,55.9,31.9,"90.4","14.7",40.3,12,10.2,22.2,27.3,4.2,45.6,66.3,25.4,22.7,48.3,"27.2"
"Bleday, JJ",668709,2023,25,"72.6",19.3,"7.3",16.5,-2.1,60.2,34.9,"88.6","15.5",29.9,6.4,4.3,32.6,33.2,2.1,35.3,68.5,20.6,20.2,47.6,"27.2"
"Steer, Spencer",668715,2023,25,"71.5",11.6,"7.4",10.5,-6.1,52.6,29.7,"88.7","15.3",35.3,6.7,6.5,29.5,28,3.1,37.1,63.1,17.2,23.9,57,"28.4"
"Baddoo, Akil",668731,2023,24,"72.2",29.3,"7.6",11.5,0.8,47.2,30.5,"88.1","10.8",26.5,6.2,3.5,27,36.7,3.5,36.8,68.6,15.1,25.7,48.1,"29.0"
"Knizner, Andrew",668800,2023,28,"71.5",14.3,"7",9.8,-2.8,66,25.8,"89.6","14.3",26.8,7.9,6.7,30.5,29.3,5.5,40.9,72.1,21,37,60.5,"25.9"
"Reynolds, Bryan",668804,2023,28,"70.2",10.9,"6.9",13.3,0.5,47.8,38.5,"90.9","10.9",36.9,11.1,6.6,19.5,32.4,1.6,47.3,73.1,17.9,25.8,47.3,"27.8"
"Vientos, Mark",668901,2023,23,"73.7",40.7,"7.5",14.9,0.5,57.7,33.4,"92.5","9.5",24.2,10.7,6,18.1,34.2,3.4,51,70.1,28.3,36.4,47.4,"26.3"
"Lewis, Royce",668904,2023,24,"75.3",53.8,"7.8",10.6,-5.8,71,25.6,"90.2","16.2",33.3,11.7,6.8,27.8,27.8,4.3,42,65.7,18.5,28.5,52,"28.2"
"Turang, Brice",668930,2023,23,"68.6",3.9,"6.5",5.3,0,39.3,29.3,"85.5","12.6",34.3,2.9,6.3,28.9,31.4,7,27,67.2,16.3,27.3,64,"29.4"
"Rutschman, Adley",668939,2023,25,"70.3",9.7,"6.9",9.2,1.7,49.7,37.6,"88.4","12.6",37,7.5,6.5,23.8,30.3,3.3,38.6,60.7,10.7,23.4,72.9,"27.0"
"Rojas, Josh",668942,2023,29,"67.8",0.9,"7.3",12,-3,59,33.3,"87.1","13",35.6,3.8,5.9,28.5,29.3,3.3,28.9,61.8,16.4,25.9,56.5,"26.7"
"Melendez, MJ",669004,2023,24,"72.1",21.2,"7.7",14.2,1.4,48.9,32.1,"93.2","16.9",34.6,11.4,8.2,29.4,24,1.1,49.6,69.3,27.4,26.8,47.9,"27.6"
"Marsh, Brandon",669016,2023,25,"71.8",14.5,"7.2",10,3.7,42.2,40.7,"91.3","12.4",37.7,9.1,8.3,22.3,30.2,3,48.7,61.5,17.5,25.6,51.3,"28.6"
"Langeliers, Shea",669127,2023,25,"74.7",48.1,"7.2",12.4,-4.4,64.6,29.6,"90.6","19.6",30.8,13.3,6.8,33.1,26.9,2.9,44.5,70,24,31.1,50.2,"28.4"
"Campusano, Luis",669134,2023,24,"68.8",5.9,"7.6",8.1,-1.8,64.9,26.6,"88.5","13.2",38.5,7.7,5.6,21,29.4,2.1,40.6,74,14,35.5,73.1,"25.8"
"Murphy, Sean",669221,2023,28,"74.4",47.2,"7.8",10.8,-1.6,50.6,31.3,"91.5","13.1",38.1,16.1,6.2,23.8,30,2.9,45.8,69.5,19.1,23,53.9,"26.0"
"Senzel, Nick",669222,2023,28,"69.6",2.5,"7.6",11.4,-4.5,54.1,33.2,"87.4","15.2",29.3,4.8,5.7,29.7,27.9,3.9,34.1,70.7,15,26.8,60,"28.3"
"Edman, Tommy",669242,2023,28,"70.9",16.1,"6.9",7.4,-0.5,55.1,24.3,"89.1","7.5",27.9,5,5.7,23.1,38.1,3.7,38.8,61.9,7.8,28.6,65.1,"28.8"
"Smith, Will",669257,2023,28,"68.6",3,"7.2",8.9,1.6,61.3,35.2,"89.3","15.6",37.5,6.7,9.3,29.5,27.1,2.3,41.6,67.9,16.2,25,72.4,"27.2"
"Suwinski, Jack",669261,2023,24,"73.8",36.2,"7.3",11.5,-5,48.9,34.3,"90.5","22.4",34.2,15.7,7.5,34.2,20.6,3.6,43.4,61.1,22.2,18.2,44.9,"28.6"
"Espinal, Santiago",669289,2023,28,"69.4",4.9,"7.5",6.9,-0.3,56.7,32.9,"87","11.4",33,1,5.1,26.9,34,4.6,29.4,63.7,11.5,25.3,67.5,"26.9"
"Miranda, Jose",669304,2023,25,,,,,,,,"87.9","10.1",29.7,4.2,4.2,22.9,40.7,0.8,37.3,73,18.2,34.9,63.2,"26.6"
"Gorman, Nolan",669357,2023,23,"74",37.3,"7.5",18.8,-1.8,38,36.7,"91","22.2",38.8,16.5,7.3,29.6,19.6,2.7,48.5,72.9,28.2,27.6,46.9,"26.5"
"Burger, Jake",669394,2023,27,"76.1",65.2,"7.7",9.4,-8.6,59.9,24.3,"91.9","12.3",33.4,16.7,6.9,20.7,30.8,2.9,49.6,70.8,21.5,38.5,44.5,"28.0"
"Allen, Nick",669397,2023,24,"66.2",0.6,"6.5",4.9,0.9,43.5,27.7,"84.8","6.8",29,1.2,3.9,24.3,42.5,8.5,26.6,68,10.9,29.1,60.4,"27.9"
"Schmitt, Casey",669477,2023,24,"70.5",15.7,"7.2",7.6,-3,47.1,34,"88.1","15.1",32,6.7,3.6,28.9,30.4,5.2,34,71.5,17.1,38.5,54.1,"28.0"
"Smith, Josh",669701,2023,25,"69.5",5.1,"6.4",8.4,0.2,45.6,35.3,"88.5","12.5",30.8,10.5,7.7,25.9,32.2,4.2,36.4,62.2,14.1,22.2,58.3,"28.5"
"Triolo, Jared",669707,2023,25,"69.3",2,"8",12.1,-3.6,48.8,39.8,"86.6","10.6",39.5,5.9,6.7,21,27.7,4.2,33.6,62.8,22.4,25.9,44.6,"28.4"
"Hays, Austin",669720,2023,27,"71.8",14,"7.1",11.5,-1.4,60.3,28.6,"89.4","10.4",31,8.9,7.6,25.5,32.3,2.1,40.1,63.8,17.4,30.9,50.9,"27.4"
"Call, Alex",669743,2023,28,"70.2",14.2,"7.2",11.8,-6.1,59.4,29.4,"86.8","17",30.5,5.3,5,34.8,27.5,7.9,30.1,61.3,12.5,19.8,63,"28.8"
"Toglia, Michael",669911,2023,24,"75.2",52.8,"7.6",12.4,-4.3,36.9,34.5,"90.2","16.7",31.9,5.5,7.7,28.6,24.2,4.4,44,71.8,20.9,30.3,23.7,"28.0"
"Lopez, Nicky",670032,2023,28,"65.4",0,"6.8",9.7,10.3,54.4,30.1,"86.7","0.5",32.1,1.1,5.3,16.3,47.9,4.7,23.7,67.9,15.4,26.7,59.8,"27.7"
"Raley, Luke",670042,2023,28,"75.7",60.4,"7.5",14.6,-7.9,58.7,28.8,"91.1","17.3",29.3,12.9,5.2,26.7,30.6,3.9,45.7,74.7,26.8,31.3,35.5,"28.8"
"Short, Zack",670097,2023,28,"70.5",1.7,"7.1",10.3,-2.9,61,32.2,"87.6","21.2",33.3,8.8,6.3,34.6,24.5,5.7,33.5,64.2,18.6,16.4,47.4,"28.1"
"Wallner, Matt",670242,2023,25,"77.4",75.9,"7.5",13.4,-1.3,49.5,34.3,"91.9","21",32.3,18.8,6,31.6,23.3,3.8,48.1,69.8,31.4,26.9,52.3,"28.0"
"Alvarez, Yordan",670541,2023,26,"76.7",70.7,"7.6",10,-5.7,45.2,34.3,"93.3","17.1",35.7,18,7.1,27.3,23.3,3.1,52.2,64.7,13.3,26.1,58.5,"26.3"
"Paredes, Isaac",670623,2023,24,"68.1",4.5,"8.1",15.8,-17.1,56.5,33,"86.9","22.2",32.4,5.9,5.9,35.5,24.2,3.3,28.5,66,10.8,28.3,67,"26.1"
"Walls, Taylor",670764,2023,26,"69.3",4,"7.3",14.2,-4.3,61.6,32,"86.7","19.1",32.1,3.3,5.7,36.8,25.9,3.8,28.8,65.6,21.6,17.8,50,"28.2"
"Friedl, TJ",670770,2023,27,"68.6",3.6,"6.7",8.4,-9.7,58,28.5,"86.7","16.1",32,3.2,2.2,30.6,26.9,10.3,27.6,59.1,11.4,24.6,64.2,"28.3"
"Casas, Triston",671213,2023,23,"75.8",61.6,"7.8",13.5,-2.2,50.9,38.3,"91.1","15.7",36.1,13.1,7.5,28.5,27.2,2.3,46.6,66.5,22.7,22.1,56.4,"24.9"
"Waters, Drew",671221,2023,24,"73",31.9,"6.9",14.7,-0.3,43.6,42.3,"87.4","17.2",38.4,10.1,7.6,25.3,24.7,4.5,35.9,73,23.1,31.8,48,"28.7"
"García Jr., Luis",671277,2023,23,"71.4",18.8,"7.2",10.4,0.8,58.9,31.5,"88.3","4.6",31.9,5.8,6.3,18.2,42.8,2.8,36.5,74.1,12.5,30.8,71.1,"27.2"
"Freeman, Tyler",671289,2023,24,"72.3",21.9,"7.4",3,-1.1,26.9,33.3,"85.8","6.2",38.9,3.2,7.1,15.1,37.3,11.1,38.1,66,11.9,29.2,68.8,"28.6"
"Harris II, Michael",671739,2023,22,"73.7",34,"7.9",5.6,0.7,44.5,29.5,"90.9","7.6",34.6,10,5.9,18.1,35.5,4.4,48.5,68.2,17.8,38.1,64.2,"28.8"
"Bailey, Patrick",672275,2023,24,"70.1",6.9,"7.3",10.9,-0.9,50,33.7,"88.7","10.2",36.2,10,4.4,20.5,33.6,3.5,38.4,65.1,18.1,26.6,52.7,"26.2"
"Kelenic, Jarred",672284,2023,23,"72.2",21.3,"7.1",12.5,-1.3,48,31.9,"90.9","10.1",38.8,9.5,9.9,16.9,31,1.7,45.5,66.4,22.7,28.6,42.3,"28.0"
"Arias, Gabriel",672356,2023,23,"74.9",47.8,"7.5",7,3.9,45.6,29.3,"91.1","3.7",31,9.9,5.4,17.2,40.9,4.4,46.3,76.8,29.2,33.2,42,"28.0"
"Kirk, Alejandro",672386,2023,24,"70.1",18,"7.2",5.8,1.9,52.7,22.9,"87.6","6.3",31.9,5.2,5.5,20.4,37.7,5.2,38.3,57.4,7.5,26.7,76.4,"23.7"
"Diaz, Jordan",672478,2023,22,"73.3",33.4,"7.5",7.4,-0.3,47.9,26.5,"90","5.4",29.9,6.4,8.8,17.6,46.1,2.5,43.6,76.3,16.3,37,44,"25.3"
"Moreno, Gabriel",672515,2023,23,"70.3",13.6,"7.1",7.5,7.5,41.7,35.3,"89.8","4.2",32.6,4.8,6.2,15.4,42.1,2.9,41.8,57.3,12,26.3,62.2,"27.2"
"Garcia, Maikel",672580,2023,23,"69.8",5,"7.1",7.3,8.2,58.8,28.6,"91.8","6.1",36.9,3.9,9.4,16.1,35.3,2.8,50.6,63.6,15.6,20.6,67.2,"28.2"
"Perdomo, Geraldo",672695,2023,23,"65.7",2.5,"6.7",9.4,-1.1,47.9,35.8,"85.7","16.4",35.4,0.9,4.4,35.7,28.3,10.3,19.5,59.4,10.6,17.2,67.8,"27.2"
"Peraza, Oswald",672724,2023,23,"71.9",20.7,"7.4",10.2,-8.1,47.7,26.9,"87.2","9.8",27.6,4.1,4.1,22.8,42.3,6.5,28.5,72.9,22.5,27.8,41.3,"28.7"
"Marcano, Tucupita",672779,2023,23,"65.7",3.3,"7.4",14.6,-0.7,63.3,34.6,"88.3","14.4",32,5.2,5.2,27.9,26.7,8.7,34.9,72.4,10.1,29.4,69.9,"27.6"
"Sosa, Lenyn",672820,2023,23,"70.8",15.9,"7.4",9.6,5.4,53.4,35.5,"89.4","14.1",30.5,7.8,6.3,25,28.1,7,38.3,65.4,16.3,40.6,63.5,"27.6"
"Diaz, Yainer",673237,2023,24,"73.7",36.8,"7.5",11.1,3.9,55,30.3,"90.3","11.5",36.9,12.2,7.3,21.3,31,3.5,43.9,76.4,17.2,44,57.6,"27.6"
"Robert Jr., Luis",673357,2023,25,"75.9",62.7,"7.9",11.9,-6.2,51.8,35.2,"89.1","16.1",38,15.4,5.6,25.8,25.3,4.8,42.3,78.1,21.4,40.6,45.7,"28.7"
"Kim, Ha-Seong",673490,2023,27,"67.6",3.7,"6.9",6.2,-1.8,53.9,25.2,"86.2","13.6",36.1,4.2,5.7,29.5,30.2,4.7,26.7,55.1,14.8,20.4,72.8,"28.5"
"Suzuki, Seiya",673548,2023,28,"72.5",31.1,"7.1",4.8,1.2,42.1,31.5,"91.4","10.8",36.5,10.5,8.2,20.2,30.6,3.1,48,60.5,15.8,19.8,60.5,"28.5"
"Jung, Josh",673962,2023,25,"71.4",13.1,"7",12.5,1.8,45.3,38.9,"91.8","15",41.9,11.9,7.9,25.5,25.5,1.8,47.4,72.7,20.6,32.9,52.1,"26.8"
"Westburg, Jordan",676059,2023,24,"70.3",8.2,"6.9",11.3,-2.9,61.4,31.3,"90.2","13.4",38.1,6.5,10.3,23.9,29.7,1.9,44.5,69.9,18.2,28.4,55.6,"28.9"
"Noda, Ryan",676116,2023,27,"72.3",27.6,"7.3",15.1,-1,46.7,34.9,"91.2","16",38.2,13,8.8,25.2,25.6,4.6,45,65.7,27.6,19.2,29.9,"27.3"
"Velázquez, Nelson",676369,2023,24,"72.9",29.7,"7.5",14.8,-6.7,63.6,32.3,"91","14.4",31.3,21.4,2.7,26.8,29.5,4.5,49.1,73.6,24.7,29.4,46.4,"27.2"
"Burleson, Alec",676475,2023,24,"70.4",12.2,"7.6",10.6,-0.1,53.4,32.1,"89.9","12.4",36.6,5.9,8.4,24.9,31.1,5.1,41,71.5,11.7,34,70.6,"25.6"
"Caballero, José",676609,2023,26,"69.3",19.6,"6.7",9.6,-5.5,63,33.8,"83.3","21.5",33.1,3.6,4.1,36.1,24.9,7.1,23.7,57.5,15.3,29,61.4,"29.0"
"Meyers, Jake",676694,2023,27,"69.2",9.1,"7.1",11.7,-7.1,45.5,31.2,"86","13.9",34.7,6.3,6.8,29.3,33.3,4.1,27.9,69.4,17.9,26.8,48.9,"29.2"
"Trejo, Alan",676701,2023,27,"67.8",2.4,"7",12.3,0.4,49.4,37,"85.5","14.6",36.5,4.4,6.3,23.3,32.7,3.8,22.6,69.8,14.4,32.4,62.8,"26.4"
"McCormick, Chas",676801,2023,28,"71",10.1,"7.4",18.6,6.7,42.4,38.6,"88","14.6",38.4,11.1,8.7,23.5,26.6,6.2,38.8,70.6,22,30.2,55.4,"28.2"
"Franco, Wander",677551,2023,22,"71.9",20.4,"6.8",7.9,4.7,55.7,31.2,"89.4","8.9",35,7.7,5,18.8,36.3,2.1,43,63.3,9.4,26.2,71.7,"27.5"
"Rodríguez, Julio",677594,2023,22,"77.2",70.4,"8",7.9,-4.8,49.4,33.4,"92.7","8.5",31.8,11.9,7.3,20,36.4,3.3,52,72.1,16.7,37.4,51.4,"29.6"
"Duran, Ezequiel",677649,2023,24,"73.4",37.9,"7.4",8.2,0.7,47.7,27.4,"90.1","14",36.3,8.7,6.9,25.3,29.1,4.2,43.9,72.2,19.9,37.7,56.8,"29.1"
"Thomas, Alek",677950,2023,23,"70",6,"6.8",8,0.2,60.6,27.9,"88.9","2.2",28.3,5.1,6.8,15.7,43.7,4.4,41.6,63.7,13.5,33.6,51.2,"28.8"
"Witt Jr., Bobby",677951,2023,23,"75.1",53.6,"7",5.9,-0.6,50,30.8,"90.7","15.7",34.4,11.5,7.2,25.9,30.1,3,45.6,71,16.7,30.7,63.5,"30.5"
"Bae, Ji Hwan",678225,2023,23,"67.1",1.9,"6.7",1,10.7,25.8,32.3,"88.1","1.1",24.3,2,4.5,14.6,48.2,7.7,36.8,67.2,18.3,28.8,58.8,"29.7"
"Vargas, Miguel",678246,2023,23,,,,,,,,"86.8","16.6",32,6,7.5,35,27.5,5.5,31.5,68.2,17.4,20.8,61.9,"27.9"
"Tovar, Ezequiel",678662,2023,21,"72",21.5,"7.5",9.1,-2.6,39,37.5,"88","12.6",36.4,8.1,3.6,24.5,28.8,4.8,36.2,79.8,19.2,42,48.4,"28.1"
"Peguero, Liover",678894,2023,22,"73.1",28.8,"7.3",4.7,-5.5,39.7,27.3,"89.3","4.1",27.6,5.2,3.7,18.7,40.3,5.2,39.6,72.9,20.4,28.4,45.5,"29.3"
"Rojas, Johan",679032,2023,22,"70.3",13.6,"7.3",6.4,-1.4,53.9,23.6,"86.6","7.3",29.2,0.9,2.7,20.4,33.6,13.3,28.3,67.5,14.9,40.4,54.5,"29.5"
"Torkelson, Spencer",679529,2023,23,"75.1",50.5,"7.6",10.9,-8.2,55.6,31.5,"91.8","17.1",33.2,14.1,7,29.3,26.4,1.4,50.9,67.6,17.6,23.6,54.1,"27.4"
"McLain, Matt",680574,2023,23,"70.3",9.6,"7",13.8,0.5,52.2,33.3,"89.3","13.8",39.6,10.8,7.6,23.6,25.2,5.2,42.4,57.7,19.9,25.4,52.9,"29.0"
"Kwan, Steven",680757,2023,25,"64.1",0.2,"6.4",2,0,31,34.9,"86","10.7",37.7,1.1,2.8,26.3,38.1,2.5,18.8,59,6,21.3,72.7,"28.1"
"Duran, Jarren",680776,2023,26,"73.5",35.2,"7.7",5.1,0.4,40.4,31.4,"89.9","10.7",32,5.3,9.8,21.7,31.6,4.1,46.3,73.2,13.9,30.1,49.8,"29.5"
"Jeffers, Ryan",680777,2023,26,"73.9",43.7,"7.7",11.8,-3.8,49.8,31.8,"90.5","17.2",34.2,11.6,5,27.1,24.1,7.5,42.7,62.1,20.2,30.3,54,"26.5"
"Davis, Henry",680779,2023,23,"73.2",32.2,"7.2",10.6,-13.9,60.2,26.8,"88.6","12.5",35,7,5.7,26.1,29.3,6.4,41.4,62.8,14.8,29,50.6,"28.2"
"Gelof, Zack",680869,2023,23,"71.5",11.4,"7.1",16,4.3,56,34.7,"89.8","11.8",38.6,11.1,7.9,21.7,30.7,3.7,41.3,71.6,27.6,28.9,51.2,"29.0"
"Miller, Owen",680911,2023,26,"69.2",4.4,"6.6",10,-1.2,53.3,33.1,"86.3","12.9",34.2,3.4,6,29.9,29.9,3.8,30.8,63.8,13.4,31.5,70.6,"29.0"
"Donovan, Brendan",680977,2023,26,"69.4",2.5,"6.8",5.2,5,42,30.8,"89.3","10.6",37.3,5.8,7.6,19.6,33.3,4,40.6,63.4,9.2,22.9,69.9,"27.1"
"Stott, Bryson",681082,2023,25,"68",0.7,"7",6.3,6.5,48.7,32.2,"88.1","10.1",36.4,4.7,5.3,25.1,35.6,2.8,35.2,59.1,11.3,29.5,76.1,"28.8"
"O'Hoppe, Logan",681351,2023,23,"70",8.2,"7.4",16.2,-8.5,54.3,31.6,"90.5","19.6",31.9,15.6,6.7,26.7,29.6,0.7,46.7,70.2,18.9,33.9,42.1,"27.9"
"Carpenter, Kerry",681481,2023,25,"70.6",9.2,"7.4",15.4,3.4,53.6,34.3,"90.1","13.1",37.2,10.2,8.6,21.4,29.3,2.3,44,72.2,18.5,33.4,55.7,"28.1"
"Outman, James",681546,2023,26,"73.4",33.7,"7.8",11.3,-2.4,46.3,35.3,"87.9","15.7",38.2,11.1,3.9,25.5,25.5,6.2,39.9,68.6,26.7,25.3,38.7,"28.9"
"Alvarez, Francisco",682626,2023,21,"74.6",48.5,"7.4",8.5,-2.7,55.3,29.2,"90.1","12.5",28.6,12.8,8.1,24.9,36.6,3.3,45.1,65.9,23.1,26.1,48.4,"26.4"
"Matos, Luis",682641,2023,21,"72.2",21.4,"7.1",2,-1.3,37.9,24.5,"87.1","6.3",38.6,2,7.1,23.9,37.1,6.1,31,69.9,9.4,25.4,63.3,"27.7"
"De La Cruz, Elly",682829,2023,21,"76.7",65.6,"7.5",6.4,1.6,42,36.4,"91.2","3.6",30.5,8.5,4.5,12.6,44.3,2.4,45.9,60.7,19.4,32.8,54.5,"30.5"
"Rodríguez, Endy",682848,2023,23,"69.9",8.6,"7.2",10.3,-5.3,53.4,33.1,"89.1","16.5",35.5,5.1,8,31.9,28.3,2.2,36.2,68.1,12.7,26.4,57.9,"27.8"
"Abrams, CJ",682928,2023,22,"71.6",20.7,"7.3",10,0.2,52,28.5,"87.4","13.5",32.6,6.9,7.5,26.2,31,6.7,35.9,72,15.7,35.1,63.8,"28.6"
"Greene, Riley",682985,2023,22,"75.5",53,"7.2",12.5,3,39.4,43.2,"91.6","6.6",36.8,11.3,8.3,12.4,35.3,2.3,47.3,68.4,20.4,26.5,53,"28.1"
"Carroll, Corbin",682998,2023,22,"73.3",30.1,"6.8",5.5,1.7,46.2,26.2,"90","11",32.7,7.6,7.8,22.7,34.2,5.3,40.9,65.3,14.4,28,62.8,"30.1"
"Henderson, Gunnar",683002,2023,22,"75.5",57.6,"7.3",10.3,2.5,49.4,32.9,"92","11.4",32.9,11.4,7.9,20.8,32.9,3.5,52,66.7,20.4,26.6,58.4,"28.8"
"Volpe, Anthony",683011,2023,22,"70.9",9.1,"7.1",12.5,-2,57.2,33.7,"88.7","14.2",35.5,9,7.7,23.9,31.3,5,43,67.2,19.3,28.7,50.7,"28.4"
"Baty, Brett",683146,2023,23,"75.8",58.1,"7.7",9.2,1.2,46,37.7,"89.5","6.6",33.3,7.7,6.5,18.3,37.8,5.3,44.3,64.3,21.7,27.6,44.4,"27.3"
"Vaughn, Andrew",683734,2023,25,"70.2",10.5,"7.6",9.7,-5.5,57.3,29.5,"90.6","11.2",30.3,8.4,7.3,23.9,33.7,2.5,46.5,64.8,13.4,31.7,56,"25.5"
"Frelick, Sal",686217,2023,23,"67.3",2.7,"7.1",6.3,0.8,44.5,27.2,"83.3","8.1",29.3,2.5,2.5,23.6,42,5.1,23.6,58.3,9.4,29,75.9,"28.6"
"Pasquantino, Vinnie",686469,2023,25,,,,,,,,"89.3","17.4",37.8,7.5,8.5,29.9,23.4,3,40.3,62.8,9.2,32.4,68.8,"25.8"
"Canzone, Dominic",686527,2023,25,"70.9",12.6,"7.2",17.6,-2.7,47.1,35.3,"89.7","16.3",31.9,12.1,6.4,25.5,27.7,3.5,42.6,67.1,16.8,41.8,60.6,"26.7"
"Doyle, Brenton",686668,2023,25,"71.2",12.2,"7.2",14.4,3.1,60.9,32.7,"88.3","11.7",29.9,8.7,4.3,22.8,34.6,9.8,35,73.8,24.3,32.2,38.7,"29.9"
"Massey, Michael",686681,2023,25,"70.8",9.5,"7.2",12.2,-5.8,57.8,33.6,"88.6","19.7",38,7.8,7.5,32.9,21.6,4.2,39.5,72.5,13.7,32.3,58.6,"27.3"
"Brennan, Will",686823,2023,25,"68.2",2,"6.9",2.6,4.4,33.7,33.3,"85.7","9.4",35.8,2.4,2.9,22.8,35.5,5.6,29.2,73.4,13.1,38.2,70.9,"28.3"
"Wiemer, Joey",686894,2023,24,"71.7",21.4,"7.4",9.8,-8.4,63.7,23.6,"89.3","10.5",28.9,9.1,4.3,25.7,37.9,4,39.1,65.9,25.1,29.1,47.9,"28.9"
"Neto, Zach",687263,2023,22,"69.4",6.7,"7.2",18.2,-4.5,48.1,36.1,"89.1","14.5",33.8,8.8,7.4,29.6,28.7,4.2,40.3,69.8,19.4,25.2,44.7,"27.7"
"Encarnacion-Strand, Christian",687952,2023,23,"73.4",33,"7.3",14.3,-1.1,48.8,36.4,"90.3","18.6",38.6,10.5,8.5,26.1,20.3,5.2,48.4,70.9,18.3,36.5,51.4,"27.6"
"Walker, Jordan",691023,2023,21,"74.9",54.3,"7.8",5.3,-7.8,40.9,36.6,"89.4","10.2",33.6,7.5,7.9,21.4,33.3,5.3,42.5,72.4,18.7,33.2,48.1,"28.5"
"Colás, Oscar",693049,2023,24,"75.5",57.1,"7.7",7.5,-4,40,33.3,"88.9","7.1",28.1,7.9,5.1,22.5,34.8,6.2,40.4,70,19.8,39.9,50,"27.0"
"Yoshida, Masataka",807799,2023,29,"71.4",19.8,"7.3",5.9,0.5,40.4,31.1,"89","3.9",29.5,6.6,3.9,17.2,41.9,3.9,40.6,58.6,13.5,27.3,71,"26.2"
"Peralta, David",444482,2024,36,"71.4",19.3,"7.2",5.9,-1.8,41.7,31,"88.1","8.9",36.8,5.5,4.9,18.7,39,4.4,42.3,70.6,16.9,32.6,49.4,"26.9"
"Blackmon, Charlie",453568,2024,37,"67.4",2.4,"7.1",9.6,-5.8,55.7,31.1,"84.8","16.3",34.1,5.2,4.4,29.7,27.7,4.7,27.2,66.2,13.3,29.5,67.3,"27.4"
"Solano, Donovan",456781,2024,36,"67.1",1.4,"7",8.6,-1.5,45.4,35,"87.3","13.7",37,3.7,7.3,21.9,31.1,4.1,37.4,63.8,13.6,29.6,54.1,"25.5"
"McCutchen, Andrew",457705,2024,37,"72.7",25.3,"7.6",12.7,-0.2,56.4,33.4,"88.5","14.3",31.9,12,5.7,26.8,32.8,3.5,36.9,65.6,22.3,17.2,44.8,"26.8"
"Turner, Justin",457759,2024,39,"65.1",0.8,"6.3",9.3,-0.4,52.3,34.5,"87.1","17.8",40.1,4.6,6.7,32,23.9,3.2,32.5,65.6,11.5,25.2,68.7,"25.4"
"Santana, Carlos",467793,2024,38,"71.8",19.4,"7.6",11.8,-5,63.3,27.1,"89.2","16.1",30.9,7.3,6.6,32.3,27.8,2.6,39.9,64.9,16.6,23.4,59.7,"25.9"
"Rojas, Miguel",500743,2024,35,"67.9",4.2,"7",3.9,-4.5,37.7,31.1,"85","9.7",33.2,2.5,2.2,22.4,35,7.6,27.8,65.3,8.5,27.3,73,"25.8"
"Pham, Tommy",502054,2024,36,"72.6",21.8,"6.9",7.6,3.2,53.5,27.8,"90.4","11",32.2,7.2,7.8,23.6,32.2,2.7,42.7,59.8,15.9,18.7,53.8,"27.2"
"Martinez, J.D.",502110,2024,36,"73",28.6,"8.4",12.5,-0.1,49.3,38.7,"91","14.4",39.3,14.9,4.4,23.7,27.5,2.4,46.1,69,18.2,29.8,40.1,"25.8"
"Goldschmidt, Paul",502671,2024,36,"72.5",24.3,"7.8",11,2,53.3,32,"91.2","13.1",34.3,10.7,8.9,22,29,2.3,49.6,65.1,22.1,29.6,60.3,"26.3"
"Altuve, Jose",514888,2024,34,"69.4",13,"7.8",16.5,-4.1,49.4,30.2,"86.5","14.1",35.4,6.5,3.9,24.4,28.7,7.9,31.2,68.6,12.7,37.3,63.7,"27.1"
"Marte, Starling",516782,2024,35,"72.4",25.5,"7.3",8.3,1.4,47.7,36,"89.8","4.3",37.1,6.9,7.3,12.4,40.5,6.9,42.9,69.1,18.4,30.2,47.3,"27.1"
"d'Arnaud, Travis",518595,2024,35,"71.4",20.7,"7.8",12.8,1.1,57.1,32.3,"89.9","11.6",32.9,10.4,7.2,20.7,35.6,3.2,41,74.5,26.4,27.3,50,"25.7"
"Freeman, Freddie",518692,2024,34,"69.8",10.1,"6.8",7.9,1.4,40.3,42.5,"89.4","14.3",43.1,9.1,8.4,26,26,5.3,41.8,73.8,16.6,26.6,71,"25.8"
"Grandal, Yasmani",518735,2024,35,"70.3",8.5,"7.4",10.4,0.1,66,26.5,"91.1","11.1",31.8,9.8,6.4,22,34.7,2.3,42.8,54.2,14.9,25.5,67.3,"23.2"
"Heyward, Jason",518792,2024,34,"73.2",27.3,"8.2",11.2,-8.5,64.3,27.3,"88","10.4",29.8,5.6,3.4,24.2,37.1,5.1,41.6,68.1,13.9,32.2,55.9,"26.8"
"LeMahieu, DJ",518934,2024,35,"67.3",5.3,"7.1",6.3,8.7,53,27.6,"88.5","1.9",31.8,5.8,7.5,16.2,45.1,2.9,37.6,59.5,8.2,29.1,62.5,"26.1"
"Rizzo, Anthony",519203,2024,34,"68.5",8.1,"6.8",9.4,-4.7,53.4,33.3,"86.7","14.3",31,4,4.7,27,32.1,3.6,33.2,65.9,10.6,33.6,64.9,"24.5"
"Stanton, Giancarlo",519317,2024,34,"81.2",98.6,"8.6",8.7,-2.7,60.4,26.2,"94.6","14.7",34.8,20.7,6.5,22.8,27.2,4,55.3,63.6,25.1,31,48,"24.6"
"Perez, Salvador",521692,2024,34,"73.2",33.3,"7.9",13.7,-6.9,53.6,34.8,"91.1","19",39.4,12.2,6.6,31.5,23.3,2.6,44.8,77.3,18.3,42.9,59,"24.5"
"Flores, Wilmer",527038,2024,32,"66",2.1,"6.9",10.7,-6.1,55,31.7,"83.5","21.4",36.6,5.9,5.4,35.5,26.3,4.8,27.6,60.6,7.2,28.5,72.9,"24.0"
"Ozuna, Marcell",542303,2024,33,"74",42.5,"7.4",15.4,-2.6,53.2,36.5,"92.1","14.4",40.5,15.5,11.4,19.1,25.2,3.4,53.4,72.5,22.6,26.5,49.6,"25.7"
"Grossman, Robbie",543257,2024,34,"67.5",2.2,"6.5",12.1,-4,49.2,35.1,"86.3","13.3",30.3,3.3,4.6,28.9,36.2,2,27.6,57,17.7,15.7,59.3,"27.7"
"Higashioka, Kyle",543309,2024,34,"71.8",17.1,"7.3",13.2,-9.3,61.6,32.3,"88.4","20.7",40.2,10.9,9.2,33.3,20.7,5.7,37.4,64.8,16.9,28.1,54.7,"25.4"
"McCann, James",543510,2024,34,"70.7",10.9,"6.9",10,-1.1,46.1,38.5,"87.4","14.4",38.9,8.6,9.3,24.7,29.6,5.6,37.7,69.6,17.9,33.6,51,"25.1"
"Rendon, Anthony",543685,2024,34,"68.3",1.9,"6.7",8.3,-3.1,51.5,33.4,"87.9","14.1",31.4,2.3,8.6,30.3,32,2.9,37.1,59.4,8.6,17.4,71.8,"26.8"
"Semien, Marcus",543760,2024,33,"68.3",4.2,"7.7",13.3,-6.7,57.4,32,"87.4","17",33,6.6,4.8,31.1,26.7,4.8,35.2,75.9,11.8,25.3,55.9,"28.5"
"Springer, George",543807,2024,34,"71.9",22.4,"7.4",10.8,1,52.2,33.8,"87.5","9.4",29.2,9.3,4.4,21.3,36.3,6.5,37.4,73,18.6,23.5,52.7,"28.1"
"Vázquez, Christian",543877,2024,33,"68.3",2.8,"7",10.4,-2.6,62.5,27.8,"88.5","16.1",36.1,3.8,6.3,29.8,27.3,4.6,36.6,68.4,14,34.2,64.9,"24.8"
"Vargas, Ildemaro",545121,2024,32,"69.6",8.4,"7.2",3.7,-1.3,44.2,24.1,"87","4",29.5,1.2,4,21.5,42.2,6.4,31.9,62.8,6.6,30.1,75,"26.7"
"Grichuk, Randal",545341,2024,32,"73.7",35.4,"7.7",9.2,-8.3,62.6,28.3,"90.6","17.3",34.3,11,7.6,31,23.8,3.3,47.6,67.6,11.3,28.6,59.9,"27.5"
"Harper, Bryce",547180,2024,31,"74",41,"7.3",11.4,-1.1,44.4,36.1,"91.1","13.5",36.1,10.6,9.6,24.6,26.5,2.7,48.2,78.2,14.9,33.5,52.4,"27.4"
"Díaz, Elias",553869,2024,33,"73.9",41.4,"7",5,-3,45.4,28.6,"87.1","7.6",31,4.7,4.3,20.9,39.9,4.7,34.5,76.1,18.4,33.2,52.2,"24.4"
"Suárez, Eugenio",553993,2024,32,"72.2",21.5,"7.8",17.5,-3.8,50.2,38.6,"89.1","19.5",40.4,11.3,8.9,28.8,20.4,4.7,42.4,66.8,18.8,27,44.8,"26.5"
"Urshela, Gio",570482,2024,32,"68.2",4.1,"7.1",9.2,5.1,49.3,35,"86.4","10.5",38.6,4.9,5.2,21.9,36.4,3.8,28.4,72.7,15.8,36.4,70.4,"25.1"
"Arenado, Nolan",571448,2024,33,"70.7",12.8,"8.2",11.3,-7.4,55.8,33.3,"86.3","16.9",35.9,3.2,5.1,30.6,28.2,4.5,31.6,63.9,9.8,30,67.3,"25.3"
"Farmer, Kyle",571657,2024,33,"66.7",1.7,"6.8",12.3,-2.6,46.2,31.3,"87.7","17.9",36.3,5.4,6,35.7,24.4,3.6,29.8,63.2,13.5,32.7,60.4,"25.9"
"Haniger, Mitch",571745,2024,33,"72.9",26.1,"7.1",14.7,-0.8,55.1,32.4,"90.6","13.7",31,9,8.2,25.1,30.2,3.1,45.9,63.6,23.6,23.9,44,"26.2"
"Hernández, Enrique",571771,2024,32,"71.7",19.4,"7.4",7.6,-1.9,49,28.3,"89.6","17.1",36,4.8,8,31.1,30.1,2.8,41.5,69,17.3,26.4,60.8,"27.0"
"Maile, Luke",571912,2024,33,"67.7",1.3,"6.7",14.5,-2.7,54.1,34.1,"84.7","11.3",37.6,3.5,4.7,25.9,32.9,7.1,24.7,66.3,16.9,26,43.7,"25.5"
"Muncy, Max",571970,2024,33,"71.3",14.9,"7.2",18.2,-4.9,44.4,35,"90.2","26.6",32.5,10.8,11.4,36.1,16.3,2.4,43.4,63.7,23.8,20.3,49.2,"26.9"
"Singleton, Jon",572138,2024,32,"72.1",24.2,"7.1",11,-11.5,58.6,30,"88.7","12.8",34.8,8.9,4.5,29.6,27.1,4.5,37.2,59.8,21,22.7,47.4,"25.9"
"Taylor, Michael A.",572191,2024,33,"74",40.9,"7.2",14.3,0.1,48.3,31.3,"89.3","13.7",31.4,11.6,1.7,26.2,26.2,8.1,40.1,68,27.1,30.4,33.5,"28.5"
"Walker, Christian",572233,2024,33,"75",52.7,"7.5",8.7,-3.7,46.9,30.3,"91.2","16.6",35,13.3,7.1,28,25.1,3.1,48,73.1,17.5,24.3,51.2,"26.2"
"Carpenter, Matt",572761,2024,38,"69.3",3.5,"8.1",16.2,-4,57,37.6,"85.8","24.2",46.6,6.8,8,35.2,17,5.7,28.7,62.2,19.2,20.3,37.5,"24.6"
"Yastrzemski, Mike",573262,2024,33,"70.9",5.5,"7.6",12.4,-1.6,66.2,31.2,"90.4","19.1",33,10.5,6.5,33.7,22.2,4.2,41,63.7,20,23.8,56.8,"27.2"
"Contreras, Willson",575929,2024,32,"75.9",61.6,"7.9",9.9,-1.6,50.3,31.5,"91.6","14.2",32.7,11.2,6.8,22.9,28.8,2.4,46.8,71.2,22.2,29.9,36.4,"27.1"
"Iglesias, Jose",578428,2024,34,"69.8",9.2,"6.8",5.5,-1.5,42.3,31.8,"85.8","9",36.2,2.2,4.3,20.3,34.5,6,30.6,64.8,12.1,39.5,79.3,"28.6"
"Bryant, Kris",592178,2024,32,"69.5",2.7,"7.9",16.1,-4,53.4,37.8,"85.1","18.5",39.5,4.7,3.5,29.1,24.4,7,30.2,66.5,23.8,31.2,38.6,"25.7"
"Canha, Mark",592192,2024,35,"68.4",4,"7.2",10.9,1.4,60.8,31.8,"88.4","9.6",31.5,3.3,5,25.5,40.4,3,37.4,59.4,17,23.6,66.2,"27.8"
"Castellanos, Nick",592206,2024,32,"71.9",22.8,"7.6",12.7,-5.2,47.2,38.9,"88.4","15.2",39,8.1,6.8,27.3,25.4,2.8,38.2,79,19.4,37.8,48.1,"27.4"
"Drury, Brandon",592273,2024,31,"72.6",23.1,"7.4",8,2.8,55.9,31.6,"87.6","6",25.9,3.6,6.1,20.6,45.3,4,35.6,66.2,18.3,26.5,59.9,"26.0"
"Judge, Aaron",592450,2024,32,"77.1",74.8,"8.2",14.4,-4.5,51.3,39.8,"96.2","19",40.8,26.9,8.5,22.8,20.3,1.3,61,67.4,22.6,18.7,42.7,"26.8"
"Machado, Manny",592518,2024,31,"75.2",52.6,"7.8",6.8,-0.2,54.3,25.6,"92.5","12.7",33.8,11,5.9,24.3,32.3,1.7,48.8,72.3,16.3,29.8,54.9,"25.8"
"Pederson, Joc",592626,2024,32,"73.4",37.3,"7.7",10,-5.1,53.9,31.3,"92.3","16.9",34.2,12.8,5.6,25.9,26.7,2.6,46.2,60.7,17.9,29.5,62.4,"25.5"
"Realmuto, J.T.",592663,2024,33,"73.2",35.7,"7.6",13.2,1.6,52.2,35.2,"89.2","9.4",36.9,10.4,9.7,17.2,33,5.7,46.6,69.4,17.5,30.3,52.6,"28.4"
"Renfroe, Hunter",592669,2024,32,"75.2",52.8,"7.6",9.1,-9.9,66.2,25.7,"88.5","16.7",27.8,6.6,6.3,32.5,27.8,4.6,39.4,62.7,15.3,26.3,57.3,"26.7"
"Rosario, Eddie",592696,2024,32,"70.3",7.3,"7.2",12.4,-1.3,60.5,31.8,"91","14.3",27.9,5.3,10.6,28.8,29.6,2.2,42.5,71.9,20,35,57.9,"27.3"
"Yelich, Christian",592885,2024,32,"73.2",34.5,"7.5",10.5,2.7,44,35.2,"91.1","5.2",32.2,7.9,8.9,15.4,35,5.1,46.7,69.9,15.1,24.9,57.4,"28.5"
"Merrifield, Whit",593160,2024,35,"63.4",0.2,"6.9",10.1,0.1,47.6,35.1,"84.1","12.9",34.3,2.4,3.3,29.4,29,8.2,21.6,66.2,11.9,25.8,65,"29.0"
"Bogaerts, Xander",593428,2024,31,"70.7",15.3,"7.2",10.2,-2.8,53.9,31.6,"88.1","10.9",32.1,5.1,3.4,24.8,36.1,2.8,33.2,59.9,11.4,25.7,62.7,"27.4"
"Polanco, Jorge",593871,2024,30,"69.7",7.9,"7.2",13.7,-7.5,47.1,36.9,"88.3","17.9",35.8,8.9,5.3,30.1,23.8,5.7,37.2,66.3,21.7,24,54.7,"27.5"
"Duvall, Adam",594807,2024,35,"72.4",23.1,"7.6",15.6,-9.9,58.3,31.9,"86.9","22.2",27.8,10.7,4.9,37.6,20.5,6.8,36.6,65.4,15.8,33.5,50.2,"28.1"
"Kiermaier, Kevin",595281,2024,34,"70.4",11.3,"7.1",5.5,-0.7,40.9,30.7,"86.4","7.3",27.6,3.9,5,19.3,38.1,9.9,30,76.2,29.5,33.2,44.3,"28.7"
"Profar, Jurickson",595777,2024,31,"71.7",22.7,"7.3",8.9,-3,50.4,32.5,"91.1","13.4",31.3,7.2,4.9,25.2,29.8,3.8,44.4,68.6,12.1,22,66.9,"26.5"
"Báez, Javier",595879,2024,31,"74.8",49.4,"8.6",11.3,-6.7,57.4,30.5,"88.3","11.2",27.7,7.8,6.3,25.7,37.9,3.4,40,64.9,17.7,43.2,56,"27.5"
"Cave, Jake",595909,2024,31,"69.5",7.2,"7",11.5,3.4,44.5,35.8,"87.5","7.5",35.8,5.2,5.2,22.3,33.2,7,37.1,70.9,20.9,33.5,55.5,"27.7"
"Lindor, Francisco",596019,2024,30,"72.4",23.6,"7.6",13,-1.5,56,34.2,"90.9","17",35.4,13.6,5.7,27.3,23.5,3.4,47.4,69.9,17.5,26.3,59,"27.6"
"Slater, Austin",596103,2024,31,"71.9",20.7,"6.8",11.9,9.1,45.2,38.8,"88.2","7.2",37.2,3.3,6.6,15.7,33.1,7.4,37.2,66.2,24.7,18.6,51.2,"28.2"
"Stubbs, Garrett",596117,2024,31,"66.6",1.6,"7.1",11.1,-8.5,53.9,28.3,"79.7","19.4",40.9,0,4.3,32.2,23.5,15.7,9.6,66.8,15.9,32.8,57.3,"28.0"
"Sánchez, Gary",596142,2024,31,"73.1",31.8,"7.4",11.8,-7.2,60.9,30,"90","16.2",31.4,10.5,7.6,29.1,28.5,2.9,44.2,55.1,20.9,26.9,51.2,"24.8"
"Kepler, Max",596146,2024,31,"71.4",19.4,"7.5",7.1,-8.8,44.1,31.1,"88.9","16.8",35.4,6.2,7.2,35.1,24.1,2.7,36.8,74.3,15.2,30.5,53.5,"26.8"
"Candelario, Jeimer",600869,2024,30,"68.4",5,"7.8",13.9,-5.6,52.3,34.5,"86.9","12.4",33.9,8.2,5.7,25.9,32.6,5.4,34.5,70.1,20.9,34.6,55.5,"27.4"
"Urías, Ramón",602104,2024,30,"70.5",12.4,"7.5",11,3.1,65.2,24.9,"88.3","12.8",32.6,8.7,5.5,28,29.8,3.2,38.5,74.2,20.5,25.8,55.6,"26.9"
"Ahmed, Nick",605113,2024,34,"67.9",0.5,"7.3",13.9,-2.8,60.5,28.6,"84.9","13.4",29.7,3,6.1,26.1,33.9,9.7,23,69.6,21.7,36.1,64,"27.7"
"Barnes, Austin",605131,2024,34,"68.2",2.2,"6.4",4.5,1.1,41.6,26.6,"86.3","9.5",30.2,1.9,3.8,21.7,40.6,4.7,31.1,69.8,15.7,19.6,46.2,"25.8"
"Bell, Josh",605137,2024,31,"70.4",15,"7.9",9.2,1.3,53.5,35.1,"88.9","10.5",31.4,7.6,6.2,22.6,37.3,4.3,40.1,73.4,18.8,27.4,54.4,"25.4"
"Betts, Mookie",605141,2024,31,"69",9.6,"6.9",8.9,-4.2,52.8,34,"89.9","21.4",39.3,6,10.1,35,19.1,1.5,39.5,60.8,6.1,21.1,61.3,"26.7"
"Caratini, Victor",605170,2024,30,"71.9",23.5,"7",9.4,-1.1,47.9,35.8,"91.2","9.3",35.9,5.6,6.2,23.1,36.4,1.5,43.1,67.5,15.3,25.8,55,"24.4"
"Davis, J.D.",605204,2024,31,"72.5",18.1,"7.3",7.3,11.5,53.4,31.4,"89.1","2.8",24.3,8.7,5.8,15.5,47.6,4.9,43.7,74.4,31.1,24.7,52.2,"25.6"
"Martini, Nick",605361,2024,34,"69.8",6.8,"6.9",11.3,-2.7,57.6,29.6,"87.4","14.9",32.4,7.2,1.8,31.5,32.4,7.2,34.2,68,18.1,29.7,58.4,"27.4"
"Arcia, Orlando",606115,2024,29,"70.9",13.5,"7.9",8.4,-3,62.7,25.4,"88.2","8.6",29.9,5.3,6.5,25.8,40.4,3,37.8,70.8,17.7,27.6,50.6,"25.6"
"Hernández, Teoscar",606192,2024,31,"73.2",31.7,"7.8",9.1,0.9,51.5,32.7,"90.6","10.3",33.8,14.9,7.5,20.4,33.1,3.5,46.8,74.7,24.9,28.7,43.5,"28.6"
"Marte, Ketel",606466,2024,30,"73.7",40.6,"7.6",9.1,-4.9,53.6,33.7,"94","9.4",33.7,12.3,7.4,18.2,35.4,2,53.8,71.3,14.1,26.1,60,"27.1"
"Nimmo, Brandon",607043,2024,31,"73.3",34.8,"7.3",6.6,-0.3,50.6,29.2,"91.9","11.2",33.7,9.1,6.5,24,33.7,1,47.4,65.6,15.2,24.1,54.5,"28.0"
"Turner, Trea",607208,2024,31,"71.6",17.1,"7.6",11,-5.4,61.4,29,"89.1","11.5",30.9,6.9,5.6,25.5,35.5,2.7,40.7,74.8,14.2,33.9,49,"29.6"
"Pillar, Kevin",607680,2024,35,"69.4",5.7,"7.6",11.5,-8.4,58.1,32.5,"84.6","17.9",36.5,3.7,7.8,35.2,25.6,5,29.7,67.8,14.4,37.9,58.5,"28.4"
"Stallings, Jacob",607732,2024,34,"67.6",1.2,"7.2",12.5,-0.2,50.8,32.2,"86.6","12.8",38.9,7.2,7.2,21.1,30.6,5.6,34.4,64.4,20.7,25.5,46.3,"23.9"
"Ramírez, José",608070,2024,31,"71.6",18.9,"7.3",9.9,-9.6,63.8,30.7,"89.2","19.6",34,8.6,8.5,34.4,25.9,2.9,39.7,69,9.4,31.7,73.4,"28.2"
"Bregman, Alex",608324,2024,30,"71.3",11.9,"7",12.2,-2.9,68.7,28.5,"89.1","18.2",34.9,6.4,7.4,33.1,25.7,2.4,40.5,65.6,8.7,23.6,75.3,"26.7"
"Gallo, Joey",608336,2024,30,"72.4",22.8,"7.3",16.9,-11.5,51,31.6,"90.5","26.1",32.8,13.1,8.2,36.9,18.9,4.1,43.4,68.3,32.7,22,38.5,"26.5"
"Kelly, Carson",608348,2024,29,"69.5",5.9,"6.9",12.2,-2.5,52.5,33,"87.6","13.6",27.3,6.6,7.9,23.8,33,5.7,39.4,66.7,14,24.4,52.4,"25.6"
"Seager, Corey",608369,2024,30,"72.3",20.9,"6.6",12.3,-0.7,51.3,34,"92.1","13.5",38.6,15.2,9.7,22,28.1,1.8,50.7,79.5,13.5,27.8,49.8,"25.3"
"Winker, Jesse",608385,2024,30,"69.5",7.4,"7.3",12.2,7.6,59.7,35.3,"88.6","14",30.1,7.6,3.3,24,33.1,3.6,37.4,64.7,15,19,62.5,"26.1"
"Jankowski, Travis",608671,2024,33,"67",1.9,"6.5",-1.1,-6.2,23.5,35.1,"85.4","5.9",25.3,0.7,2.7,24,50,4.1,24.7,64.9,14.5,20.7,55.8,"28.5"
"Refsnyder, Rob",608701,2024,33,"72.8",28,"7.6",12.1,2.5,60.2,33.2,"89.6","10.7",32.8,9.7,4.6,21.5,31.3,4.6,43.1,65.9,20.1,24.7,48.6,"27.3"
"Meneses, Joey",608841,2024,32,"70.4",11.8,"7",8.2,-0.9,51.2,33.1,"88.9","8.3",30.8,4.5,8,21.9,37.9,3.1,39.3,69,12.8,32.9,56.3,"25.5"
"Andujar, Miguel",609280,2024,29,"71.6",22.2,"7.6",5.8,-3,57.6,25.7,"86.1","9.2",26.1,2.7,3.1,26.1,40.6,3.8,33.7,66.1,7,35.9,68.5,"26.6"
"Swanson, Dansby",621020,2024,30,"71.7",12.8,"7.4",14.8,0.2,55.9,35.2,"89.4","10.4",32.6,9.2,7.9,21.1,36.1,3.3,42.7,71,22.6,24,51.1,"27.8"
"Newman, Kevin",621028,2024,30,"67.6",2.6,"6.7",5.8,-0.1,44.6,32.3,"85.6","9.7",25,1.6,1.6,24.2,36.7,5.6,23.4,68.3,10.5,28.3,64.8,"27.5"
"Taylor, Chris",621035,2024,33,"70",7.3,"7.2",11.9,1.1,47.4,39.3,"85.9","16.9",42.9,7.1,6.4,24.3,29.3,6.4,28.6,72.5,25.8,19.6,45.8,"28.1"
"Correa, Carlos",621043,2024,29,"74.5",45.5,"7.3",7,-1.8,45.3,30.6,"90.3","8.9",34.4,9.2,7.6,22.5,37.8,1.9,44.7,65.5,13.5,25.5,63.4,"26.8"
"Taylor, Tyrone",621438,2024,30,"70.5",6.8,"7.6",11.1,-7,57,35.4,"87.3","16.8",34.9,7.1,7.5,29,24.1,7.5,35.3,66.2,12,32.4,56.8,"28.9"
"Buxton, Byron",621439,2024,30,"74.3",41.8,"8.1",14.3,-10.1,56.5,34,"91.7","19.8",39.5,13.2,8.5,32.6,22.1,2.7,48.1,76.3,22.5,32.6,46.3,"29.7"
"Stewart, DJ",621466,2024,30,"71.5",19.2,"7.1",10.2,-3.1,63.1,25.4,"89.7","19.1",34.2,8.1,8.1,35.1,22.5,1.8,39.6,66.5,23.5,14.2,37.7,"27.0"
"Ward, Taylor",621493,2024,30,"69.8",8.4,"7.1",9.4,0,51.4,31.4,"90.9","17.4",41.9,13,6.7,30.5,26,1.2,42.4,64.8,17.7,20.8,49.1,"26.8"
"Wisdom, Patrick",621550,2024,32,"75.4",56.2,"7.9",14.3,-7.3,64.3,31.1,"90.9","28",23.8,15.8,7.9,43.6,13.9,5.9,48.5,71.3,22.3,25.7,42,"27.8"
"Olson, Matt",621566,2024,30,"73.8",38.7,"7.3",8.4,-1.6,44.5,34.1,"91.5","16.1",35.4,12.4,7.4,27.6,25.3,3.7,47.4,72.4,22,28.7,63.6,"25.5"
"Margot, Manuel",622534,2024,29,"72",19.9,"7.3",6.2,-1.1,48.6,27.8,"88.2","13.8",30.9,4.9,5.3,27.9,30.2,3.8,33.6,68.3,13.4,30.4,63.1,"27.5"
"Mateo, Jorge",622761,2024,29,"72.5",22.1,"7.8",5.9,-6.4,45.8,30,"88.1","14.1",30.2,4,7.4,26.8,31.5,5.4,34.9,70.2,14,33.6,58.3,"29.9"
"Ramírez, Harold",623912,2024,29,"71.7",28.3,"7.3",0.8,1.2,24.2,35.3,"87","-0.2",27.5,3.2,2.1,13.2,49.7,5.3,33.9,68.7,20.1,45.3,53.7,"28.0"
"Santander, Anthony",623993,2024,29,"73.1",33.8,"7.2",7.7,-7.2,50.7,26.5,"89.8","22.7",35,11.7,9.1,35,22.5,3,41.6,67.8,15.4,33.9,72.1,"26.0"
"Alonso, Pete",624413,2024,29,"75.2",51.8,"7.3",9.8,-2.9,56.3,31.7,"89.8","14.4",30.5,13.2,6.6,25.5,29.5,5.5,46.4,61.1,14.1,25.9,51.9,"26.1"
"Biggio, Cavan",624415,2024,29,"66.9",3.3,"6.9",11.3,-3.9,48.7,37.2,"82","21.2",37.3,2.5,5.9,33.9,26.3,8.5,16.9,55.4,16.1,18.1,48.8,"28.5"
"Conforto, Michael",624424,2024,31,"74.1",42.9,"7.4",12.4,-0.4,53.6,32,"90.2","14.8",33.7,11.8,9,24.8,27.9,2.8,46,65.4,18,24.5,55.8,"26.3"
"Frazier, Adam",624428,2024,32,"66.5",1.2,"6.9",10.5,-0.8,45.2,37.5,"84.5","15.3",37.9,2.9,4.9,28.2,29.1,7.8,22.8,65.3,11.2,26.4,60.3,"26.7"
"Trevino, Jose",624431,2024,31,"68.9",3.7,"7",8.2,-1.7,70.7,21.9,"88.1","9.9",26.9,5.3,3.5,29.2,38,3.5,35.1,53.5,10.3,28.8,68.4,"24.5"
"Gordon, Nick",624503,2024,28,"68.2",3.6,"7.3",9.6,2.5,45.9,33.9,"86.1","6.5",34.7,6.1,3.1,20.4,42.3,4.1,29.6,78.7,23.1,42.4,52.7,"27.7"
"McGuire, Reese",624512,2024,29,"68.8",6.1,"8.1",10.7,-2.7,50,30.5,"84","12.4",29.8,6.7,6.7,26,26.9,9.6,26.9,61.6,11.6,29.5,50.5,"25.5"
"Soler, Jorge",624585,2024,32,"75.4",56.6,"7.9",11,-9.6,56.5,33.5,"90.5","17.9",33.4,12.6,7.3,28.7,24.7,4.2,44.1,64.8,17.1,26.8,46.4,"26.9"
"Sosa, Edmundo",624641,2024,28,"73.1",34.1,"8.3",11.3,-3.4,51.1,34.6,"89.2","12.8",28.5,8.6,4.3,25.8,30.1,4.8,41.4,75.2,19.7,40.5,49.6,"29.2"
"Ibáñez, Andy",628451,2024,31,"70.1",5.8,"7.3",7.9,-5.2,47.2,28.2,"88.1","20.3",33.7,4.9,5.5,35,22.7,2.5,33.1,73.6,21.6,32.4,48.7,"27.6"
"Cronenworth, Jake",630105,2024,30,"69.5",6.3,"7.1",6.4,0.8,36.2,33.3,"88.6","13.9",35.4,7.8,5.8,25.7,29.2,5.2,36.7,65.9,10.8,23.1,63.9,"27.7"
"Anderson, Tim",641313,2024,31,"69.7",4.3,"7.2",9.9,8.9,50.9,39.9,"86.1","1.4",29.5,1.8,4.8,13.3,44,3,30.1,71,22.8,38,54.5,"27.1"
"Bauers, Jake",641343,2024,28,"73.8",30.8,"7.5",13.7,-4.5,48.8,35.7,"89.4","22.6",38.6,10.3,9.2,32.6,16.3,6,42.9,68.7,20.6,19.7,36.7,"27.2"
"Bellinger, Cody",641355,2024,28,"69",5.2,"7.6",13.2,-3.1,59.5,32.6,"87.8","17.4",32.9,6.3,3.9,36.6,27.3,2.3,32.9,67.1,16,32.4,65,"28.4"
"Calhoun, Willie",641432,2024,29,"69.9",10.4,"6.7",3.7,-3.6,41.6,23.2,"89","12.4",30.2,3,5.5,30.2,31.7,2.5,37.7,64.2,8.1,22.9,72.5,"24.3"
"Crawford, J.P.",641487,2024,29,"71.9",23.2,"7.3",7.8,-1.5,41.3,36.8,"87.5","13.2",30.2,6.5,6.5,24.4,32.3,5.5,37.8,61.9,15.8,18.2,63.3,"26.8"
"Fraley, Jake",641584,2024,29,"71.8",20,"7.1",8.3,-6.6,37.1,38.2,"84.3","11.1",34.6,3.2,3.5,25.8,35.3,6.4,24.7,81.2,15.7,31.6,62.4,"28.3"
"Garver, Mitch",641598,2024,33,"71.2",9.9,"7.3",14.3,-8,66.2,29.4,"89.9","18.3",32.5,8.4,7.2,35.9,27,1.3,39.7,57.6,21.4,20,42.6,"26.0"
"Guillorme, Luis",641645,2024,29,"64.9",1,"7.5",5.2,14.6,39.4,34.7,"85.5","5.7",32.8,2.3,3.1,19.5,46.1,3.1,21.1,60.4,13.9,23.9,68.4,"24.7"
"Hampson, Garrett",641658,2024,29,"69",2.6,"7",10.5,-2.5,55,31.6,"86","16.1",31.6,4.4,5.7,32.9,28.5,7.6,30.4,66.1,16,26.3,57.4,"29.8"
"Heim, Jonah",641680,2024,29,"70.2",9.7,"7.4",11.5,0.1,60.2,28.8,"88.5","14.5",29.9,5.9,5.9,28.8,31.3,3.8,36.4,76.3,14.4,32.1,64.2,"25.3"
"McMahon, Ryan",641857,2024,29,"72.5",26.3,"7.2",8.8,4.5,41.3,38.1,"92.1","10",36.5,10.9,7,18.4,33.2,2.3,49.7,65.6,22.4,26.6,49.4,"25.9"
"O'Neill, Tyler",641933,2024,29,"75.2",51.8,"7.6",17.6,-7.1,53.5,34.1,"90.9","20.2",34.6,17.3,7.9,28.7,25.6,5.1,48.8,65.2,24.4,26.2,44.2,"27.5"
"Smith, Dominic",642086,2024,29,"68.8",2.5,"7",15.4,-1.8,56.5,35.1,"89.3","13",37.7,10.6,7,26.6,29.1,3.5,38.7,65.1,19.2,27,60.9,"25.6"
"Tellez, Rowdy",642133,2024,29,"74.4",43.7,"8",5.3,-7.3,44.2,28.9,"89.4","17",32.4,8,5.7,31.4,28.8,1.7,36.5,58.8,11.6,27.5,55.7,"24.2"
"Thaiss, Matt",642136,2024,29,"72.4",23.5,"7.8",10.7,3.2,58.8,31.2,"86.6","12.9",33,8,8,27,28,9,40,68.3,34.6,22,45.2,"24.9"
"Wade, Tyler",642180,2024,29,"66.2",1.7,"6.7",7.3,-0.7,50.3,33.3,"83.7","14.5",38.1,1.8,2.7,25.7,29.2,15.9,17.7,62.4,11.4,25.7,56,"28.7"
"Siri, Jose",642350,2024,28,"72.5",27.2,"7.8",12.9,1,50,33,"87.5","15.4",35.7,14.7,8.8,21.8,29.4,7.1,41.6,67.1,32.1,35.3,40.2,"29.9"
"Rosario, Amed",642708,2024,28,"71.2",16.7,"7.3",5.7,0.3,47.8,27.4,"86.9","4.6",33.5,4.6,3.8,18.8,39.2,6.5,36.2,72.6,14.6,38.9,58,"29.0"
"Adames, Willy",642715,2024,28,"73.6",33.2,"8.1",15.5,-0.8,58.5,33.7,"88.6","20.6",38.2,12,8.6,31.6,21.8,4.5,40.7,71.3,21.1,28.1,49.5,"27.4"
"Estrada, Thairo",642731,2024,28,"71",14.3,"7.2",11.1,-4.8,61,30.3,"86.2","10.5",30.3,4.8,5.9,24.5,38.3,4.8,31.7,67.5,9.8,34.8,58.2,"28.0"
"Benintendi, Andrew",643217,2024,29,"68",1,"6.7",13.5,-0.4,55.7,34,"88","16.1",36.5,6.3,8.3,29.7,28.4,3.4,34.4,69.3,17,25.2,66.9,"26.7"
"Dubón, Mauricio",643289,2024,29,"69.4",6.6,"7.6",5.1,1.8,43.4,31,"86.1","14.6",30.4,2.8,3.1,29.6,33.5,5.4,26.5,79.4,15.9,41.2,75.7,"27.3"
"Jansen, Danny",643376,2024,29,"69",6.8,"6.9",13.2,-6.9,65.9,28.9,"86.6","21.7",34.1,6.4,5.9,40,22.7,5,29.7,61.8,14.7,20.2,60.7,"26.6"
"Kiner-Falefa, Isiah",643396,2024,29,"67",2.2,"6.8",6.6,0.5,44.2,31.3,"86.1","9.1",31.6,2.3,5.1,23,38,6.6,29.7,60.7,9.4,30.1,73,"27.8"
"McNeil, Jeff",643446,2024,32,"68.8",5.4,"7.2",8.2,-5.1,48.3,33,"87","14.9",32.2,3.1,6.1,32.5,28.3,4.4,31.1,78.4,11.1,30.7,64.8,"26.3"
"Tauchman, Mike",643565,2024,33,"69.3",4.5,"7",6.7,2.5,42,34.2,"89","15.5",34.9,7.4,4.8,30.1,28.8,2.2,41,69.6,18.6,22.7,65.9,"27.2"
"Albies, Ozzie",645277,2024,27,"69.1",7.5,"7.2",12.9,-5.4,57.9,33.8,"88.4","18.4",33.4,6.2,4.7,34,28.7,1.2,32,82.6,15.5,33.6,68.7,"27.2"
"Robles, Victor",645302,2024,27,"68.3",2.5,"6.9",14.6,-6.3,51.2,34.1,"86.7","14.8",34.8,6.2,4.8,24.3,27.6,14.3,28.6,78.8,16.1,33.2,57,"27.8"
"Devers, Rafael",646240,2024,27,"72.5",27.9,"7.4",8.3,7.3,59.6,28.4,"93.2","11.6",35.2,13,8.6,22.9,29.9,3.6,52.6,73.8,28.1,30.4,63.2,"26.5"
"Naylor, Josh",647304,2024,27,"72.9",32.7,"7.6",8.7,-8.7,45.3,29.1,"89.9","11.1",30.1,8.4,6.1,24.2,34.6,3.5,40.9,72.3,14.5,32.2,63,"25.2"
"Toro, Abraham",647351,2024,27,"69.6",10.7,"7.6",9.7,-2.9,56.6,31.9,"87.2","12.2",33.2,4.3,5.4,27.4,35.4,5.1,29.6,65.7,9.5,30.9,66.1,"27.9"
"Arraez, Luis",650333,2024,27,"63.1",0.2,"6",7.6,4.2,44.6,38.3,"86.3","13.7",40.9,1.6,3.8,26.8,31.3,3.9,23.7,63,4.7,35.3,88.7,"26.7"
"Jiménez, Eloy",650391,2024,27,"73.9",40.1,"7.2",5.5,-3,48.2,25.1,"92","4.3",25.1,7.8,3.9,17.6,45.1,2.7,49,70.1,15.3,33,53.8,"25.2"
"Torres, Gleyber",650402,2024,27,"70.1",9,"7.2",8.4,5.2,52.5,34.5,"88.6","15",38.2,6.3,6.1,28.6,29.9,2.2,35.4,69.2,18.7,21.4,63,"26.6"
"Castro, Willi",650489,2024,27,"70.6",15.5,"7.1",9.1,-5.9,45.9,37.1,"87.4","13.6",39,7,8,25.9,26.4,5.6,36.8,72.7,17.4,31.7,46.5,"27.9"
"Díaz, Yandy",650490,2024,32,"73.3",34.4,"7.5",3.2,6.9,38.2,25.4,"92.2","5",28.4,7.6,5.3,17.6,42.6,1.9,48.7,64,10.3,22.8,74.5,"25.4"
"De La Cruz, Bryan",650559,2024,27,"71.8",19.9,"7.7",13.4,1.1,52.8,38.1,"89.6","13.1",35.6,9.3,6.4,25.5,30.5,2.9,41.3,75.3,22.4,32.6,53,"27.5"
"Rengifo, Luis",650859,2024,27,"69.7",12,"7.2",9.5,0.8,52.5,33.4,"87","6.7",30.4,2.5,5,20,41.7,2.1,32.5,80,13.9,35.6,61.2,"26.9"
"Chapman, Matt",656305,2024,31,"76.6",64.1,"7.5",6.2,-2.8,51.5,26.4,"93.2","16.2",31.3,12.6,8.1,30.1,24.6,3.1,48.3,63.4,18.9,24.2,63.2,"28.7"
"Fairchild, Stuart",656413,2024,28,"70.3",10.1,"7.4",14.6,-10.5,58.2,33.4,"85.5","20.5",27.6,7.9,5.9,31.6,21.7,11.2,36.8,74.7,26.6,26,39.3,"29.1"
"Hill, Derek",656537,2024,28,"70.4",10,"7.3",15.5,2.7,44.5,36.4,"88.3","9.8",37.6,11,4.6,15.6,33.9,6.4,36.7,71.2,22.5,35.5,36.9,"29.5"
"Hilliard, Sam",656541,2024,30,"75.3",52.7,"7.3",9.7,-1,49.2,27.3,"94.6","16.5",30.7,14.8,2.3,27.3,21.6,5.7,52.3,66.7,29.7,27.9,33.7,"28.8"
"Hoskins, Rhys",656555,2024,31,"71.2",13.1,"8.1",15.7,-5.6,58.1,32.7,"88.7","20.8",29.7,12.7,6.2,33,23.9,3.9,42.2,59.3,21.2,25.4,61,"25.3"
"Jackson, Alex",656577,2024,28,"74.4",46.9,"7.5",10.6,-5.1,61.2,30.2,"86.7","20.2",21.6,9.1,1.1,40.9,31.8,4.5,31.8,71.9,29.5,36.4,43.1,"26.8"
"Joe, Connor",656582,2024,31,"72.1",23.9,"7.4",8.5,-8.7,49.9,30.8,"85.3","16.3",30.9,4.7,3.3,33.8,32,5.5,32.7,63.8,18.4,21.9,52.2,"26.9"
"McKinstry, Zach",656716,2024,29,"67.2",0.8,"6.7",12.5,-0.4,44.2,38,"88","18.7",37.8,4.3,7.8,30.9,23,3.9,32.6,66.7,14.1,27.9,57.9,"28.4"
"Mullins, Cedric",656775,2024,29,"71",7.6,"7.5",10.5,-3.7,60.6,29.3,"87.1","21.5",31.7,4.9,5.4,36,26,6.3,33.4,73.3,13.1,28.1,64.4,"28.3"
"O'Hearn, Ryan",656811,2024,30,"72.4",24.3,"7.1",9,0.3,43.8,31.5,"89.6","12",35,6.9,9.3,26.3,32.1,2.1,40.1,67.7,10.3,26.2,62.2,"27.8"
"Rivera, Emmanuel",656896,2024,28,"69.6",10,"6.9",6.8,-0.1,49.5,33.9,"89.7","8.7",33.7,7.9,5.9,18.3,37.1,3,44.1,70.8,18,28.9,49.4,"26.7"
"Schwarber, Kyle",656941,2024,31,"77.5",78,"7.7",13.1,-4.5,67.4,29.3,"93.6","15",31.8,15.6,7.3,24.2,27.1,2.6,55.5,60.7,23.7,20.9,45.7,"25.8"
"Smith, Pavin",656976,2024,28,"73",32.1,"7.4",11.3,-3.7,53.3,31.3,"90.2","13.1",34.9,14.7,2.8,22,30.3,4.6,44,59.3,14.1,17.9,54.4,"26.4"
"Thomas, Lane",657041,2024,28,"71.7",16.9,"6.8",9,-2.6,60.1,29.3,"88.8","17",31.5,7.4,7.1,27.4,27.1,3.2,40.6,64.1,17.1,22.8,58.8,"29.3"
"Verdugo, Alex",657077,2024,28,"68.3",7.5,"6.3",5.6,0.4,44.6,31.3,"88.3","9.9",31.6,5.6,6.1,23.8,38.1,3.6,34.9,61.3,9,25.6,66.7,"26.7"
"Wong, Connor",657136,2024,28,"72",17.5,"7.3",12.5,-1.3,51.7,33.2,"86.5","12.9",30.7,6.3,5.4,25.6,30.1,7.7,34.5,72.2,19.7,29.5,47.2,"28.4"
"DeJong, Paul",657557,2024,30,"72",15.5,"6.9",16,-1.7,56.6,35,"87.8","20",36.4,10.2,8.5,30.6,20.7,6.1,41.5,80.6,26.3,34.3,43.9,"26.8"
"Laureano, Ramón",657656,2024,29,"72.7",30.2,"7.2",17.1,-1.9,45,36.8,"89.2","13.3",38.7,12.6,6.8,23,27.7,4.7,40.8,73.3,22.7,30.4,45.5,"27.8"
"Sheets, Gavin",657757,2024,28,"72.7",29.7,"7.6",6.9,-6.3,44.4,29.4,"87.8","13.5",41.1,5.7,6.3,27.3,27,4,35.3,62.5,16.2,32.4,65.8,"26.7"
"Olivares, Edward",658668,2024,28,"71.8",23.4,"7.3",8.4,-2.2,58.9,27.4,"86.8","9.2",35.5,6.4,2.8,19.1,41.8,2.1,35.5,68.8,15,32.9,56,"27.8"
"Ohtani, Shohei",660271,2024,29,"76.3",64.1,"7.7",11.3,-1.7,51.6,35.1,"95.8","16.2",37.8,21.5,9,20.9,25.7,2.3,60.1,69.7,23.1,26.6,53.9,"28.1"
"Bruján, Vidal",660644,2024,26,"66.9",0.9,"7",7.4,-0.9,47.7,31.3,"85.1","8",29.7,1.5,4.1,23.1,39.5,7.7,22.6,73.9,17,28.4,54.9,"27.5"
"Acuña Jr., Ronald",660670,2024,26,"76.8",73.1,"7.6",10.7,4.6,58.8,34.9,"92.2","8.5",31.7,9.4,6.5,18.7,36.7,3.6,48.2,71,23,21.4,56.4,"27.7"
"Ruiz, Keibert",660688,2024,25,"66.4",1,"7.1",9.9,-12.5,55.7,32.3,"85.4","19.8",32.2,3.2,4.1,36.6,22.7,4.6,25.6,67.4,7.2,38.2,79.9,"25.0"
"Montero, Elehuris",660707,2024,25,"75.1",53.1,"7.6",7.6,-15.2,38.8,34.4,"89.5","17",27.5,7.6,6.4,33.3,28.7,3.5,41.5,72.3,14.1,39.3,45.8,"26.2"
"Yepez, Juan",660766,2024,26,"70.5",11.6,"7.3",7.6,-1.7,53,30.6,"86.6","8.5",30.3,5.9,5.3,19.7,39.4,5.3,35.6,70.9,15.6,32.5,65.9,"26.7"
"Sánchez, Jesús",660821,2024,26,"75.2",54.4,"7.1",7.9,2.5,50.8,30.7,"92.5","7.7",31.8,12.2,7.1,16.2,37.2,3.1,51.3,73.5,21.9,36.1,52.8,"27.2"
"Contreras, William",661388,2024,26,"74.7",50.4,"7.3",10,1.4,63.4,28.2,"92.8","6.1",29,10,7.8,17.4,39.2,2,49.5,71,19.3,25.6,50.8,"26.4"
"Varsho, Daulton",662139,2024,27,"73.7",34.4,"7.6",12.7,-3.6,54.2,32.6,"86.1","24.4",30.2,6.2,9,36.1,19.8,9.9,34,70.3,20,25.9,55.4,"28.5"
"Perkins, Blake",663368,2024,27,"69.4",3.2,"7.3",8.2,3.2,55.8,30.8,"88.8","12",32,3.9,6,26,34.5,6,37.7,60.2,20.8,24.5,57.5,"29.6"
"Nootbaar, Lars",663457,2024,26,"72.6",28.2,"6.8",8.2,0.2,49.5,29.9,"91.8","6",32.2,9.9,8.1,19,37,3.3,49.5,56.5,13.3,16.9,61.3,"27.0"
"Nevin, Tyler",663527,2024,27,"68.4",3.4,"7",9.8,2.2,57.4,34.9,"89.8","10.7",37,8.7,7.1,25.5,35.9,1.6,40.8,69,19.3,25.9,57.7,"26.4"
"Hoerner, Nico",663538,2024,27,"68.2",2.8,"7.1",4.9,-1.4,43.7,32.7,"85.7","10.4",36,1.2,2.1,26,35.3,4.2,27.6,63.8,6.9,31.8,77.5,"28.4"
"Riley, Austin",663586,2024,27,"75.2",53.6,"7.5",9.4,-3.5,46.4,32.6,"93.3","15.9",37.2,14.9,8.4,27.2,26.9,1.3,53.4,72.1,18.7,28,49.8,"27.9"
"Larnach, Trevor",663616,2024,27,"72.8",27.2,"7.4",11,-7.8,38.1,40,"92","12.4",36.2,10.1,8.6,25,30.2,1.9,45.1,63.5,15.4,25.7,42.5,"26.3"
"Mountcastle, Ryan",663624,2024,27,"75.1",50.6,"7.5",4.7,1.5,36.2,37.4,"90.8","10.4",36.2,8.8,7.9,21.1,33.2,3,45.2,75.9,16.2,38,58.6,"27.6"
"Hayes, Ke'Bryan",663647,2024,27,"72.1",19.7,"6.9",2,2.9,34.8,25.7,"88.9","4.8",29.9,2.4,6.5,20.7,41.5,3.7,42.9,62.3,7.8,28,60,"26.4"
"Tucker, Kyle",663656,2024,27,"72.2",22.9,"7.5",10.5,-5.9,46,36,"91.1","21.2",40,12.9,7.6,32,21.3,1.8,44.9,67.7,12.7,17.5,58.2,"26.0"
"Cameron, Daz",663662,2024,27,"72.9",30.4,"6.8",1.8,-6.2,30,33.3,"91.6","8.6",36.4,8.3,6.6,24,37.2,2.5,48.8,68.3,18.1,26,40,"28.4"
"India, Jonathan",663697,2024,27,"71.7",22.2,"7.2",8.1,-0.9,48.4,29.4,"87.2","13.5",39.3,7.7,5.8,22.5,31.9,4.6,36.5,57.6,12.2,18.4,58.3,"28.0"
"Bart, Joey",663698,2024,27,"74.8",51,"7.5",11.3,-4.4,44.4,35.6,"88.1","10.5",32.6,9.4,3.3,21,30.9,4.4,38.7,59.6,15.5,26.5,47.9,"27.0"
"Raleigh, Cal",663728,2024,27,"74.5",45.1,"7.8",16.8,-7.8,45.5,32.3,"91","21.2",35.6,15.4,6.9,31.9,17.3,4.8,48.1,74,23,32.8,52.9,"26.6"
"Fortes, Nick",663743,2024,27,"71.3",19.4,"7.1",2.1,-5.3,32.5,20.3,"84.3","15.4",29,1.4,2.9,28,34.1,11.5,22.6,65.6,8.8,31.5,76.9,"26.7"
"Grisham, Trent",663757,2024,27,"70.4",5.7,"7.7",16.2,-1.3,65.3,29.9,"90.6","20",25.6,12,7.2,32,26.4,6.4,46.4,56.9,17.8,13.8,50,"26.9"
"Vierling, Matt",663837,2024,27,"71.1",11.8,"7.4",6.5,0.9,50.8,29.6,"89.8","11.7",34.1,7.5,5.5,25.1,33.8,3.5,40.9,62.1,12.8,22,60.5,"28.8"
"Gonzalez, Romy",663853,2024,27,"74.1",38.4,"7",8,4.6,53.7,27.6,"92.3","3.7",29.7,8.3,9,15.9,39.3,4.8,51,75.9,17.2,36.7,48.8,"28.9"
"Stephenson, Tyler",663886,2024,27,"70.8",9.4,"7.4",11,1.9,52.5,36.7,"90.2","10.9",33,9.1,6.1,22.2,35.1,2,43.9,63.4,13.2,23.7,52.8,"26.5"
"Rodgers, Brendan",663898,2024,27,"71.7",25.2,"7.1",5,-2.3,39.9,31.9,"89.3","4.9",33.1,5.6,7,16.1,44.6,3.2,44.1,69.1,15,29.1,48,"26.0"
"Lowe, Nathaniel",663993,2024,28,"73.3",29.3,"7.3",6.9,7.6,50.3,30.1,"88.9","7.7",32.6,5.8,6.8,20,37.5,3,40,62.8,12.3,23.5,58.2,"26.4"
"Happ, Ian",664023,2024,29,"72.4",23.7,"7",9.7,-3.9,44.1,32.6,"90.8","15.1",37,11.7,7.7,26.6,26.8,3.5,45.2,67.8,21.4,23.3,52.7,"27.9"
"France, Ty",664034,2024,29,"71",14.3,"7.6",13.9,5.3,52.5,34.6,"88.7","12.9",30.5,7.3,6.2,25.9,33,4.3,40,74.7,16.4,26.9,53.5,"25.1"
"Lowe, Brandon",664040,2024,29,"73.4",36,"7.1",15.1,-3.6,46.5,34.7,"89.8","14.5",39.6,12.4,6.9,25.5,25.5,4,44.7,80.3,23.7,30.7,44,"27.2"
"Bader, Harrison",664056,2024,30,"71.2",19.9,"7.1",11.3,-5.5,54,25.1,"87.2","11.9",33.9,6.4,4.5,26.8,33.2,4.5,35.5,59.8,14.2,33.6,57.5,"28.2"
"Moore, Dylan",664238,2024,31,"73",27.8,"7.1",9.5,-8.4,62,31.4,"88.4","22.6",38.2,8.8,6,37.1,20.7,3.6,36.3,65.3,19.3,17.7,53.2,"28.0"
"Isbel, Kyle",664728,2024,27,"70.8",11,"7.1",3.8,-4.1,42.8,25.3,"88.1","9",24.8,3.9,3.6,24.2,35.3,7.8,36.3,61,9.4,30.9,60.7,"27.9"
"Bohm, Alec",664761,2024,27,"72.2",21.7,"7.4",6.4,2.6,50.8,30.8,"90.4","10.1",35.2,6.8,9.1,20.5,35.2,2.3,45.6,71.1,10.5,27.2,62.8,"26.3"
"Wade Jr., LaMonte",664774,2024,30,"72.4",26.1,"6.8",9.3,-1.2,53.2,32.2,"90.6","12.9",39.6,9.4,9,22.4,26.5,4.5,44.1,63,13.6,20.1,44.7,"25.2"
"Brown, Seth",664913,2024,31,"73.3",28.2,"7.2",10,-6.7,51.1,32.7,"90","14.6",35.2,8.4,6.9,29.5,24.9,4.2,40.6,75.3,16.5,30.3,41.8,"27.4"
"McCarthy, Jake",664983,2024,26,"67.3",3.1,"6.7",8.8,1.3,49.9,34.7,"84.5","9.1",30.4,2.7,4.3,21,35.8,10.2,24.5,67.1,7.9,31.1,60.9,"29.8"
"Peña, Jeremy",665161,2024,26,"72.6",22.5,"7.6",8.6,-5,55.5,28.9,"88.2","7.5",29.2,5.4,5.4,21.6,39.8,3.8,38.8,72.9,11.4,36.9,50.6,"29.8"
"Tatis Jr., Fernando",665487,2024,25,"74.7",47.8,"7.3",10.4,1.5,58,31.4,"93.5","10",33.7,14.5,6.9,18.5,31.4,3.6,55.8,74.4,19.6,28.2,49.8,"28.4"
"Guerrero Jr., Vladimir",665489,2024,25,"75.9",57.5,"7.7",3.2,-0.4,37.4,28.6,"93.8","7.4",35.1,13.7,6.3,18.1,34.7,2.9,54.9,68.5,15.1,27.5,62.7,"27.2"
"Pache, Cristian",665506,2024,25,"71.7",15.1,"7.4",9.9,0,56.1,31,"89.9","9.8",26.5,4.9,6.9,22.5,37.3,3.9,38.2,72.6,27,25.5,49.5,"28.5"
"Soto, Juan",665742,2024,25,"75.4",59.2,"7.3",12.2,2.5,60.8,27.1,"94.2","10.7",35.4,19.7,6.3,18.2,28.9,4.1,57,59,15.3,18.3,60.9,"26.8"
"Taveras, Leody",665750,2024,25,"71.3",14.8,"7.5",7,-5.2,37.8,32.4,"89","14.7",31.5,5.9,5.3,30.1,30.1,2.9,35.5,69.4,17.5,29.1,53.8,"28.5"
"Amaya, Miguel",665804,2024,25,"72.9",32.4,"7.2",8.1,-4.3,53.3,31.5,"88.4","11.1",33.9,4.7,6.9,24.8,31.8,6.2,33.9,74.2,13.9,33.6,58.3,"25.5"
"Cabrera, Oswaldo",665828,2024,25,"68.3",1.7,"7",6.4,-2.2,44.8,31.1,"88.2","12.5",34,3.7,5.8,26.1,34,1.7,34.9,68.1,10,29.6,62.9,"27.4"
"Cruz, Oneil",665833,2024,25,"78.5",75.3,"7.7",8.4,-6.7,42,32.9,"95.5","9.8",32.1,15.7,4.7,19.2,33.5,1.9,54.9,63,24,31.7,48.4,"28.8"
"Valdez, Enmanuel",665839,2024,25,"70.4",10.5,"7.5",10.8,-5.2,63.3,28.8,"89.4","19.3",32,9.2,5.9,33.3,24.8,2,41.8,60.5,15,28.6,64.2,"26.2"
"Chisholm Jr., Jazz",665862,2024,26,"71.9",23.3,"7.5",14.1,-2.1,52.3,34.9,"89.7","11.4",29.6,9.7,5.8,20.6,35.2,5.8,41.1,67.1,22.7,29.2,56.3,"28.6"
"Giménez, Andrés",665926,2024,25,"68.3",6.9,"7",10.1,0.6,51.5,31.9,"86.3","8.7",32.7,2.8,4.4,24,35.8,6.1,28.5,74.6,15.7,37.4,62.4,"28.9"
"Fermin, Freddy",666023,2024,29,"70.8",9.8,"7.5",10.5,-5.7,53.1,34.8,"88.2","11.1",29.2,3.2,4,24.9,34.7,5.8,33.9,72.4,12.9,30.8,54.6,"26.6"
"Jones, Nolan",666134,2024,26,"70.7",17,"6.7",5.6,4,36.2,37,"88.2","7.8",34.3,5.9,6.5,18.9,34.9,7.1,44.4,55.7,20.5,23,61.1,"28.1"
"Kirilloff, Alex",666135,2024,26,"72.4",19.4,"7.8",15.6,2.8,52.2,33.6,"91.3","13.2",27,11.3,9.6,24.3,35.7,0.9,40.9,69.8,20.1,29.8,45.2,"26.8"
"Lowe, Josh",666139,2024,26,"73.3",32.7,"7.2",10,-0.7,48,36.9,"90.8","16.9",37.9,10.3,6.5,29.3,27.2,0.9,46.1,69.5,26,33.4,55.6,"28.4"
"Fitzgerald, Tyler",666149,2024,26,"70.5",7.1,"7.4",17.7,-4.5,44,38.1,"87.7","20.2",39.1,8.2,4.8,32.9,22.7,4.3,31.9,67.9,22.3,26.9,45.5,"30.0"
"Fletcher, Dominic",666150,2024,26,"66.7",0.3,"6.5",2,4,34.8,27.2,"84.4","12.1",38.7,1.8,3,26.2,29.2,9.5,26.8,62,15.1,31.9,66.7,"26.4"
"Hamilton, David",666152,2024,26,"68.9",3,"7.2",8.9,-5.4,48.4,32.1,"87","15.8",38.3,5.6,7.5,28.5,27.1,6.1,32.2,66.4,16.2,24.1,46.8,"29.4"
"Lux, Gavin",666158,2024,26,"71.2",15.6,"7.3",10.1,3.8,48,33.2,"88.3","9.1",35,6,7.3,19,34.7,3.3,41.1,66.8,17.4,23.2,59.4,"27.7"
"Moniak, Mickey",666160,2024,26,"73.1",28.6,"7.7",12.5,-3.5,51.7,33.9,"88.1","19.8",31.9,9.3,5,35.1,23.3,6.1,34.4,75,22.2,39.7,54.7,"28.6"
"Rortvedt, Ben",666163,2024,26,"69.7",5.2,"7.1",10.9,0.3,59,29.2,"86.2","11.9",30.2,3.5,3,26.7,34.7,4.5,30.7,58.9,17.6,27.8,54.9,"25.6"
"Adell, Jo",666176,2024,25,"76.7",66,"7.6",4.9,-4,42.7,32.8,"89.8","15.9",30.5,11.7,7.4,30.1,27.3,5,44.7,71.5,21.1,29.7,50.9,"28.8"
"Benson, Will",666181,2024,26,"72.1",20.8,"7.9",16,-6.8,54,33.6,"89.4","18.2",36.5,11.5,4.7,30.7,25.5,4.2,40.1,71.2,31.5,22.1,34.7,"28.8"
"Bichette, Bo",666182,2024,26,"70.4",14.2,"7.3",3.3,-0.2,31.9,38,"89.2","7.2",31.3,4.4,7.2,20.5,36.9,4,43.5,76.5,11.4,37.1,57.2,"27.3"
"Carlson, Dylan",666185,2024,25,"68.5",2.4,"7.1",11.8,-2.2,52.3,36.9,"86.8","15.8",30.1,2.5,8,31.9,31.3,3.7,25.8,70.5,26,24.9,54.1,"27.3"
"Naylor, Bo",666310,2024,24,"70.6",9.8,"7.4",12.6,-5.2,50.2,30.5,"88.8","19.9",32.6,8.1,6.8,33.9,24.6,4.7,37.7,65.7,21.3,27.3,54.4,"26.6"
"Julien, Edouard",666397,2024,25,"71.9",17,"7.1",16.6,8.9,44.8,44.2,"87.8","11.9",38.4,9.8,7.9,22,34.1,3.7,37.8,63.1,21.9,17.8,36.7,"26.7"
"Morel, Christopher",666624,2024,25,"76.1",64.7,"8",13.1,-5.8,73.5,27.3,"89.2","14.2",27.6,10.2,4.5,26.5,34.1,2.6,40.4,68.7,27.2,26.2,48.7,"27.3"
"García, Adolis",666969,2024,31,"72",23,"7.9",10.5,-2.6,58.2,29.3,"91","15",33.7,12.5,6.6,27.6,28.1,2.4,48.2,74.9,24.7,33.6,48.5,"26.8"
"Gurriel Jr., Lourdes",666971,2024,30,"70.6",9.5,"7.5",8.5,-4.1,48.3,35.8,"88.4","15.7",33.8,6.7,7.2,28.8,28.3,3.4,40,69.5,11.8,32.9,62.3,"26.6"
"Julks, Corey",667452,2024,28,"70.7",8.9,"7",9.1,-4,56.4,34.3,"84.9","15",33.9,3.2,4.8,31.5,30.6,4,29,61.2,18,30.6,58.5,"28.5"
"Rooker, Brent",667670,2024,29,"73.7",37.2,"7.1",11.7,-5.6,47.3,35.7,"91.9","18.9",38.3,16.6,8.6,26.8,22.8,3.2,49.6,72.6,21.1,31,39.8,"27.6"
"Arozarena, Randy",668227,2024,29,"72.7",33.4,"7.4",9.4,-2.1,69.6,24.8,"90.4","13.2",28.4,8.3,7,27.6,33.1,2.6,43.5,59.5,25,24.3,60,"28.1"
"Rogers, Jake",668670,2024,29,"70.7",6,"7.3",18.6,0.4,55.1,33.1,"89","15.7",32.9,9.9,9.4,25.4,28.2,5.2,41.8,68.4,24.8,25.9,45.3,"27.1"
"Bleday, JJ",668709,2024,26,"71.7",16.5,"7.3",10.6,-8.3,54.1,29.5,"88.5","18.6",37.1,8.3,7.1,32.4,25.2,2.7,36.2,67.8,17,24.7,50.9,"27.6"
"Steer, Spencer",668715,2024,26,"71.6",13.6,"7.4",9.3,-5.6,53.1,28.7,"88","17.4",34.2,6.4,7.7,29.2,27.3,5.5,39.9,64.8,13.4,24.8,52.1,"28.2"
"Reynolds, Bryan",668804,2024,29,"71.6",17.1,"6.8",12.7,0.4,46.5,38,"89.9","9.4",37.5,9.6,7.2,21.1,30.9,4.9,45.4,74,18.7,30.2,48.1,"28.0"
"McCann, Kyle",668832,2024,26,"73.6",37.2,"7.8",18.2,-2.9,42.4,33.5,"89.6","12.5",30.9,12.3,8.6,22.2,32.1,3.7,38.3,66.8,35.5,25.4,29.6,"25.3"
"Martin, Austin",668885,2024,25,"66.9",1.1,"6.9",9.9,-5.4,51.4,39.9,"87.2","12.7",39.4,1.1,5.3,24.5,28.2,5.9,33.5,69.5,15.4,18.5,53.1,"28.3"
"Vientos, Mark",668901,2024,24,"71.8",20.6,"7.6",15.5,1.3,57.5,32.2,"91.2","11.4",34.6,14.1,7.1,20.1,32.2,2.8,46.6,68.5,25,32.3,46.9,"26.3"
"Lewis, Royce",668904,2024,25,"73.3",36.1,"7.7",8,-5.1,57.2,28.1,"87.1","16.8",36.3,11.2,5.4,30.5,26.5,5.8,37.7,72.8,19.4,33.3,58.1,"26.6"
"Turang, Brice",668930,2024,24,"66.2",3.4,"6.1",1.1,6.1,25.9,30.3,"87","6.1",32,2.4,2.6,20.8,38.3,7.4,29.7,64.5,9.3,28.4,74.5,"29.3"
"Rutschman, Adley",668939,2024,26,"69.1",6.4,"6.9",10.4,-2.6,48.6,36.4,"88.2","18.8",35.4,6.1,4.8,33.3,24.6,1.9,36.6,60.1,12.1,28.9,72.5,"26.6"
"Rojas, Josh",668942,2024,30,"66.6",0.8,"7.3",13,-0.5,49,33.5,"88.2","15.5",35.6,5.7,7.9,29.7,25.2,5,38.2,66.9,15.9,22,47.2,"27.0"
"Mitchell, Garrett",669003,2024,25,"75.7",58.7,"7.4",10.7,4.3,57.8,33.6,"88.8","2.8",34.6,8.7,6.3,11,41.7,7.1,37,68.5,27,17.6,31.1,"29.5"
"Melendez, MJ",669004,2024,25,"72.8",32.7,"7.7",9.8,-3.6,53.9,29.1,"91.1","14.6",29.1,8.4,9,26.4,33.4,1.7,45.2,77.8,24.1,28.4,56.3,"27.8"
"Marsh, Brandon",669016,2024,26,"71.9",14.9,"7.2",10.2,0.7,41.7,39.8,"91.6","13.8",40.7,10,11.9,21.1,27,2.6,47.4,61.4,16.2,23.7,46.9,"28.2"
"Stowers, Kyle",669065,2024,26,"73.7",33.2,"6.8",9.5,1.8,47.1,35,"91","12.3",36.1,10.9,8.4,16.8,32.8,1.7,51.3,78.5,27.1,32.6,44.3,"28.2"
"Langeliers, Shea",669127,2024,26,"74.1",42,"7.3",12.3,-5.7,63.4,29.5,"91.3","16.3",35.3,12.8,5.2,29.4,28,2.9,44,69.5,19.7,30.7,50.6,"27.8"
"Campusano, Luis",669134,2024,25,"69.2",7.2,"7.6",7.2,-0.1,59.1,25.7,"87.7","9.9",27.4,4.6,4.6,26.6,38,2.1,34.2,69.1,14.6,31.8,66,"25.0"
"Murphy, Sean",669221,2024,29,"73.3",39,"7.9",12.1,-3.9,55.7,31.7,"88","10.5",25.7,9.6,4.2,22.8,37.1,6,36.5,62.4,21.1,27.9,54.2,"25.2"
"Senzel, Nick",669222,2024,29,"68.8",3.1,"7.5",9.9,-0.9,54.9,32.5,"84","15.5",38.6,5.7,4.5,26.7,27.8,9.1,26.7,66.5,15.9,24.6,51.3,"27.3"
"Wells, Austin",669224,2024,24,"72.4",21.7,"7.4",10.9,-2.3,47.8,34.5,"88.4","17.1",34.5,9.1,7.3,30.2,24.4,5.5,38.9,73.1,19.9,25.5,51.7,"26.7"
"Malloy, Justyn-Henry",669234,2024,24,"69",4.7,"7",17.9,-2,46.8,41.2,"87.6","18.7",31.9,10.9,6.7,30.3,26.9,3.4,37.8,65,27.9,19.7,30.8,"26.6"
"Edman, Tommy",669242,2024,29,"69.8",8.3,"6.9",8.5,0.1,52.9,26.9,"87.6","11.4",31.5,3.6,5.4,27.9,36,2.7,35.1,66.5,14.8,25.8,52.1,"27.9"
"Smith, Will",669257,2024,29,"67.9",3.1,"7.2",13.2,0.4,60.5,34.6,"89.4","18.7",38.3,10.8,8.4,32.2,24.3,1.8,42,66.6,15.5,26.3,65.8,"27.4"
"Suwinski, Jack",669261,2024,25,"73.3",32.7,"7.3",8.3,-3.7,41.8,32.9,"88.9","12.9",28.8,8.8,4.7,24.1,32.9,5.9,38.2,67.5,18.1,22.9,41.7,"28.3"
"Espinal, Santiago",669289,2024,29,"66.5",2.8,"7.3",8.2,0.6,49.1,34.8,"85.9","15",35,1.9,4.2,29.9,30.9,3.9,24.1,68.8,9.4,28,71.2,"27.3"
"Miranda, Jose",669304,2024,26,"71",15.6,"7.6",11.7,-6,68.5,25.9,"88.9","15.5",33.9,5.9,7.7,31.3,30.7,3.2,38.9,70.9,12.5,35.7,59.8,"25.9"
"Gorman, Nolan",669357,2024,24,"73.2",30.2,"7.5",17.5,-1.5,48.4,35.8,"88.5","20.3",40.3,16.7,5.1,30.6,22.7,4.6,38.6,70.8,29,30.3,37.7,"26.2"
"Edwards, Xavier",669364,2024,24,"64.5",0.2,"6.3",3.9,6.9,37,32.8,"86.1","6.7",37.6,1.8,3.7,19.7,39.4,6.4,24.3,70.3,12.7,24.8,71.4,"28.4"
"Burger, Jake",669394,2024,28,"74.7",46.9,"7.5",8.4,-6.1,54.8,23.7,"91.3","13",32.4,12.3,7.7,22.6,29.8,3.6,46.8,70.1,18.9,36.5,50.6,"27.9"
"Smith, Josh",669701,2024,26,"70.1",6.8,"6.8",13,-5.1,44.7,37.5,"87.8","15.4",33.7,3.7,5.7,30.7,26.5,6.1,37.1,66.9,14.9,25.9,59.1,"27.6"
"Triolo, Jared",669707,2024,26,"70.5",6.2,"7.8",10.1,-2,51.2,39,"88.4","13.4",38.8,5.3,5,29.5,29.2,4.6,39.1,70,19.6,25.1,50.5,"28.5"
"Hays, Austin",669720,2024,28,"72.6",24.2,"7.2",13.6,-5.1,64.4,29.4,"88.9","14.9",30.2,6.7,7.8,29.6,30.7,3.4,40.2,72.6,18.1,35.9,48,"27.1"
"Toglia, Michael",669911,2024,25,"73.2",29.3,"7.5",15.1,-2.8,40.9,35.4,"92.1","15.1",39.2,17.3,8.6,23.1,27.1,1.2,50.2,66.7,22.5,27.3,40.3,"27.4"
"Lopez, Nicky",670032,2024,29,"64.2",0.5,"6.7",8.7,8.1,60.3,27.9,"85","5.6",30,1.5,1.5,22.6,43.6,7.1,16.9,68.6,13.5,27.9,65.8,"27.1"
"Raley, Luke",670042,2024,29,"75",50.8,"7.2",13.2,-4.1,61.8,31.5,"90.1","13.5",31.5,11,8.1,22,33,7,41.8,75.2,23.6,27.9,35.6,"28.9"
"Wallner, Matt",670242,2024,26,"77.3",73.5,"7.3",11.9,-3.3,47.7,32.2,"92.8","21.6",38.1,17.5,10.3,26.2,15.9,2.4,53.2,71.7,31.3,26,43.6,"27.5"
"Alvarez, Yordan",670541,2024,27,"76.5",63,"7.6",8.8,-6,42.1,35.1,"93.1","18.3",35.4,14.5,7.6,30.6,19.5,3.3,49.7,67.9,11.1,30.6,63.5,"26.1"
"Paredes, Isaac",670623,2024,25,"68.2",4.8,"8",14.2,-16.7,53,32.4,"85","22.4",37,4.5,7.2,35.9,23,5.4,27.1,64.7,11,26.4,68.8,"25.9"
"Walls, Taylor",670764,2024,27,"67.3",1.7,"7.2",12.7,1.1,59.9,33.8,"86.1","18.2",29.9,3.2,5.2,36.4,31.2,3.9,24,69.3,18.6,20.3,52.4,"27.8"
"Friedl, TJ",670770,2024,28,"70.5",7.8,"6.8",9,-8.9,61.8,27.8,"86","16.7",29.9,3.2,5.6,33.1,26.3,9.6,31.5,61.8,11,24,63.3,"26.5"
"Herrera, Iván",671056,2024,24,"73.3",33.6,"7.5",7.3,2.5,44.3,33.6,"89.3","9.2",38.2,9,6.7,16.9,35.4,2.8,42.1,60,15.8,26.6,54.1,"27.3"
"Casas, Triston",671213,2024,24,"74.6",49.3,"7.7",11.9,0.8,52.2,36.6,"90.2","10.5",35.6,13.3,7.4,20.7,31.1,5.9,45.2,65.8,26,23.1,50,"24.1"
"Ramos, Heliot",671218,2024,24,"75.2",55.2,"6.9",8.5,3.4,46.7,32.9,"91.5","10.4",34.3,14.5,5.5,22.1,34,4.1,47.5,72.3,18.3,29.9,48.1,"27.9"
"García Jr., Luis",671277,2024,24,"71.7",22.7,"7.3",10,1.6,61.1,29,"89.1","8.2",32.8,8,5.8,21.4,36.9,3.9,41.7,69,12.6,36,63.6,"27.2"
"Freeman, Tyler",671289,2024,25,"71.7",17.4,"7.2",4.1,-4.7,38.4,35,"87.7","13",30.7,3.2,6.7,28.3,33.2,7.8,34.6,64.5,10.1,29.1,69.7,"28.2"
"Butler, Lawrence",671732,2024,23,"74.2",43.6,"7.1",4,0.3,38.8,31.4,"91.1","11.3",35.1,11,5.8,23.1,31.5,1,47.4,69.1,19.6,27.3,55.3,"27.6"
"Harris II, Michael",671739,2024,23,"74.7",48,"8.1",7.1,-2,49.5,29.8,"90.5","7.5",33.5,10,8.3,18.9,35,6,47,69.7,18.4,39.6,62.3,"28.3"
"Bailey, Patrick",672275,2024,25,"71.3",13.2,"7.3",7.7,-0.8,40.9,33.7,"91.3","12.1",37.9,5.5,7.1,23.9,31.1,2.6,43,70,15.6,25.1,53.7,"25.2"
"Siani, Michael",672279,2024,24,"68.9",5.9,"7.2",8.9,2.3,44,31.6,"84.4","5.1",32.6,2.3,2.3,16.1,39,16.1,22.6,64.8,23.3,29.2,53.8,"28.3"
"Kelenic, Jarred",672284,2024,24,"72.7",24.8,"7.3",14.5,-1.2,55.6,32.9,"89.8","16",38.2,9.9,8.8,27.6,23.3,3.5,45.2,69.2,23.3,29.8,42.2,"27.9"
"Arias, Gabriel",672356,2024,24,"74.5",47.5,"7.6",8,0.8,44.1,28.5,"89.7","5.6",35.6,7.9,6.9,15.8,38.6,5.9,36.6,80.1,29,40.1,41.4,"27.4"
"Kirk, Alejandro",672386,2024,25,"70.1",12.2,"7",7.4,4.5,51.8,25.2,"89.4","10.8",34.6,6.7,7,20.8,35.9,4,40.9,65.7,9.8,28.3,71.3,"24.7"
"Moreno, Gabriel",672515,2024,24,"70.6",13,"7",6.9,6.8,43.8,33.9,"90","8.8",33.6,6.6,5.9,21.9,40.6,2.3,41,59.2,15,21.6,70.9,"27.2"
"Garcia, Maikel",672580,2024,24,"70.8",10.8,"7.2",4.6,4.6,45.6,28.3,"90.4","6.4",34.1,3.7,4.8,22.5,39.5,2.9,42.8,63.6,10.9,21.3,68.6,"27.9"
"Lopez, Otto",672640,2024,25,"70.7",14,"6.6",6,1.8,48.2,30.6,"88","5.4",30.4,5.1,4.8,16.6,41.9,4.2,38.9,70.4,12.4,32,56.7,"28.7"
"Perdomo, Geraldo",672695,2024,24,"66.9",2.2,"6.8",8.9,-1.4,50.7,35,"87","16.9",28.9,3.1,3.1,31.3,29.9,7.2,25.8,58.9,7.8,19.3,72.5,"27.0"
"Pérez, Wenceel",672761,2024,24,"70.2",9.2,"6.9",6.6,-4,44.3,28.9,"88.4","18",37.7,4.3,6.3,31.3,26.7,3.7,30.6,65,15.2,28.4,66.7,"28.2"
"Sosa, Lenyn",672820,2024,24,"71.7",17,"7.4",8.1,3.6,48.9,33.6,"89","12.3",42.2,6.1,9,23.5,27.4,2.9,41.2,67.9,13,37.4,67.6,"27.3"
"Diaz, Yainer",673237,2024,25,"72.5",23.6,"7.4",11.2,3.9,59.2,30.8,"90.2","8.9",35,7.6,8.4,16,36.8,2.1,47.5,77.7,13.6,42.6,59.8,"27.1"
"Robert Jr., Luis",673357,2024,26,"74.6",47.6,"7.7",9.7,-1.7,49.2,36.1,"90.1","13.5",35.6,9.9,5.1,27.7,28.5,3.2,40.7,72.7,23.4,35.9,41.6,"28.8"
"Kim, Ha-Seong",673490,2024,28,"69",7.7,"6.8",4.4,-1.1,42.9,25.3,"87.9","15.1",36.6,4.8,4.8,29.7,29.1,7.2,35.4,55.2,13.4,18.6,75.1,"28.3"
"Suzuki, Seiya",673548,2024,29,"73",35,"7.2",6.4,-0.9,47.3,30.1,"91.7","16.2",38.8,11.5,10.1,28.1,23.9,0.8,49.2,59.6,16.6,20.7,53.9,"28.3"
"Jung, Josh",673962,2024,26,"72",14.6,"7.2",13.2,-0.1,60.4,36.8,"86.2","12.2",38.2,9.9,4.6,21.4,29,7.6,39.7,68.9,23.4,35.5,52,"27.3"
"Westburg, Jordan",676059,2024,25,"71",11,"6.8",10.7,-3.3,64.6,30.3,"91.1","13.1",37.4,11.8,9,23.7,29.9,2.2,46.1,71.6,20.7,30.4,50.4,"29.0"
"DeLuca, Jonny",676356,2024,25,"70.8",11.2,"7.6",8.3,-8,60.1,27,"84.6","16.2",32.7,3.9,4.7,30.4,29.2,5.8,28,71.3,17.1,37.9,64,"29.8"
"Velázquez, Nelson",676369,2024,25,"73.4",34.6,"7.5",12.1,-5.1,62.3,30.3,"88.2","17.4",29.9,8.8,6.8,34.7,24.5,4.8,38.1,70.6,23.3,25.6,35.5,"27.5"
"Clement, Ernie",676391,2024,28,"66.8",1,"6.8",10.6,-3.4,56.3,33.4,"85.5","16.3",34.3,3.8,5.3,32,27.7,6.5,24.9,70,9.2,43.4,76.9,"28.4"
"Burleson, Alec",676475,2024,25,"71.2",18,"7.5",9.6,1.4,54.9,33.4,"89.7","13.6",34.3,6.5,7.1,26.2,30.1,3.1,41.7,77.6,13.3,34.5,68,"25.5"
"Caballero, José",676609,2024,27,"69.7",15.6,"7",12.7,-5.2,53.8,32.6,"83.7","15.9",33.8,5.1,4.8,28,25.5,13.4,25.2,66.7,17.9,35,52.1,"28.3"
"Meyers, Jake",676694,2024,28,"68.6",7.9,"7",9.4,-4.3,45.2,30.4,"88.2","14.4",34.8,6.8,8.3,25.6,30.8,5.7,37,68.1,15.9,31.2,50.2,"28.9"
"McCormick, Chas",676801,2024,29,"70.8",12.6,"7.5",19,7.5,42.3,37.4,"86.2","15.2",32.2,7.5,4,29.3,25.9,8.6,32.8,74.4,24.7,33.7,55.4,"28.7"
"Schneider, Davis",676914,2024,25,"69.8",6.1,"6.9",17.4,-1.1,52.3,33.1,"88.6","21.4",38,12,6.6,35.7,19.4,3.5,38,64,22.5,22.9,48.5,"27.2"
"Rocchio, Brayan",677587,2024,23,"69.5",3.2,"7.3",10.1,-3.2,51.2,29.2,"84.6","9.4",36,4,4,26.7,34,9.7,22.3,68.3,16.6,29.9,60.4,"26.8"
"Tena, José",677588,2024,23,"71.2",19.5,"6.9",7.7,-0.9,38.3,36.2,"91.2","7.6",30.8,8.3,4.2,17.5,29.2,6.7,49.2,67.3,16.2,32.9,60,"28.1"
"Rodríguez, Julio",677594,2024,23,"76.3",63.4,"7.9",8.1,-2.9,47.2,33,"91.7","10.5",33.2,10.2,6.1,21.3,34.4,2.7,48.4,74.6,21.2,37.3,52.9,"29.6"
"Duran, Ezequiel",677649,2024,25,"72.6",25.3,"7.2",6.4,1,46.1,25.7,"87.1","8.9",28.2,3.4,6.3,28.2,38.3,3.9,35.9,74,14.1,39.3,55.9,"28.8"
"Abreu, Wilyer",677800,2024,25,"74.6",44.6,"7.4",11.1,-3,53.7,31.7,"91.6","19.2",33.7,11.1,7.5,31.5,24,1.4,50.5,68.4,23.1,28.1,54.9,"27.5"
"Jiménez, Leo",677870,2024,23,"69.7",6.1,"7.4",8.9,1.7,47,34.5,"87.6","12.3",40.7,8.1,7.3,23.6,27.6,6.5,33.3,64.3,19.6,27.9,55.6,"28.0"
"Alexander, Blaze",677942,2024,25,"73.1",30.4,"7.3",7.2,4.8,37.8,34.3,"88.5","8.5",22.9,3.4,5.9,23.7,37.3,6.8,34.7,75.1,18.8,29.2,43.9,"28.6"
"Witt Jr., Bobby",677951,2024,24,"74.7",48.3,"7.1",5.9,-2.1,48.5,29.8,"92.7","15.1",35.7,14.3,5.6,27.7,25.3,2.2,48.3,72.3,15.2,32.1,63.3,"30.5"
"Meadows, Parker",678009,2024,24,"70.5",9.6,"7.3",9.6,-4.7,50.4,31.6,"87","18.5",34.7,7.7,6.1,34.7,23.5,4.6,32.3,65.9,16.4,25.8,46.9,"29.3"
"Vargas, Miguel",678246,2024,24,"69.8",8.3,"7.7",11.3,-3.5,62.3,36,"86.2","21.3",28.9,4.6,4.6,42.8,26.3,3.3,26.3,67.3,20.3,21.8,74.5,"28.6"
"Tovar, Ezequiel",678662,2024,22,"71.3",18.9,"7.5",10.5,-2.3,48,36,"88.8","18.9",38.5,9,7.7,30.2,21.8,5.4,39.8,82,21.9,44.1,46.5,"28.1"
"Noel, Jhonkensy",678877,2024,22,"78",77,"7.7",9.8,-13.1,52,30,"88.6","19.3",30.8,14.5,4.3,31.6,32.5,1.7,36.8,66.1,19.5,45.1,49.7,"28.1"
"Rafaela, Ceddanne",678882,2024,23,"70.1",6.8,"7.5",14.1,-0.5,52.6,33.3,"86.6","14.9",34.9,7.5,5,25.6,30.9,7,36.9,78.6,24.3,46.4,53.3,"28.8"
"Rojas, Johan",679032,2024,23,"71.3",21.3,"7.2",4.5,-0.8,48.1,20,"85.7","4.8",22,2.5,3.6,19.9,44.4,10.1,27.4,61.8,15.7,35.5,65,"30.1"
"Torkelson, Spencer",679529,2024,24,"73.6",30.4,"7.5",10.5,-8.3,53.9,32.8,"89","20.2",31.5,6.7,5,36.6,27.3,2.9,39.7,66.9,17.7,23.2,45.7,"27.2"
"Loftin, Nick",679845,2024,25,"69.5",2.3,"7.4",7.7,-4.7,54.5,33.3,"83.6","9.9",30.7,3.1,1.6,29.9,37,7.9,26,65.7,6,20.9,56.7,"27.7"
"Schuemann, Max",680474,2024,27,"68.3",2.1,"6.7",12.3,0.3,61.5,32.3,"89","16.6",39.5,5.6,7,29.7,29,3.8,37.4,62.8,21.3,21.4,49.5,"27.8"
"Palacios, Richie",680700,2024,27,"68.9",4.2,"7",9.1,-4.8,55.6,25.9,"86.2","14",36.4,3.5,4.5,27.3,31.3,3.5,30.3,70.7,18.2,23.5,55.6,"27.9"
"Barger, Addison",680718,2024,24,"74.4",44.2,"7.5",7.8,0.7,45.3,32.5,"88.3","12.1",32.9,8.7,5.4,24.8,30.2,6,38.3,61,19.3,31.4,56,"28.0"
"Kwan, Steven",680757,2024,26,"64.4",0.4,"6.5",3.6,-2.9,36.6,35.8,"86.3","14.9",38.5,2.6,5.3,31.8,28.1,4.4,23.7,57.7,4.3,19.2,79.6,"27.1"
"Duran, Jarren",680776,2024,27,"73.6",36.2,"7.6",3.9,3.2,36.2,29.4,"90.8","9.5",33.8,9.3,6.2,20.4,35.7,2.7,43.9,68.2,15.7,28.1,52.9,"29.6"
"Jeffers, Ryan",680777,2024,27,"72.9",34.1,"7.5",9.5,-4.1,54.2,29.5,"86.9","16.2",31.7,8.3,5.8,30.2,27.7,6.2,33.8,64.1,15.9,34.2,63.3,"26.3"
"Gelof, Zack",680869,2024,24,"71.6",11.7,"7.3",16.4,0.8,54.8,33.7,"89.2","14.2",34.4,8.8,6.3,26.5,31.5,4.1,37.2,72.1,26.1,29.7,37.2,"28.7"
"Donovan, Brendan",680977,2024,27,"69.6",7.2,"6.9",7.7,0.8,49.6,30,"88.7","13.2",36.6,5.5,6.5,26.8,32.1,3.1,37.6,63.7,8.6,23.7,66.4,"27.0"
"Stott, Bryson",681082,2024,26,"68.2",1.9,"7.1",6.5,2.2,47.4,31.9,"87","14",35.3,3.6,5.2,30.3,30.6,2.8,30.8,59.6,13.3,28.3,75,"29.1"
"Bride, Jonah",681146,2024,28,"67.9",5,"7.2",13.4,0.9,61.9,29,"87.1","11.8",29.9,5.4,4.3,26.1,34.8,6.5,33.7,52.1,11.4,23.9,71.3,"26.9"
"Cowser, Colton",681297,2024,24,"73.8",40.6,"6.9",13.9,0.2,44.2,38.8,"90.5","13",32.1,13.6,7.6,21.2,31.2,3.9,46.1,64,20.1,25,43.3,"28.2"
"O'Hoppe, Logan",681351,2024,24,"70.7",17.4,"7.3",15.1,-2.4,54.3,33.9,"90.4","15.3",42.9,12,7.1,24.5,26.7,3.1,46.3,72.4,22.7,34,45.7,"28.1"
"Norby, Connor",681393,2024,24,"70.1",9.2,"7.1",19,6.8,36.2,42.2,"86.2","17",47,14.8,7,24.3,20.9,7.8,39.1,79.9,26.5,34.8,51.1,"29.3"
"Carpenter, Kerry",681481,2024,26,"71.5",14.5,"7.5",17.7,1.1,49.6,34.6,"90.5","17.6",40.1,17.7,5.7,24,25.5,3.1,46.4,70.4,18.4,32.3,46,"27.7"
"Outman, James",681546,2024,27,"73.1",31,"7.9",14.7,-5.3,47.3,34.2,"87.6","15.3",38.3,4.9,11.1,32.1,22.2,7.4,38.3,67.3,25,28.2,34.4,"28.8"
"Pages, Andy",681624,2024,23,"73.1",27.8,"7.7",9.9,-4.1,50.7,41.2,"88.6","20.8",40.8,10.7,6.4,31.8,20.1,4.7,40.1,71,19.5,30.7,58.4,"28.3"
"Fry, David",681807,2024,28,"70.5",9.3,"7.8",13.7,-2.8,62.4,32.2,"88.3","19.6",36.9,7.5,6.3,29.4,24.3,3.5,37.6,70.9,16.2,28.1,54,"26.2"
"Schneemann, Daniel",682177,2024,27,"70.7",6.3,"7",13.2,1.8,53.8,33.9,"88.5","11.1",41.3,4.8,5.6,23.8,31.7,2.4,38.1,74.5,24.5,24.5,47.3,"28.3"
"Marte, Noelvi",682622,2024,22,"73.1",33.6,"7.5",10.1,-4.9,54.2,32,"87","11.4",33.5,6.5,6.5,25.8,34.8,4.5,36.1,74.4,19.1,37.1,46.1,"28.8"
"Alvarez, Francisco",682626,2024,22,"73.5",37.3,"7.2",4.2,-3.3,42.3,26,"88.8","6.9",27.2,6.7,6.7,22.3,40.2,4.5,42,64.3,20.6,28.9,51.3,"25.8"
"Matos, Luis",682641,2024,22,"71.7",18.3,"7.2",5.5,-11.4,53.8,25.3,"86.9","14.1",29.1,3.9,7.1,33.9,28.3,3.9,37,68.9,7.6,40.1,71.2,"27.8"
"Martínez, Angel",682657,2024,22,"69",6.4,"7.3",11.7,-3.5,49.3,34.5,"86.5","14.9",29.8,1.7,5.8,27.3,36.4,5.8,32.2,62,11.8,35.9,67.2,"27.6"
"De La Cruz, Elly",682829,2024,22,"75.2",53.8,"7.3",9.6,0.5,52.7,35.2,"91.8","9.7",35.7,12.7,6.2,21.1,33,3.7,45.7,61.7,23.2,26.9,45.8,"30.0"
"Abrams, CJ",682928,2024,23,"72.2",23.9,"7.5",12.4,-3,61.9,29,"88.2","15.1",33,6.9,9.6,26.6,27.8,4.3,40.7,70.4,18.4,35.5,62.4,"28.5"
"Greene, Riley",682985,2024,23,"74.7",45.8,"7.2",11.9,0.4,43.6,43.4,"91.3","12.2",39.1,13.4,8.1,21.2,32.7,1.4,47.1,66.3,19.4,23.1,54.2,"27.7"
"Carroll, Corbin",682998,2024,23,"73.7",36.9,"7",6.5,-0.3,53,22.5,"89.3","12",27.8,7.2,7,27,35.7,4,40.8,59.8,13,24.9,63.9,"29.6"
"Henderson, Gunnar",683002,2024,23,"76.3",64.5,"7.2",8.3,2.9,47.4,30.5,"92.8","9.2",34.5,11.2,8.6,18.7,33.7,3.2,53.9,66.7,17.5,23.2,57.2,"28.9"
"Volpe, Anthony",683011,2024,23,"69.3",3.7,"7.1",9.6,7.4,60.7,33,"87.7","8.4",33.3,3.9,5.6,21,36.8,4.7,35.4,65.4,16.5,29.3,62.6,"28.6"
"Baty, Brett",683146,2024,24,"73.5",38,"7.6",12.1,-0.7,41.8,38.4,"86.6","10.3",27.7,5.4,6.3,22.3,39.3,7.1,33,69.2,16.4,31.9,51.9,"26.9"
"Vaughn, Andrew",683734,2024,26,"70.8",12,"7.6",9.7,-4.7,57.4,28.6,"90.3","16.6",33.6,9.3,8.4,30.2,28.7,2,43.3,66.7,11.8,33,58.4,"26.3"
"Busch, Michael",683737,2024,26,"70.3",11.3,"7.3",15.8,0.7,43.9,37.9,"89.9","17.2",36.4,11.2,6.5,29,28.1,4.1,39.9,68.6,20.2,23.2,48.9,"27.3"
"Frelick, Sal",686217,2024,24,"66.3",2.6,"6.9",5.6,0.6,40.9,30.3,"83.4","9.7",30,0.8,3.5,24,38.3,8.5,19.5,57,8.1,25.8,76.2,"29.3"
"Pasquantino, Vinnie",686469,2024,26,"71.7",19.8,"7.4",9.6,-7,57.9,30.1,"91","14.6",31.9,7.1,8.9,28.2,30.1,2.5,46.5,66.3,7.5,30.7,71.6,"25.6"
"Canzone, Dominic",686527,2024,26,"72.4",26.6,"7.6",16.2,-3.9,48.5,34.5,"89.9","9.1",31.6,11.1,10.3,26.5,34.2,3.4,44.4,68.9,24.1,37,48.1,"27.1"
"Doyle, Brenton",686668,2024,26,"70.9",8.1,"7.4",12.7,0.1,64.6,31.3,"89.2","13.2",37.4,10.5,6,25.2,28.2,5.5,41.4,74.5,18.2,30,43.5,"29.3"
"Lee, Korey",686676,2024,25,"71.4",14,"7.2",9.6,-0.7,51,29.3,"88.3","9.6",34.1,7.5,4.7,25.5,34.5,5.9,37.6,80.2,28.5,35.3,41.4,"27.6"
"Massey, Michael",686681,2024,26,"70.9",8.8,"7.2",12.9,-7,61.9,32.4,"89.2","16.8",34.4,7.1,7.1,29.4,28.4,3.2,36.9,67.3,8.7,37.4,66.1,"26.8"
"Pagés, Pedro",686780,2024,25,"72",23.7,"6.9",5.7,1.5,38,31,"89","11.8",32,4.8,8.2,25.9,34,2,40.4,66.4,16.3,35,53.8,"25.9"
"Lee, Brooks",686797,2024,23,"69.3",4.7,"6.9",8.7,-5,57.3,30.3,"85.8","12.5",36.7,4.1,5.4,30.6,33.3,2.7,24.5,67.6,10.2,35.8,59.4,"25.6"
"Brennan, Will",686823,2024,26,"69",3.2,"6.8",5,0.2,43.7,30.1,"86","13.3",31.1,4.6,4.2,26.9,30.4,6.4,32.5,75.1,13,33.8,70.1,"28.2"
"Neto, Zach",687263,2024,23,"71",14.7,"7.1",14.6,-6.1,56.5,33.4,"88.5","12.3",29,8.4,8.4,24.8,29.7,7.1,38.8,67.9,17.8,31.3,54.2,"28.2"
"Scott II, Victor",687363,2024,23,"69.1",7,"6.7",11.2,-4.1,47.7,32.8,"88.4","12.1",33.3,5.7,6.7,27.6,35.2,8.6,33.3,70.5,15.5,29.3,46.9,"30.0"
"Ortiz, Joey",687401,2024,25,"73.4",35.2,"7.5",2.2,1.4,35.6,26.8,"87.8","9.9",26.6,4.6,5.2,24.9,35.5,5.2,38.4,53.5,9.9,24.7,66.7,"28.7"
"Horwitz, Spencer",687462,2024,26,"69.5",9.5,"7",9.4,2.6,44.7,37.9,"88.2","13.7",37.4,8,8.4,23.3,31.3,2.7,36.6,65.4,15.5,25.7,70.4,"25.2"
"Beck, Jordan",687597,2024,23,"71.4",14.6,"7.7",10.5,-1.4,55.3,32.6,"86.1","13.4",32.1,6.6,5.7,26.4,28.3,4.7,32.1,73.1,26.6,33.5,46.8,"28.6"
"Wisely, Brett",689172,2024,25,"67.5",3.5,"6.8",8.7,-3.4,41.6,33,"86.8","16.2",29.7,5.2,3.6,32.3,28.1,5.7,31.6,67.1,13.2,30.9,55.5,"27.8"
"Keith, Colt",690993,2024,22,"71.3",14.3,"6.7",8.5,0.1,45.3,33,"87.8","11.3",34.6,5.6,5.1,25.2,30.4,4.2,35.3,67.9,13.4,29.9,55.6,"27.7"
"Soderstrom, Tyler",691016,2024,22,"74.4",45.5,"7.5",13.5,0.7,52,30.6,"91.9","9.6",31.4,14.6,9.5,18.2,39.4,0.7,49.6,69.1,18.8,29.2,44.3,"27.0"
"Walker, Jordan",691023,2024,22,"77.3",72,"8.2",5.5,-10.4,44.3,32.2,"91.2","9.4",29.3,9.5,4.3,26.7,34.5,1.7,43.1,68.4,16.9,32.4,39.8,"28.4"
"Winn, Masyn",691026,2024,22,"70.2",11.5,"7.3",4.7,-1.9,39.8,28.4,"87","13.2",33.5,3.7,6.4,28.2,30.2,5.6,32.7,62.7,13,30.4,67.8,"28.8"
"Caminero, Junior",691406,2024,20,"77.2",70.1,"8.3",5.3,-2.6,51.5,25.4,"89.7","6.8",25.2,11.8,3.1,22.8,39.4,5.5,45.7,62.9,22.2,35.5,54.8,"26.4"
"Crow-Armstrong, Pete",691718,2024,22,"70.6",8,"7.2",14.3,0.2,47.7,35.3,"88.9","17.2",33.3,7.4,6,28.8,25.6,11.6,36.8,79.7,24.6,41.4,59.9,"30.0"
"Gonzales, Nick",693304,2024,25,"71.1",12.9,"7.3",11.8,-0.4,56.4,32.6,"87.9","13",34.1,7.9,4.5,23.8,31.7,4.5,36.9,78.2,17.4,34.1,57.7,"29.2"
"Chourio, Jackson",694192,2024,20,"73.2",34,"7.4",7.4,3.5,57.9,27.2,"89.7","7.6",33.2,7.8,6.6,19.3,36.6,5.6,44.9,66.1,17.3,31.9,53,"29.7"
"Schanuel, Nolan",694384,2024,22,"65.2",2.6,"6.6",9.1,1,46.4,39.2,"86.1","10.3",36.4,3.5,4,24.2,33.3,3.8,25.4,62.1,10,21.5,72.7,"26.4"
"Loperfido, Joey",694388,2024,25,"72.9",27.2,"7.7",16.3,4.7,44.2,38.4,"88.3","12.9",40.7,4,5.3,24.7,32,3.3,34.7,72.8,23.2,32.4,37.8,"28.8"
"Carter, Evan",694497,2024,21,"71",15.6,"7.1",5.8,-6.7,47.8,28.6,"86","13.9",33.3,5.9,5.9,31.4,29.4,4.9,32.4,56.2,15.7,18.5,50.9,"29.7"
"Langford, Wyatt",694671,2024,22,"74.5",48.2,"7",11.2,-4.4,55.7,31,"89.6","16.6",31.3,9.3,6.5,27.9,28.4,4.1,43.4,64.3,16.8,23,61.5,"29.8"
"Wood, James",695578,2024,21,"73.9",44.3,"7.4",8.6,4.1,38.3,40.1,"92.8","2.4",31.3,10.6,6.1,10.6,38.4,3.5,52,55.3,20,21,44.9,"28.7"
"Goodman, Hunter",696100,2024,24,"74.9",50.6,"7.3",10.1,-8.6,69.9,24.1,"88.2","16.5",32.9,12.8,6.7,29.5,30.2,6,39.6,78.1,19.6,39.9,47.7,"28.0"
"Young, Jacob",696285,2024,24,"68.2",1.4,"6.9",6.6,5.5,51.3,31,"85.8","4",28.1,1.6,2.9,16.7,39,13,28.9,60.3,12.1,27.8,63.4,"29.7"
"Rice, Ben",700250,2024,25,"71.4",14.6,"7.4",12.2,-4.9,56.6,32.8,"90","17.7",34.9,15.6,1.8,30.3,26.6,1.8,36.7,72.9,17.6,20.6,46.8,"27.5"
"Manzardo, Kyle",700932,2024,23,"71.8",13.1,"7.6",17.2,-5.3,46.6,37.1,"89.1","22.1",31.4,9.5,10.5,40,20,3.8,40,64.6,19,28,51.7,"25.9"
"Merrill, Jackson",701538,2024,21,"72.2",21.6,"7.5",6.2,0.8,41.9,37.4,"90.4","14.6",39.6,11.3,7.8,26.4,26.2,3,43.9,80,13.9,34.5,64.6,"28.5"
"Lipscomb, Trey",702358,2024,24,"69.8",11.3,"7.6",3.4,3,34.9,33,"86.5","0.7",23,0.7,3.9,17.8,51.3,5.3,31.6,68.7,15.3,32.8,53.9,"27.5"
"Holliday, Jackson",702616,2024,20,"71.2",10.6,"7.1",9,4.5,54.6,31.1,"89.3","8.6",27,8.2,9.8,18.9,34.4,6.6,45.1,65.6,24.3,27.2,43,"29.4"
"Yoshida, Masataka",807799,2024,30,"70.9",15.2,"7.3",6.8,0.6,44.8,33.1,"88","10.5",36.3,5.5,7.3,23.8,31.7,4.9,37.5,64.8,8.7,25.2,69.4,"26.1"
"Lee, Jung Hoo",808982,2024,25,"70.6",12.9,"7.4",6.5,-5.5,41.9,37.6,"89.1","9.2",29.1,4.5,5.2,25.4,32.8,3,41.8,58,6,26.7,80.9,"28.4"
"Maldonado, Martín",455117,2025,38,"71.2",14.9,"7.6",15.1,-7.7,52.6,31.8,"86","16.1",30.2,9.4,3.1,25,21.9,15.6,28.1,56.5,27.7,31.6,39.5,"23.1"
"Solano, Donovan",456781,2025,37,"65.9",1.3,"6.9",8.8,-1.8,37.6,33.9,"87.4","12.7",35.9,3.9,4.7,23.4,31.3,6.3,37.5,66,16.6,36.3,54.5,"25.0"
"McCutchen, Andrew",457705,2025,38,"71.1",12,"7.7",14.5,-0.8,53.2,34.5,"89.5","14.5",34.5,8.3,6.6,23.5,29,3.3,42.5,69,19.5,20.7,50,"27.1"
"Turner, Justin",457759,2025,40,"66.3",1.8,"6.4",9,1.8,50.8,34.4,"88.3","17.9",38.2,3.7,6.6,33.1,27.2,1.5,30.9,66.3,11.3,27.6,67.3,"25.3"
"Santana, Carlos",467793,2025,39,"71.3",17.1,"7.6",12.8,-5.6,64.5,26.7,"87.6","16.7",31.1,4.9,6.7,32,32.3,4,37.8,65.9,15.2,24.9,52.6,"25.6"
"Rojas, Miguel",500743,2025,36,"68.1",4.3,"7.1",7.6,-4.4,49.3,32.1,"87.6","12.9",34.4,4,3.2,27.9,31.6,6.1,31.2,63.1,9.2,26.8,61.5,"25.9"
"Pham, Tommy",502054,2025,37,"73.4",32.8,"7",8.2,-0.9,51.9,27.4,"91.6","6.9",32.7,6.6,6.9,21.5,38.9,1.7,47.2,60.7,15.2,19.9,47,"27.2"
"Goldschmidt, Paul",502671,2025,37,"72.6",21.9,"7.6",9.7,2.4,51.4,31.9,"90.4","15.9",36.1,7.9,7.7,27.1,28.4,2,43.7,66.3,16.4,27.3,68.4,"26.1"
"Altuve, Jose",514888,2025,35,"69.7",11,"7.6",15.3,-5.7,55.3,28.8,"85.1","17.7",29.8,6.2,4.5,29.2,29.4,9.3,30.9,63.5,13.4,38.9,69.6,"26.9"
"Marte, Starling",516782,2025,36,"72.6",33.2,"7.3",8.7,-0.3,46.5,35.4,"87.6","10",32.6,7.8,6.1,20.9,32.2,8.7,40.4,67.8,17.6,29.6,51.1,"26.6"
"d'Arnaud, Travis",518595,2025,36,"70.1",8,"7.7",14.9,-3.9,56.4,32.8,"88.2","17.9",34.3,11.4,7.9,25.7,30,4.3,37.9,73.2,24.2,32.7,48.5,"26.3"
"Freeman, Freddie",518692,2025,35,"69.9",8.4,"6.9",10.7,1,46.4,43.1,"90.9","14.3",36.7,10.4,6,23.6,25.6,3.2,45.7,76.1,21.4,28.4,57.6,"25.6"
"Stanton, Giancarlo",519317,2025,35,"80.6",97.3,"8.8",10.5,-4.2,62.1,27.9,"94.4","17.5",35.7,22.1,7.1,27.3,24,2.6,55.2,58.1,27.7,25.3,41,"23.5"
"Perez, Salvador",521692,2025,35,"72.9",30.5,"7.9",12.4,-5.3,56.3,34.2,"90","18.1",35.7,14.8,7.4,27.5,26,3.4,46.7,74.8,17.3,42.4,58.4,"24.4"
"Flores, Wilmer",527038,2025,33,"65.5",0.9,"6.9",11.2,-6.6,49.8,32.1,"85.9","18.8",35.6,4.8,3.6,35.6,24,4.8,26.9,63.2,14.4,29.3,64.8,"24.5"
"Ozuna, Marcell",542303,2025,34,"72.9",31.6,"7.2",13.9,-0.9,53,36.8,"89.9","14.1",35.1,11.4,9.7,24.3,28.9,2.9,44.6,57.9,18.9,22.3,57.7,"25.3"
"Higashioka, Kyle",543309,2025,35,"70.9",9.6,"7.2",12.6,-6.8,55.1,32.3,"88.9","17.2",39.1,8.6,8.6,30,24.9,4.3,39.1,61.4,12.8,27.5,56.5,"25.1"
"Semien, Marcus",543760,2025,34,"68.4",5.3,"7.7",15.8,-3.9,56.6,34.8,"88.3","19.4",35.8,6.7,8.3,33.7,23.8,3.1,35,75.3,13.9,23.4,50,"28.5"
"Springer, George",543807,2025,35,"73.7",40.2,"7.5",13.2,-0.4,58,35.2,"90","17.2",41.2,16.1,6.4,23.8,24,5.9,47.6,71.1,20.1,20.4,52.4,"28.0"
"Vázquez, Christian",543877,2025,34,"67",2.2,"6.8",7.6,-1.1,58.3,26.8,"85.9","15.3",35.7,3.8,5.1,32.5,29.3,4.5,27.4,60.2,11.3,25.7,70.4,"24.7"
"Grichuk, Randal",545341,2025,33,"73.9",42.5,"7.7",10.2,-6.3,64.5,28.3,"92.4","17.6",33.6,11.7,5.1,31.8,27.6,1.9,49.5,65.4,9.7,31.4,57.9,"27.1"
"Trout, Mike",545361,2025,33,"74",40.1,"7.5",7.6,0.2,44.8,36.4,"90.9","17.5",44.4,15.8,8.5,23.6,20.4,6,49.3,55.9,20.7,20.7,43.8,"27.9"
"Harper, Bryce",547180,2025,32,"74.2",44.3,"7.3",11.6,-2.2,46.2,35.5,"91.3","11.6",37.6,12.3,7.6,21.9,31.9,3.1,47.5,78.9,19.1,35.6,49.9,"27.0"
"Díaz, Elias",553869,2025,34,"72.8",29.4,"6.9",6.2,-4.4,49.6,29.1,"88.4","17.7",30.1,7.5,4.8,33.3,24.7,6.5,38.7,73,23.7,30.3,39.5,"25.0"
"Suárez, Eugenio",553993,2025,33,"72.3",26.5,"7.8",18.5,-5.5,44.4,38.7,"90.2","21.9",32.8,14.3,8,35.1,22.6,3.8,47.6,69.4,21.2,31.1,39.2,"26.4"
"Urshela, Gio",570482,2025,33,"68.6",5.4,"7.2",11,3.6,58.2,36.2,"86.9","10.6",41.7,2.1,5.6,23.6,33.3,3.5,34,73,22.2,39.5,56.5,"24.2"
"Arenado, Nolan",571448,2025,34,"71.4",16.9,"8.4",10.5,-9,56.5,33.2,"86.8","19",31.5,3.9,5.1,34.8,28.4,3.7,32.6,64.9,8.7,33.9,65.5,"25.5"
"Farmer, Kyle",571657,2025,34,"66.6",1.3,"6.8",12.7,-0.8,48.5,33.5,"87","15.3",37.6,6.1,8,24.4,28.6,7.5,35.2,63.7,13.2,29.9,56.8,"26.2"
"Hernández, Enrique",571771,2025,33,"71.1",14.2,"7.5",10.3,-3.8,53.2,30,"90.3","16.3",32.9,9.4,4.7,31.8,28.2,2.9,37.6,70.6,18,32,47.3,"26.9"
"Muncy, Max",571970,2025,34,"71.2",14.5,"7",17.9,-4.8,49,34.7,"91.3","19.6",37.4,13.6,9.4,31.1,23.4,2.6,51.5,65.4,17.1,20,56.3,"27.0"
"Taylor, Michael A.",572191,2025,34,"72.4",26.7,"7.1",14.1,0.8,52.4,31.2,"90.8","17.9",37.2,10.5,12,28.3,26.7,8.9,42.9,70.5,27.4,30.7,36.9,"27.8"
"Walker, Christian",572233,2025,34,"74.1",41.9,"7.5",9.1,-4.6,51.3,29.4,"90.9","16.9",34.5,12.9,5.3,29.6,26.5,3.6,46.1,75.8,21.3,28.1,43.8,"26.2"
"Yastrzemski, Mike",573262,2025,34,"71.2",9.7,"7.5",10.9,-2.7,66.9,30.4,"90.8","20.4",35.6,8.5,9,33.5,22.1,3.7,42.6,61.2,14.1,22,67.2,"26.9"
"Contreras, Willson",575929,2025,33,"76",62.1,"8",9.4,-1.8,47.3,32.8,"90.6","12.3",37.1,13.9,7.1,21.8,29.5,4.2,49,66.2,19.5,30.2,49.7,"27.5"
"Iglesias, Jose",578428,2025,35,"68.9",9.3,"6.6",2.7,3.9,33.7,33.6,"84","3.9",27,2,2.3,16.8,42.6,12.5,28.5,55.3,11.2,34,70.5,"27.8"
"Castellanos, Nick",592206,2025,33,"70.5",16.9,"7.7",15.1,-4.5,47,40,"87.8","15.2",39,7.6,6.9,27.6,27.6,3.3,34.5,80,18.1,40.9,50.6,"27.7"
"Judge, Aaron",592450,2025,33,"77",71.6,"8.1",14.1,-6,50.8,38.4,"95.4","19",39.4,24.7,9,22.9,20.6,1.5,58.2,67,24.7,22.5,38.9,"27.1"
"Machado, Manny",592518,2025,32,"74.5",43,"7.8",7.6,-0.3,54.6,26.5,"92.9","14.3",34.8,12.9,7.8,24.9,29.4,1.6,51.5,70,18.6,29.9,56.3,"25.8"
"Pederson, Joc",592626,2025,33,"73.4",33.2,"7.6",10,-5.8,56.4,28.3,"91.2","16.9",28.4,9.5,6.5,31.8,26.4,4.5,44.8,63.5,16.8,26.9,56.9,"25.2"
"Realmuto, J.T.",592663,2025,34,"72",26.3,"7.5",12.4,1,52.8,34.2,"90","11.1",36.7,8.8,6.1,22.9,32.7,2.7,45.5,65.6,14.6,32.3,56.8,"28.4"
"Yelich, Christian",592885,2025,33,"73.4",35.6,"7.5",9.7,7,44.4,36.3,"90.2","1.9",31.2,10.3,6.1,12.3,45,3.9,46.4,66.7,18.4,25.7,44.2,"28.2"
"Bogaerts, Xander",593428,2025,32,"72.2",26,"7.3",10.2,-6.9,52.5,31,"89","11.1",36.7,6.9,7.1,21.7,30.8,3.7,39.2,58.8,14.5,23.6,60.7,"27.6"
"Polanco, Jorge",593871,2025,31,"71.2",14.5,"7.2",9.5,-10.6,56.6,30.5,"90.8","16.7",34.3,10.3,7.6,29,27.2,3.5,45.8,66.9,14,26.9,55,"27.1"
"Profar, Jurickson",595777,2025,32,"70.9",18,"7.5",10.8,-7.6,56.4,30.9,"89","20",27,7.3,6.2,34,24.7,3.9,40.3,65.7,10.7,24.2,66.7,"26.3"
"Báez, Javier",595879,2025,32,"73.5",34.4,"8.3",10,-5.6,50.5,30.3,"88.2","11.4",30.2,5.5,7.7,23.8,35.7,3.2,39.9,65.4,17.1,46.1,52.5,"27.5"
"Hedges, Austin",595978,2025,32,"71.5",15.3,"7.6",13.2,-9.3,66.8,26.6,"88.2","25.1",30.5,3.4,7.6,43.2,21.2,6.8,32.2,74.1,20,29.8,44.8,"25.0"
"Lindor, Francisco",596019,2025,31,"71",16.4,"7.5",11.1,-1.6,51.1,33.8,"90.5","15.1",34.6,8.8,7.1,27.9,25.4,5,44.4,67.3,15.3,26.7,64.2,"27.4"
"Slater, Austin",596103,2025,32,"69.6",7,"6.8",10.1,5.5,53.5,37.4,"92","7.7",41.8,14.3,10.2,14.3,31.6,2,48,70,18.5,28.3,50,"28.0"
"Story, Trevor",596115,2025,32,"71.1",14.2,"7.4",10.5,-4.5,46.2,29.4,"91.4","14.2",32.6,9.8,7.5,25.6,27.6,2.7,47,72.3,17.9,35.3,45.7,"28.6"
"Kepler, Max",596146,2025,32,"71.3",16,"7.4",7.8,-7,44.6,31.8,"90.8","16.3",34,11.6,5.8,30.4,26.4,2.1,44.7,70.1,13.1,26.6,49.4,"27.0"
"Urías, Ramón",602104,2025,31,"70.8",12.5,"7.7",13.7,0.3,70.6,27.1,"89.2","13.2",33.6,8,7.7,24.8,30.3,5.1,41.8,70,19.5,27.6,55.9,"27.0"
"Bell, Josh",605137,2025,32,"73.1",34.9,"8",10.1,-2.9,58,33.7,"90.4","10.4",33.4,12,7.8,22.2,31.1,5.2,47,68.9,16.3,26.8,59,"25.2"
"Betts, Mookie",605141,2025,32,"69",8,"7",9.2,-5.5,55.7,34.6,"89.1","18",37.7,5.5,7.2,33.7,24.9,1.9,35.8,59.9,7.6,21.6,62.3,"26.9"
"Caratini, Victor",605170,2025,31,"72.3",23.6,"7",10.7,-3.6,56.8,34.9,"88.7","12.5",34.7,7.7,8.4,23.5,28.8,6.7,40.7,68.2,14.8,23.5,64.4,"24.3"
"Arcia, Orlando",606115,2025,30,"70.6",15.1,"7.8",7.4,-0.3,57.5,26.8,"87.4","7",26.1,2.5,3.8,26.8,40.1,3.2,33.8,72.8,18,33.1,58.5,"25.5"
"Hernández, Teoscar",606192,2025,32,"72.9",31,"7.8",10.4,-0.1,54.4,31.9,"90.2","9.9",34,11.5,8.4,20.9,35.3,2.9,46.1,68.5,22.8,30,44.5,"28.1"
"Marte, Ketel",606466,2025,31,"74.6",45.5,"7.8",10.1,-7.2,61.5,32,"90.8","14.8",33,13.5,4.8,25,29,4.8,47,67.3,15.8,24.7,60.2,"26.6"
"Nimmo, Brandon",607043,2025,32,"72.3",26.5,"7.2",6.6,2.1,47.9,29.1,"91.9","11.2",29.7,8.8,8.4,22.5,35,2.2,50.2,66.3,17.2,24.2,54.7,"27.3"
"Turner, Trea",607208,2025,32,"71.2",17.8,"7.6",8.1,-3,60,27.9,"89.3","9.1",34.7,5.8,5.6,22.3,35.7,3.5,42.1,72.8,13.9,31.1,50.9,"30.3"
"Ramírez, José",608070,2025,32,"70.9",16.2,"7.2",8.9,-9.4,60.7,29.8,"88.9","19.2",36.4,7,5.7,33.5,23.8,3.8,37,66,9,29,72.6,"28.4"
"Bregman, Alex",608324,2025,31,"71",9,"7.1",13.5,-5.1,65.8,28.1,"90.1","17.7",32.9,6.6,8.5,28.8,28.8,2.2,44.4,59.5,9.4,19.8,66.3,"26.0"
"Kelly, Carson",608348,2025,30,"70.4",6.3,"7",11.7,-4,52.9,33.1,"88.8","16.4",34.8,9.6,5.1,30.7,28,4.4,40.3,67.4,14.1,21.9,59.1,"26.0"
"Seager, Corey",608369,2025,31,"72.6",21.9,"6.7",12.8,3.5,54.7,34.2,"92.9","11.6",34.2,15.3,6.8,20,29.2,2,53.6,78,18.2,23,40.8,"25.3"
"Refsnyder, Rob",608701,2025,34,"73.2",33.8,"7.6",12.2,-0.1,64.6,31.9,"92","12.1",34.6,12.3,9.2,20,31.5,3.1,52.3,61.8,20,19.1,56.6,"26.7"
"Andujar, Miguel",609280,2025,30,"71.7",18.4,"7.8",6.3,-6.8,53.7,25.8,"88","11",31.8,4.7,6.2,24.5,35.8,3.6,35.4,72.3,10.5,35.8,68.2,"26.9"
"Torrens, Luis",620443,2025,29,"70.8",8.9,"7.2",9.7,6.1,56.2,29.9,"90.6","6.2",35.9,10.7,6.3,13.6,39.3,3.9,48.1,68.5,16.9,25.8,66.9,"26.6"
"Swanson, Dansby",621020,2025,31,"70.9",5.7,"7.4",15.6,-1.5,59.4,34.6,"90.5","13.3",36.9,11.7,7.7,20.8,28.7,3.3,47.8,73.7,22.5,25.2,44.3,"28.5"
"Correa, Carlos",621043,2025,30,"73.8",37.9,"7.2",7.7,-1.5,41.7,33.1,"90.5","7.3",34.6,6.8,6.4,18.8,36.5,3.3,45.9,64.4,14.1,28.8,59.8,"26.5"
"Taylor, Tyrone",621438,2025,31,"70.3",9.9,"7.5",8.1,-8.4,53,32.3,"86.5","19.4",40.6,3.8,7.1,29.3,23.4,6.7,35.1,65.4,11.2,30.4,48.9,"29.3"
"Buxton, Byron",621439,2025,31,"75",50.5,"7.9",14.1,-6.2,57.9,34,"92.5","17.7",32.9,17.6,6.1,26.6,24.6,2.9,53.8,74.1,20.4,29.5,41.1,"30.2"
"Ward, Taylor",621493,2025,31,"69.5",7.2,"7.1",9.1,-2.9,55.5,32.1,"90.1","18",34.9,13.7,7.1,30.7,22.9,3.2,42.7,53.7,13.5,20.7,48,"27.3"
"Olson, Matt",621566,2025,31,"73.9",41.3,"7.5",8.7,1.1,48.2,33.9,"93.3","14.8",37.1,14.3,9.3,24.1,28,2,53.3,66.5,21.8,24.9,62.6,"25.2"
"Heineman, Tyler",623168,2025,34,"66.2",0.7,"7.1",6.5,-12.5,45.1,28.9,"84.4","19.1",31.2,3.2,1.6,34.4,27.2,12,22.4,73.8,11.4,32.7,63.5,"26.3"
"Santander, Anthony",623993,2025,30,"72",21,"7.2",7.9,-9.5,57.3,24.2,"89.6","18.5",27.6,4.5,7.5,35.8,24.6,5.2,41,68.1,18.4,31.1,63.6,"26.0"
"Alonso, Pete",624413,2025,30,"75.3",53.4,"7.1",10.1,1.1,59.8,33.8,"93.5","15.4",38.4,18.9,7.9,23.6,26.3,2.8,54.4,65.7,18.4,27.4,57.6,"25.3"
"Conforto, Michael",624424,2025,32,"74",42.6,"7.3",10.2,1.1,47.8,32,"89.9","12.9",34.3,9.7,7.3,25.7,27.3,5,44,66.2,18.1,23.2,55.1,"26.0"
"Frazier, Adam",624428,2025,33,"65.9",1.6,"6.9",11.4,3,45.6,39.2,"85.3","14.5",39.5,2,5.8,30.2,29.7,4.9,20.6,71.2,13.8,29.5,64.9,"26.6"
"Trevino, Jose",624431,2025,32,"68.9",2.6,"7.2",9.1,-2.3,72.8,23.3,"87.9","10.9",29,4.4,8.1,22.6,36.7,5.2,40.7,59.5,13.2,32.2,71,"24.3"
"Soler, Jorge",624585,2025,33,"74",41.2,"7.7",8.4,-7.8,52.6,33.6,"89.7","13.8",31.9,12.8,4.3,26.6,35.1,2.7,42,65.7,20.2,24.5,44.8,"26.0"
"Sosa, Edmundo",624641,2025,29,"72.3",26.2,"8.1",10.1,-2.2,56,33.9,"87.7","9.4",35.4,6.3,5.7,22.9,35.4,5.2,38,69.8,16.2,45.5,61.2,"29.4"
"Ibáñez, Andy",628451,2025,32,"69.2",2.7,"7.2",6.5,-2.5,47.3,29.3,"88.9","12.6",32.5,4.6,4.6,31.1,27.2,4,36.4,73.7,11.5,29.8,64.8,"27.5"
"Cronenworth, Jake",630105,2025,31,"70.9",15.5,"7",7.4,-0.7,36.5,31.1,"88.5","14.9",31.9,6.2,4.3,28.2,30.7,5.9,39,62.1,11.4,22.2,59.3,"28.1"
"Bauers, Jake",641343,2025,29,"76.5",71.4,"7.7",12.1,-3,50,34.5,"91.7","16.6",36,13.6,9.6,26.4,25.6,3.2,45.6,65.7,16.6,20.4,41.8,"27.1"
"Bellinger, Cody",641355,2025,29,"70.1",6.5,"7.8",12.9,-3.2,59.3,32.4,"88.3","18.5",37.1,7.5,8.5,32.5,24.5,3.7,37.9,67,12.5,30.1,69.6,"28.2"
"Crawford, J.P.",641487,2025,30,"71.1",19.3,"7.2",4.7,1.7,36.8,36,"87.2","11.5",40,4.8,5.3,21.1,32.3,5.9,34.7,65.1,16.4,21.9,65.7,"26.7"
"Fraley, Jake",641584,2025,30,"71.6",16.2,"7.1",9,-6.6,37.9,37.5,"85.2","17.8",39.4,4.9,5.6,28.9,25.4,7,34.5,69,12.9,26.5,48.2,"28.4"
"Garver, Mitch",641598,2025,34,"71.8",15.8,"7.3",15.8,-8,62.3,29.3,"91.5","19.4",31.1,7.9,7.3,32.2,22.6,4,46.9,59.7,22.2,20.5,42.6,"26.0"
"Heim, Jonah",641680,2025,30,"69",4.9,"7.5",11,0.4,59.2,28.6,"88.1","14.5",33.3,6.1,5.8,28.5,30.4,4.2,35.9,68.1,19,30,63,"25.2"
"McMahon, Ryan",641857,2025,30,"74",40.1,"7.4",13.1,0.9,47.5,38.8,"93.3","13.9",35.3,12.1,7.4,22.3,28.2,4.3,50.5,64.7,25.2,25,37.7,"26.7"
"O'Neill, Tyler",641933,2025,30,"74",34.6,"7.7",19.1,-7.3,47.1,35.8,"88.8","22.2",34.6,16.5,5.3,33.1,18,6,39.1,68,23.9,28.3,52.1,"28.3"
"Smith, Dominic",642086,2025,30,"67.7",4.1,"6.9",12.5,-4,52.6,35.2,"87.7","15.1",39.2,4.2,8.4,27.1,30.1,3,35.5,66.6,12.5,32.6,58.6,"25.7"
"Tellez, Rowdy",642133,2025,30,"74.8",48.5,"8",8,-7.7,54.7,29.8,"91.2","14.8",36.8,15.3,4.8,26.8,31.6,1.4,46.4,59.3,17.9,30.1,51.6,"23.5"
"Thaiss, Matt",642136,2025,30,"72.2",23,"7.5",7,0.9,52.1,27.7,"88.9","14.3",27.7,4.5,8,27.7,30.4,7.1,42.9,74.1,24.8,20.5,55.3,"25.2"
"White, Eli",642201,2025,31,"72.2",21.2,"7.2",9,2.4,46.7,34.4,"87.7","11.3",34.6,9,3.7,21.3,29.8,8.5,40.4,72.1,18.9,29.6,52.2,"29.9"
"Rosario, Amed",642708,2025,29,"73.2",29.9,"7.3",6.4,-4.5,50.6,30.1,"91.2","9.9",35.1,6,8.6,23.2,33.8,2,45,73.4,13.3,36.7,58.4,"27.5"
"Adames, Willy",642715,2025,29,"72.1",19.8,"8.1",18.4,-3.9,50.3,35.3,"88.9","21.1",35.6,12.6,6.9,32.8,19.7,3.8,42.8,67.9,18.8,26.7,46,"28.0"
"Estrada, Thairo",642731,2025,29,"71.8",18.8,"7.3",11.7,-4.8,55.9,30.4,"86.3","7",28.2,3.1,4.6,25.2,35.9,4.6,30.5,73,11.7,35.2,54.5,"27.8"
"Benintendi, Andrew",643217,2025,30,"68.7",3.1,"7.1",15.9,-5.1,54.7,32.5,"88","20.1",35.8,11,4.4,34.9,23,4.1,36.9,72.5,19.8,29.1,64.5,"26.7"
"Dubón, Mauricio",643289,2025,30,"68.2",2.7,"7.4",5.5,1.1,45.9,29.8,"84.5","13.1",31.7,1.2,4.5,29.6,30.8,7.3,26.3,72.5,9.7,35.2,71.2,"28.0"
"Jansen, Danny",643376,2025,30,"69.5",5.9,"6.9",14.9,-5.1,62.4,29.8,"87.6","24",35.6,8.8,9.3,37.1,17.6,7.3,39,65.5,18.1,19.8,55.4,"26.1"
"Kiner-Falefa, Isiah",643396,2025,30,"66.6",1.2,"6.9",4.4,3.7,37.5,32.5,"84.6","4",29.7,1.4,3.1,16.7,44.4,8.6,27.5,63.7,8.1,32.1,68.6,"27.4"
"McNeil, Jeff",643446,2025,33,"70.7",10.2,"7.3",8.6,-4.9,47.3,33.1,"87.2","15.9",38.9,5.1,3.7,30,25.4,6,32.9,75.8,10.5,26.8,63.7,"26.5"
"Tauchman, Mike",643565,2025,34,"69.1",6,"7.2",8.5,1.1,48.1,34.2,"89","16.5",35.6,6.8,7.6,30,26.8,3.6,38.8,67.1,18.5,23.8,57.3,"24.9"
"Albies, Ozzie",645277,2025,28,"69",7,"7.2",12.7,-5.3,58.5,34.9,"87.5","18.7",33.5,4.9,4.7,34.6,27.2,3.3,30.7,77.9,14.8,33.5,67.3,"27.2"
"Herrera, Jose",645444,2025,28,"67",1.4,"7.2",7.4,-5.4,47.8,33.1,"83.9","16.2",30.8,0.8,8.3,28.6,28.6,14.3,22.6,57.8,13.7,15.6,45,"24.8"
"Devers, Rafael",646240,2025,28,"71.6",19.8,"7.6",10,4.5,59.5,29.9,"93.5","12.6",34.6,16,6.4,22.9,29.8,1.9,56.1,70.1,28.7,25.6,60.9,"25.0"
"Naylor, Josh",647304,2025,28,"71",17.9,"7.6",7.5,-8.3,44,31.4,"89.2","11.6",30.8,6.7,7.5,23.9,32.7,2.6,41.9,72.6,13.1,37.1,62,"24.4"
"Toro, Abraham",647351,2025,28,"69.6",6,"7.6",11.2,-2.8,52.9,32,"86.3","13.4",32,4.5,5.9,26.1,30.2,5.4,34.2,65.5,13.5,34.8,67.5,"27.9"
"Urías, Luis",649966,2025,28,"69.4",7.9,"7.5",11.2,-2,71.3,27.8,"86.2","14.5",30.6,3.7,5.3,27.3,31.8,4.9,30.2,59.4,8.8,22.9,73.6,"26.0"
"Arraez, Luis",650333,2025,28,"62.6",0.4,"5.9",5.6,4.6,40.2,37.4,"86.1","12.2",37.1,1.1,1.9,30.4,33.7,4.7,16.7,62.7,4.2,34.1,92.3,"26.5"
"Torres, Gleyber",650402,2025,28,"70.2",11.8,"7.2",9.3,4.2,56.5,34.1,"90","14.3",38.6,8.2,8.2,27.4,28.1,1.4,39,64.8,14.9,17.1,63.2,"26.2"
"Castro, Willi",650489,2025,28,"71.6",21.1,"7.2",7.7,-3.5,43.7,37.3,"86.7","11.2",36.6,6.5,6.8,26.7,28.1,7.2,37.3,72,20.4,31.9,53.5,"28.2"
"Díaz, Yandy",650490,2025,33,"73.6",35.3,"7.6",2.9,7,35.3,24.4,"93","5",29.2,8.3,7.9,16.9,39.7,1.8,52.5,63.7,13.1,24,69,"26.1"
"Rengifo, Luis",650859,2025,28,"69.5",7.3,"7.1",7.2,3.7,48.9,33.6,"87.1","6.7",34.7,5,4,19,38.7,6,32.7,71.5,14.5,30.5,59.6,"27.0"
"Pozo, Yohel",650968,2025,28,"69.5",9.4,"7.7",6.8,-1.9,47,25.7,"87.7","17.8",29.5,2.2,7.2,32.4,33.8,0,35.3,76,13.3,48.1,71.8,"24.8"
"Adams, Riley",656180,2025,29,"78.3",79.2,"7.9",8.5,-1,40.4,34.6,"91.8","9.1",31.4,10.5,9.2,15,29.4,4.6,52.3,65.4,23,30.5,39.3,"26.6"
"Chapman, Matt",656305,2025,32,"75",50.8,"7.5",5.6,-3.8,53.3,25.4,"92.2","15.7",34,9.9,6.9,27.1,27.4,2.4,47.6,63.8,19.3,20.1,54.8,"28.1"
"Hoskins, Rhys",656555,2025,32,"71",15.2,"8.2",16.8,-6.9,47.7,33.6,"90.2","22.1",39.7,10.3,6.2,35.1,18.6,3.1,46.4,60,21.1,20,52.1,"24.8"
"McKinstry, Zach",656716,2025,30,"67.5",1.9,"6.8",9.9,1.4,43.1,37.4,"85.7","14.1",41.2,6.1,4.9,24.5,30.5,4,30.5,65.5,16.2,26.4,59.3,"28.3"
"Mullins, Cedric",656775,2025,30,"71.1",11,"7.5",11.3,-6,62.7,29.2,"88.8","23.3",32.7,6.2,6.5,37.7,18.8,6.8,35.9,69.1,17.5,26.6,61.2,"28.4"
"O'Hearn, Ryan",656811,2025,31,"71.8",17.8,"7.1",11.2,1.7,43.3,33.4,"89.4","11.4",38.2,7.6,7,23,29.8,2.7,42.5,66.8,15.7,26.8,57.9,"27.6"
"Schwarber, Kyle",656941,2025,32,"77.3",77.1,"7.5",14.6,-5.8,64.3,30.3,"94.3","20.1",35.3,20.8,7.1,25.5,21.6,3.9,59.6,64.1,24.2,21.5,42.7,"25.9"
"Smith, Pavin",656976,2025,29,"72",21.6,"7.4",13.3,0.9,51.9,32.7,"90.1","12.4",37,11.7,6.5,21.4,31.8,1.3,46.1,57.3,24.1,22.7,47.4,"26.3"
"Verdugo, Alex",657077,2025,29,"67.4",3.9,"6.2",1.8,-0.6,30.7,30.9,"89.9","9.9",34.9,3,7.2,24.1,35.5,1.2,42.8,52.9,8.2,21.4,67.1,"26.1"
"Wong, Connor",657136,2025,29,"72.3",23.2,"7.3",11.6,-2.2,46.3,30.5,"85.5","10.4",28.7,3.1,5.4,26.4,32.6,9.3,31,64.3,15.8,32.3,57.5,"28.0"
"DeJong, Paul",657557,2025,31,"72.2",16.4,"6.9",16,-4.1,52.8,34.7,"88.1","22.7",37.3,10.3,8.7,38.9,19,3.2,39.7,76.2,21.2,36.9,40.4,"26.5"
"Laureano, Ramón",657656,2025,30,"72.2",22.3,"7",15.6,1,47.3,35.1,"90.3","13.4",37.1,13.8,6.7,21.5,27.3,4,49.1,67.2,19.8,25.8,50.6,"27.8"
"Sheets, Gavin",657757,2025,29,"74.8",51.9,"7.7",8.4,-7.5,53.9,27.5,"89.9","14",38.8,9.5,7.7,26,27.8,4.4,46.5,59.6,14.8,31.4,63.1,"27.0"
"Moncada, Yoán",660162,2025,30,"73.4",38.3,"7.4",12.2,-5.4,42.5,38.3,"89.8","15.1",37.1,14.3,5.1,28,30.3,3.4,43.4,65.8,20.4,24.4,39.6,"26.2"
"Ohtani, Shohei",660271,2025,30,"75.8",61.9,"7.9",15,-2,53.3,36.9,"94.9","15",35.9,23.5,8.7,19.7,28.4,2.1,58.7,66.1,24.8,26,46.7,"28.0"
"Acuña Jr., Ronald",660670,2025,27,"76.4",67.3,"7.6",11.9,6.2,50.9,38.7,"92.7","13.3",30.9,15.7,5.5,21.6,33.5,1.7,52.5,69.3,26.2,23.2,57.4,"27.9"
"Ruiz, Keibert",660688,2025,26,"66.1",1,"7",10.4,-9,52.8,34.2,"86.2","11.3",31.3,2.2,2.2,25.2,36.1,3.5,30.9,68.8,6.3,35.4,73.3,"24.5"
"Sánchez, Jesús",660821,2025,27,"75.9",58.8,"6.9",7.1,-1.8,48.2,27.8,"91.3","9.3",30.3,11.1,6.4,22.7,35.9,3.8,43.4,69.4,17.8,30.6,57.1,"27.0"
"Contreras, William",661388,2025,27,"73.2",35,"7.1",10.6,3.3,65.7,29.2,"91.1","7",31.6,6.4,10.2,20.8,36.3,4,48.5,67.9,17.1,25.2,57.1,"26.2"
"Varsho, Daulton",662139,2025,28,"75.6",56.2,"7.9",12.9,-3.8,62.4,29.8,"89.9","23.5",36.9,15.9,8,32.4,17.6,6.8,40.3,77.4,24.4,30.6,55.5,"28.4"
"Jones, Jahmai",663330,2025,27,"73.6",37.6,"7.6",13,-5.8,59.5,29.8,"91.5","20",38.1,13.4,10.3,23.7,18.6,5.2,53.6,69.6,19.1,21.5,52.3,"28.1"
"Perkins, Blake",663368,2025,28,"70",3.3,"7.1",8.8,3.3,56.5,30.3,"89.6","6.2",30.6,3.7,9.3,21.3,37,7.4,34.3,57.1,22.1,18.5,50,"29.1"
"Nootbaar, Lars",663457,2025,27,"73.4",37.8,"6.9",9.2,-3.1,55.4,28,"91.3","16.5",33,10.2,7.4,30.2,28.4,3.3,50,56,13,22,58.3,"27.0"
"Hoerner, Nico",663538,2025,28,"68.5",2.6,"7.2",5.9,-1.9,47.9,33.3,"86.7","12.5",36.1,2.3,4.5,24.7,34.5,3.6,30.3,63.4,5.1,32.5,75.5,"28.6"
"Riley, Austin",663586,2025,28,"75.9",60.5,"7.6",10.8,-4.5,45.6,32.2,"92.3","16.8",37,15.2,8.3,26.6,22.1,3.1,50.2,72.2,21.9,27.7,48.9,"28.2"
"Larnach, Trevor",663616,2025,28,"72.2",23.2,"7.3",8.3,-10.6,41.1,34.1,"90.9","10.9",34.9,7.2,4.9,24.5,33.3,2.8,45.7,62.2,16.1,27.5,40.4,"26.1"
"Mountcastle, Ryan",663624,2025,28,"75.2",52.7,"7.5",7.4,-1.1,40.4,36,"90.7","9.1",37.5,11.7,6.3,17.9,34.6,2.9,47.1,75.5,22.4,39.6,49.8,"27.6"
"Hayes, Ke'Bryan",663647,2025,28,"71.2",11.8,"6.8",4.3,1.5,43.4,26.5,"89.3","8.5",30.6,4.5,5.7,21.8,37.1,2.4,42.5,60.7,10.9,27,59.1,"27.2"
"Tucker, Kyle",663656,2025,28,"72",23.6,"7.6",11.7,-8.1,49.5,33.9,"90.1","17.2",37.5,10.8,6.5,30.3,25,2.6,40.4,70.8,15.1,17.6,57.9,"26.5"
"India, Jonathan",663697,2025,28,"72",23.5,"7.3",9.1,-4.6,61.2,28.2,"87.9","17.1",33,5.8,6.9,32,28.4,4.6,36.8,58.1,12.7,18.6,53,"28.2"
"Bart, Joey",663698,2025,28,"74.3",44.2,"7.3",8.7,-1.2,43.6,34.1,"88.4","9",35.9,10.4,6.3,17.7,37.5,5.2,43.2,59.5,15.9,23.2,44.2,"26.6"
"Raleigh, Cal",663728,2025,28,"75.2",54.7,"7.9",17.9,-8.2,45.2,34.3,"91.3","25.2",35.3,19.5,7.1,35.8,15.1,4.9,49.6,75,21.6,31.8,48.5,"26.0"
"Fortes, Nick",663743,2025,28,"72",19.6,"7.3",3.5,-7.6,41.3,19.6,"87.5","13.4",29.9,4.6,7.5,25.9,29.3,10.3,37.9,63.8,13.9,30.8,70.5,"26.8"
"Grisham, Trent",663757,2025,28,"71",11.5,"7.6",16.7,1.8,57.8,30.9,"91.1","16.4",34.6,14.2,8.1,24.6,24.9,5.3,46.4,58.1,16.6,17.3,54.4,"26.7"
"Gonzalez, Romy",663853,2025,28,"74.3",44.7,"6.8",5.9,3.8,45.6,27.6,"93.3","5.5",33.5,12.6,5.9,15.1,40.6,1.7,57.3,73.5,17.7,35.1,47.1,"28.3"
"Stephenson, Tyler",663886,2025,28,"70.1",4.9,"7.4",13.3,0.7,51.3,37.5,"90.5","12.9",42.2,14.4,7,22.5,26.2,3.7,49.2,62,22.1,25.2,48.3,"26.8"
"Mangum, Jake",663968,2025,29,"67.3",5.3,"6.5",2.3,11.6,31,29.2,"87.3","-0.7",26.5,2.6,4.7,14.6,46.6,6.4,33.4,78.7,13.2,43.8,70.3,"29.1"
"Lowe, Nathaniel",663993,2025,29,"72.7",24.3,"7.2",6.6,7.9,47.2,30.1,"89","10.9",33.4,7,8.3,22.3,31.6,3.6,41.5,63.8,17.4,24,54.2,"26.2"
"Happ, Ian",664023,2025,30,"71.7",17.2,"6.9",10.3,-5.5,46.5,32.7,"90","16.1",35.7,10.4,10.4,25.8,22.7,3.5,44.4,63.5,17.5,20.8,50.9,"27.4"
"France, Ty",664034,2025,30,"71",14.7,"7.5",10.7,5.2,47.3,34.8,"89.5","10.5",35.2,7.7,6.6,20.3,33,4.4,44.2,73.5,11.5,31.3,56.8,"25.1"
"Lowe, Brandon",664040,2025,30,"73.9",40.4,"7.2",14.8,-2.6,48.7,33.5,"91.1","15.2",37.6,12.9,6.3,25.3,26.1,2.7,46.6,77.6,23.4,32.1,41.1,"26.9"
"Bader, Harrison",664056,2025,31,"73.5",37.1,"7.2",12,-5.4,50.1,25.4,"87.2","12.7",33,10.2,6.7,24.8,34.3,5.4,40.3,65.1,21,32.5,56.8,"28.8"
"Haggerty, Sam",664059,2025,31,"71.8",22.4,"6.9",3,-0.5,31.3,32.2,"88.3","7",34.9,2.4,9.5,19.8,38.1,4,42.1,70.5,18.3,27.2,50,"28.9"
"Moore, Dylan",664238,2025,32,"71.8",15,"7.2",7.7,-2.5,53.7,31.1,"84.8","21.3",34.3,8.6,6.4,32.9,17.9,9.3,34.3,69.7,29.1,24.8,53,"27.7"
"Straw, Myles",664702,2025,30,"67.1",2.3,"6.8",6.6,3.3,44.8,35.8,"87.2","14.8",36.2,3.9,5.7,27.5,27.1,7.9,27.1,62.4,13,27.5,70.1,"29.4"
"Isbel, Kyle",664728,2025,28,"70.5",9.2,"7.1",2.4,-4.3,36.1,24.4,"87.8","8.7",26.5,1.6,4.5,23.9,37.1,11.6,36.1,61.9,9,28.6,59,"27.8"
"Bohm, Alec",664761,2025,28,"71.7",18.2,"7.3",5.4,4.5,47,29.7,"90.8","6.8",35.6,6.2,5.2,19.1,37.9,1.5,46.4,66.9,9.7,26.3,70.6,"26.5"
"Lukes, Nathan",664770,2025,30,"68",5.4,"6.5",7.4,8,43.7,31.7,"87.9","11.2",30.8,4.7,5.3,23.4,34,6.2,37,64.4,10.9,31.5,78.9,"27.3"
"Wade Jr., LaMonte",664774,2025,31,"70",7.8,"6.7",9.1,0.3,53.4,31.8,"89.7","21.9",33.8,4.5,7.1,38.3,16.2,2.6,31.8,62.5,13.8,17,40.5,"26.0"
"McCarthy, Jake",664983,2025,27,"69.8",7.8,"7",8.4,-1.2,48.1,32.4,"84.7","6.5",28.2,5.3,4.7,21.8,34.1,14.7,27.6,64.8,11.8,34.3,61.6,"29.9"
"Clemens, Kody",665019,2025,29,"72.2",17.6,"7.3",12.3,-2.9,66.1,27,"91.5","16.7",35.9,12,9.7,28.6,25.5,5,48.3,67.5,17.4,27.9,59,"27.9"
"Peña, Jeremy",665161,2025,27,"72.3",15.7,"7.6",10.9,-8.2,62.8,30.4,"88.9","8.9",30,8.2,5.7,19.4,37.2,4.5,42.9,68.3,12.8,35.5,48.2,"29.6"
"Tatis Jr., Fernando",665487,2025,26,"74",42.7,"7.3",8.3,0.8,56.4,29.8,"93.3","9.4",28.9,10.9,7.9,21.2,36.8,1.9,51.8,70.3,17.7,24.4,49.3,"28.6"
"Guerrero Jr., Vladimir",665489,2025,26,"76.7",67.7,"7.6",1.2,-4.4,30.6,27.4,"92","7.8",33.7,12.2,6,16.6,33.7,3.4,50.7,62.3,15.9,21.5,61.9,"26.9"
"Soto, Juan",665742,2025,26,"73.6",40.9,"7",10.9,3.8,65.9,28.1,"93.8","12",32.9,18.1,7.8,19,28.9,3.6,55.3,55.6,16.4,15.9,57.3,"25.8"
"Taveras, Leody",665750,2025,26,"71.2",17,"7.4",6.3,-4.1,39.9,31.2,"88.5","21.2",27.2,6.4,6.4,32.8,25.6,7.2,35.2,67.4,17.1,34.2,56,"28.8"
"Cruz, Oneil",665833,2025,26,"78.8",78.3,"7.8",9.2,-7.3,47.8,33.4,"95.8","8.1",31.5,17.9,5,21.2,35.8,1.7,56.6,58.2,23.8,28.2,49,"29.2"
"Chisholm Jr., Jazz",665862,2025,27,"73.9",41.9,"7.8",15.8,-6.1,56.8,32.9,"89","15.8",32.6,15,6,27.6,26.6,4.7,43.3,68.4,25,26.5,49.8,"27.6"
"Giménez, Andrés",665926,2025,26,"69.3",7.1,"7",8.3,2.9,48.5,31.4,"86.3","11",32.6,3,6.4,24.3,33,6,27.7,67.1,18.4,34.7,64.7,"28.0"
"Narváez, Carlos",665966,2025,26,"72.3",20.5,"7.6",9.2,2.4,54.1,30,"91.1","13.2",30.4,9.1,5.4,26.7,29.1,5.1,44.6,67.3,19.5,29.6,52.7,"25.6"
"Aranda, Jonathan",666018,2025,27,"70.5",13.7,"7.3",10.2,3.7,56.1,35.6,"93","14.5",42.1,12.8,8.3,19.2,23.3,1.5,54.5,68.1,20.9,28,64.5,"25.9"
"Fermin, Freddy",666023,2025,30,"69.6",5.3,"7.3",8.9,-0.7,49.5,34.5,"89.1","14.2",28.7,4.2,4.2,27.6,31.4,7.3,34.1,73.1,15.1,31.2,54.5,"27.0"
"Jones, Nolan",666134,2025,27,"72.7",31.4,"6.9",8.9,-0.1,45.2,35.4,"90.8","13",35.8,8.5,6.1,23.6,28.5,5.3,46.7,63.3,21.3,26.8,53.8,"27.6"
"Lowe, Josh",666139,2025,27,"72.4",27.5,"7.3",7.1,-0.4,45.6,35.9,"88.6","9.3",34.5,5.9,5.9,20,33.1,5.5,39.6,71.8,25,37,65.2,"28.1"
"Fitzgerald, Tyler",666149,2025,27,"69.2",3.9,"7.4",13.6,-4.6,48.1,35.1,"84.5","17",30.5,4.5,5.2,32.5,26.6,11,27.9,72,20.2,32.8,44,"29.6"
"Hamilton, David",666152,2025,27,"70.5",10.4,"7.3",6.9,-4.7,45,30,"86.6","14.3",27.8,6,3,30.1,28.6,6.8,27.8,61,14.6,26,56,"29.3"
"Lux, Gavin",666158,2025,27,"69.6",5.1,"7.4",11.3,2.5,45.4,33.3,"88.3","9.6",38.1,3.6,6.6,21.9,34.8,2.7,36.9,65.1,13.8,19.5,51.5,"27.9"
"Moniak, Mickey",666160,2025,27,"73.8",37.4,"7.7",11.6,-4.3,46.9,33.6,"89.7","17.4",37.6,13.8,7.3,27.2,21.4,4.9,45.3,74.8,18.1,38,51.7,"28.5"
"Adell, Jo",666176,2025,26,"77.6",73.4,"7.7",8,-5.9,49.5,33.8,"91.7","16.1",35.1,17.3,8,22.9,29.3,3.5,50,74.2,16.9,32.7,47.5,"27.9"
"Benson, Will",666181,2025,27,"71.8",18.6,"7.5",14.2,-4.8,53.1,33.5,"92.4","16.1",37.3,15.4,7.7,24.3,26,1.8,53.8,74.5,26.7,27.6,41,"29.3"
"Bichette, Bo",666182,2025,27,"69.1",9.4,"7.3",4.5,1.3,33.9,37.5,"91","8.2",37.9,7.9,9.1,17.4,35.8,2.8,48.8,72.1,10.8,35.2,66.8,"26.1"
"Carlson, Dylan",666185,2025,26,"68.7",4.5,"6.9",10.8,0.6,56.4,36.1,"88.4","16.7",34.8,6.7,4.3,33.5,29.3,2.4,30.5,68.7,20.3,19.2,66.7,"27.6"
"Naylor, Bo",666310,2025,25,"72.4",22.1,"7.8",13.6,-8.3,53,31.9,"89.6","21.3",36.8,9.7,8.6,36.4,22.3,4.5,38.3,66.5,14.4,25.5,56.2,"27.6"
"Julien, Edouard",666397,2025,26,"70.2",6.4,"7",13.8,5.6,45.4,41.6,"89.2","6.1",39,12.2,5.7,12.2,33.3,7.3,42.3,61,17.7,19.8,48.3,"27.5"
"Morel, Christopher",666624,2025,26,"76",62,"8.2",14.9,-9.2,68.7,27.3,"91.8","17",33.7,14.8,7.7,27.2,23.7,4.1,49.7,78.3,29.1,31.1,38.4,"28.0"
"García, Adolis",666969,2025,32,"72.1",25.3,"7.6",8.8,-0.5,62.5,28,"92.1","16.3",33.2,11.6,6.3,31.4,26.4,1.8,46.7,69.9,22.8,35.8,56.1,"27.0"
"Gurriel Jr., Lourdes",666971,2025,31,"70.6",9.6,"7.5",10.5,-6,50.5,36.9,"87.8","16.3",37.4,7.2,5.5,30.5,26.8,5.3,38.3,69.5,12.1,34.5,63.1,"27.1"
"Myers, Dane",667472,2025,29,"71",17.8,"7.2",10.9,3.7,63.2,27.1,"90.7","10.5",34.6,7.8,4.8,24.7,35.5,2.2,42,60.6,17.8,23.7,56,"28.4"
"Rooker, Brent",667670,2025,30,"73.6",35.7,"7.1",12.3,-6.1,45.2,36.3,"90.7","16.4",39.7,13.7,6.6,25.8,26.8,2.3,44.8,75.3,20.4,26.5,41.9,"27.5"
"Arozarena, Randy",668227,2025,30,"72.3",29.8,"7.4",8.7,0.4,62.1,25.3,"91.3","12.9",32.6,11.5,7.7,24.6,29,4.2,50.6,62.5,24.1,25.3,56.2,"27.7"
"Bleday, JJ",668709,2025,27,"71.7",14.8,"7.5",15.5,-11.1,50,31.6,"88.7","20.5",29.5,7.8,5.1,35.9,24.9,3.7,38.7,64.2,19.8,24.9,43.9,"27.1"
"Steer, Spencer",668715,2025,27,"70.9",7.1,"7.4",12.4,-4.1,58,28.3,"87.3","18.8",34.2,7.6,6,32.4,23.5,4.4,33.2,67.5,18.4,24.8,53.4,"28.0"
"Reynolds, Bryan",668804,2025,30,"72.2",22.7,"6.9",13,1.1,47,37.9,"91.2","7.3",38.4,10.1,9.1,16.8,35,1.7,46,73.4,19.5,26,42.9,"28.1"
"Martin, Austin",668885,2025,26,"68.2",4.9,"6.9",10.3,-3.5,58,39.9,"86.2","9.7",35.4,5.5,2.4,15.7,33.9,7.9,38.6,63.2,9.9,18.8,58.3,"28.3"
"Vientos, Mark",668901,2025,25,"71.2",14.8,"7.6",14.6,1.2,62,31.9,"91.4","11.5",33.5,11.5,7,22.4,29.7,4.2,50.5,70.8,22.7,32.8,46.4,"26.0"
"Lewis, Royce",668904,2025,26,"73.6",39.8,"8",10.8,-7.7,68.4,28.9,"89.8","16.7",33.2,8.7,5.4,32.6,26.2,2.7,40.3,69.4,19.9,31.4,57.1,"26.8"
"Turang, Brice",668930,2025,25,"70.6",18.1,"6.8",6.9,8.2,45.1,31.2,"91.1","8.6",35.1,7.9,6.1,19.7,31.7,4.8,47.4,62.8,15.5,23.8,62.8,"28.9"
"Rutschman, Adley",668939,2025,27,"70.1",12.2,"6.9",9.4,-1.3,48.1,34.6,"89.4","13.7",33.7,7.5,6.7,30.3,27.7,3.4,38.6,58.7,8.9,21.7,69.6,"26.7"
"Rojas, Josh",668942,2025,31,"67.8",2.5,"7.2",9.9,1.2,56.1,32.1,"89.6","13.4",30.6,3.5,9,29.2,31.3,2.1,36.8,70.2,17,19.6,52.7,"26.2"
"Marsh, Brandon",669016,2025,27,"71.4",14,"7.1",9.4,-0.4,41,38.5,"91.1","12.6",39.1,8.3,6.9,21.7,28.3,2.9,46.4,66.2,11.4,29.1,51.6,"28.3"
"Stowers, Kyle",669065,2025,27,"75",51.7,"6.7",11.6,0.3,52.3,33.9,"91.1","14.1",38,19,5.7,20.8,25.1,5,52,79.3,24.7,28,44.9,"27.1"
"Langeliers, Shea",669127,2025,27,"73.8",39.6,"7.2",11.4,-3.1,61.4,30.3,"90.9","16.4",33.4,11.2,8.1,31.3,26.9,2.1,44.9,73,16,32.1,54.7,"28.6"
"Murphy, Sean",669221,2025,30,"72.6",30.6,"7.8",12.5,-4,49.7,30.8,"89.1","10.6",30.2,13.2,7.4,18.5,34.9,4.8,43.1,68,22,25.9,38.1,"24.8"
"Wells, Austin",669224,2025,25,"73.4",31.2,"7.6",10.5,-5.7,49.9,31.8,"90.6","20.7",33,10.2,8.2,33,22.4,4.8,45.2,71.5,18.3,29.2,49.6,"26.4"
"Jackson, Jeremiah",669236,2025,25,"71.9",21,"7.3",11.9,-0.4,62.4,27.2,"90.6","10.9",27.5,7.5,10.8,21.7,35.8,1.7,46.7,72.6,24.9,34.2,50,"27.6"
"Edman, Tommy",669242,2025,30,"70.2",12,"6.9",9.9,-1.4,59.7,26.6,"88.3","11.8",33.3,4.5,6.2,23.7,32.3,4.8,39.9,65.1,10.1,28.4,54.8,"28.4"
"Smith, Will",669257,2025,30,"69.8",6.2,"7.3",11.8,0.8,62.5,34,"91.3","18.4",41.7,12.2,8.6,29.9,20.5,1.8,47.1,56.8,15.4,19.5,56.6,"27.3"
"Suwinski, Jack",669261,2025,26,"73.9",42.4,"7.4",14,2.5,44.6,34.5,"88.8","16.7",35.5,11.8,7.5,31.2,28,5.4,38.7,61.2,24.6,16.8,38.5,"27.9"
"Espinal, Santiago",669289,2025,30,"68.5",2,"7.4",6.7,-1.8,51.1,34.6,"86.5","15.1",31.3,0.7,3.7,31.7,31.3,6,25.7,64.7,8.8,23.9,70.3,"27.1"
"Teodosio, Bryce",669326,2025,26,"68.9",4.3,"6.6",9.4,1.7,51.3,32.7,"84.3","12.9",23.4,4.3,3.2,28.7,34,9.6,26.6,82.4,28.6,38.4,39.3,"29.9"
"Gorman, Nolan",669357,2025,25,"72.7",24.5,"7.6",14.8,-1.8,50.5,34.1,"89.6","22.3",39.3,9.1,11,37,17.8,3.7,41.1,66.6,26.6,27.7,45.8,"25.9"
"Edwards, Xavier",669364,2025,25,"66.9",2.4,"6.4",2.7,2.4,34.2,31.1,"86.8","8.2",33.6,0.8,3.3,23.2,34.9,6.9,29.4,69.1,8.2,26.8,76.6,"28.3"
"Burger, Jake",669394,2025,29,"74.6",50,"7.4",7.6,-4.1,53.4,24.9,"90.4","16.1",33.5,13.9,8.3,27.1,27.8,5.6,48.5,71,16.6,39.9,49.4,"27.9"
"Allen, Nick",669397,2025,26,"64.5",0.2,"6.3",7.3,-0.7,48.3,30.3,"84.8","13.3",29.3,0,2.8,27.2,33.6,7.4,21.6,67.8,15.1,25.8,59,"27.4"
"Schmitt, Casey",669477,2025,26,"71.7",20.6,"7.5",11.4,-7.7,47.1,35,"89.5","19.2",40.3,9,9,29.2,21,4.7,43.8,71.9,14.6,31.6,49.1,"27.6"
"Smith, Josh",669701,2025,27,"69.1",3.7,"6.7",8.6,-1.9,43.1,36.5,"87.2","12.7",33.8,5,4,27.1,31.8,4.8,31.1,63.1,12.3,25.7,60.3,"27.5"
"Triolo, Jared",669707,2025,27,"71.6",14.3,"7.8",8.8,-2.4,44.6,37.3,"89","14.7",34.4,6.2,8.5,27.4,29,5.4,38.2,68.7,14.7,24.3,48,"28.8"
"Hays, Austin",669720,2025,29,"71.9",19.8,"7.1",14.2,-5.6,65.9,30.8,"88.8","14.6",31.9,10.4,4.7,25.4,29.4,3.9,38.4,71.1,21.5,34.3,49.5,"27.6"
"Call, Alex",669743,2025,30,"66.1",1.6,"6.5",7,8.2,46.9,33.4,"88.2","12.4",32.4,4.4,6.2,25.3,33.3,4.9,28.9,55.4,14.7,17.7,63.5,"27.8"
"Toglia, Michael",669911,2025,26,"72.7",22.7,"7.6",14.8,-2.5,44.3,35.8,"89.9","17.7",38.1,10.2,6.3,29.5,22.2,3.4,43.2,67.4,25.5,30.8,37.4,"27.0"
"Raley, Luke",670042,2025,30,"73.8",38.3,"7.1",14.4,-1.7,54.1,31.5,"89.5","9.8",31.7,10.6,5.7,21.1,33.3,9.8,42.3,80.8,31.8,27,32.1,"28.7"
"Mastrobuoni, Miles",670156,2025,29,"67.5",1.8,"6.7",8.2,-2.6,44.1,32.9,"88","6.2",33.3,2.3,4.7,19.4,35.7,7.8,36.4,56.5,13.3,19.2,73.7,"28.5"
"Misner, Kameron",670224,2025,27,"73.2",32.4,"7.8",12.3,-7.4,51.2,37.1,"87.6","15",27.5,5.3,4.6,29,27.5,9.2,29.8,63.1,24,30.6,43.1,"28.3"
"Rave, John",670231,2025,27,"73.9",37.9,"7.3",10.9,-1.8,74.7,25.1,"88.3","8.4",25.5,5.5,4.5,21.8,31.8,12.7,40,59.9,16.7,22.6,53.2,"28.9"
"Wallner, Matt",670242,2025,27,"76.6",68.5,"7.4",12.5,-6.2,56.6,28.2,"91","21.1",33.9,13.8,10.3,33.9,22.3,4.9,45.5,72,27.9,28.4,44.5,"26.8"
"Alvarez, Yordan",670541,2025,28,"76.1",63,"7.7",10.2,-4.9,40.5,36.7,"94.7","18.3",42.8,13.8,11.6,29.7,21,0,52.9,63.6,10.9,26.7,53.5,"26.2"
"Paredes, Isaac",670623,2025,26,"69",9.5,"8",15.6,-15.4,55.5,32.5,"87.4","23",37.2,6.3,6.3,35.9,21.7,3.3,33.6,60.4,11.2,21.4,69.2,"25.6"
"Walls, Taylor",670764,2025,28,"68.8",2.2,"7",10.2,4,58.4,34.3,"87","15.1",33.5,3.2,5,31.2,29,5.9,26.4,64.5,15.2,21.2,59,"28.2"
"Friedl, TJ",670770,2025,29,"69.9",5.9,"6.7",9.4,-7.8,59.6,28.3,"87.1","14.3",33.4,2.7,4.2,28.8,30.2,7.2,32.1,58.3,9.9,18.1,55.3,"26.7"
"Herrera, Iván",671056,2025,25,"74.4",47.7,"7.8",8.7,-0.5,47.8,32,"91.2","10.1",33.8,11,6.8,18.8,34.1,3.6,47.7,64.3,15.5,25.1,56.1,"26.3"
"Ramos, Heliot",671218,2025,25,"74",44.7,"6.8",6,1.5,47.2,31.5,"91.8","11.5",32.5,8.8,7.9,25,32.7,2.4,47.4,66.1,15.6,29.8,53.8,"27.5"
"Waters, Drew",671221,2025,26,"71.6",17.8,"6.6",8.7,4.8,48.2,41.8,"86","9.1",35.6,4.1,4.1,21.9,33.6,4.1,28.8,77.2,21.1,33.6,46.5,"27.6"
"García Jr., Luis",671277,2025,25,"72.4",28,"7.4",10.7,-2.6,62.4,28.6,"90.2","9.2",33.7,9,7.5,20.1,32.4,3.9,45.8,71.4,11.2,37.9,60.2,"26.5"
"Freeman, Tyler",671289,2025,26,"71.3",14.6,"6.9",2.9,0.5,32.7,35.6,"90.1","7.9",30.7,2.1,4.8,21.7,38.9,4.8,40.4,65.1,5.8,25.8,69.4,"28.5"
"Butler, Lawrence",671732,2025,24,"73.8",39.2,"7.1",6.8,1.7,44.1,30.5,"90.5","9.2",34.4,9.2,6.9,22.7,32.9,5.6,44.4,67.9,23.7,26.1,43.2,"26.9"
"Harris II, Michael",671739,2025,24,"74.3",40.7,"8",6.9,-1,50.4,30.8,"90.2","7.4",29.6,9.1,5.9,20.4,36.4,4.9,43.4,71.3,11.8,43.1,55.3,"28.5"
"Clarke, Denzel",672016,2025,25,"74.3",43.1,"7.7",4.2,2.1,44.6,31.1,"90","4.1",29.2,6.7,6.7,18,34.8,7.9,42.7,65.3,20.2,30.2,42.4,"29.5"
"Bailey, Patrick",672275,2025,26,"71.6",15.8,"7.3",8.5,-3.5,45.5,32.9,"88.2","15.6",35.3,5.6,5.9,31.1,26.2,4.9,36.4,68.4,17.8,29.1,44.4,"25.7"
"Arias, Gabriel",672356,2025,25,"75.1",52.7,"7.6",9.7,1.2,53.7,29.1,"90.2","6.1",33.8,11.3,6.5,19.3,36.4,5.1,43.3,77,31.7,38.8,43.1,"27.0"
"Kirk, Alejandro",672386,2025,26,"72.5",28.6,"7.2",7.9,4.5,55.8,23.9,"91.1","11.9",34.4,10.1,8.3,21.9,31.9,3,50.8,65.9,14.4,29,72.4,"24.3"
"Moreno, Gabriel",672515,2025,25,"70.9",15.9,"6.9",8.3,4.4,51.1,33.8,"90.4","14.4",39.8,7.1,9.7,23.9,29.2,0.9,43.4,60.6,12.6,26,68.3,"27.0"
"Garcia, Maikel",672580,2025,25,"71.9",17.2,"7.3",4.6,0.5,44.2,27.1,"91.3","9.7",34.5,5.6,8.1,24.7,35.5,2.7,45.1,58,9.4,20.8,68.3,"27.9"
"Lopez, Otto",672640,2025,26,"71.7",22,"6.8",7.4,-2.3,48.5,29.9,"88.5","8.4",32.5,7.1,6.7,21.9,36.6,4.1,38.3,62.7,10.7,29.5,63.3,"28.5"
"Perdomo, Geraldo",672695,2025,25,"68.3",4.6,"6.9",7.4,-1.8,49.9,35.4,"87.6","15.5",36.2,6.2,4.1,28,26.6,5.4,31.9,57,7.9,19.2,73.8,"27.2"
"Peraza, Oswald",672724,2025,25,"73.6",33.5,"7.7",7.6,-2.7,52,26.3,"87.1","8",29.7,6.7,3.6,21.8,35.8,9.7,38.8,73.3,25.3,30.3,45.1,"29.2"
"Canario, Alexander",672744,2025,25,"76",59.1,"8.1",13.6,1.9,47.9,35.2,"87.4","10.5",35.8,12.4,7.3,20.4,28.5,8,43.8,74.8,30,32.3,40.4,"28.1"
"Pérez, Wenceel",672761,2025,25,"70.5",8.5,"7",8,-4,51.9,29.7,"90.3","18.4",37.8,8.8,6.9,32.8,24,2.3,40.1,67.2,20.3,32.7,62.9,"27.8"
"Sosa, Lenyn",672820,2025,25,"72.6",26.3,"7.4",10.5,0.5,55.4,32.6,"90.7","18.4",39.2,10.4,6.8,28.9,24.1,2.3,43.8,61.5,14,40.9,62.8,"26.7"
"Diaz, Yainer",673237,2025,26,"72.2",21.8,"7.3",10.4,1,59.2,28.3,"89.9","10.2",34.9,9.6,6.7,22,34,2.9,42.2,78.3,12.7,44.3,61.4,"27.3"
"Robert Jr., Luis",673357,2025,27,"75.6",57.4,"7.8",12.2,-5.2,53.9,36.5,"89.4","18.2",34.7,10.2,5.8,27,24.8,4.7,41.6,76.3,22.2,32.5,48.1,"29.0"
"Kim, Ha-Seong",673490,2025,29,"70.5",9.5,"7",5.6,-1.8,51.1,23.4,"89.7","15.7",33.6,5.2,6.7,29.9,29.1,3,43.3,54.1,11.1,21.2,69.4,"27.6"
"Suzuki, Seiya",673548,2025,30,"73.4",37.2,"7.2",8.1,-3.1,50.5,31.1,"91.3","17.9",40.2,16.6,7.5,29.9,23.6,1.9,48.7,59.1,15.7,20.5,50.2,"28.4"
"Jung, Josh",673962,2025,27,"70.3",5.2,"7",11.5,2.6,52.8,37.7,"89.3","12.8",39.4,8.2,9.3,21,28,5.7,46.7,69.5,17.9,33.2,59.3,"26.6"
"Westburg, Jordan",676059,2025,26,"70.7",11.7,"6.7",10.5,-1.5,59.3,29.8,"90.2","14.1",30.1,11.2,8,25.3,26.5,2.4,43.4,72.7,22.1,26.5,49.4,"29.0"
"Clement, Ernie",676391,2025,29,"67.6",2.4,"7",11.6,-3.1,59.3,32.2,"86.6","17.9",37.1,2.4,5,35.7,24.8,4.8,26,72,7,36.4,71.3,"28.6"
"Burleson, Alec",676475,2025,26,"72.4",29.2,"7.5",10,0.3,57.5,31.8,"91","15.2",34,9.5,7.6,27.2,26.5,3.8,43,69.5,13,28.9,70,"25.5"
"Wagaman, Eric",676572,2025,27,"73.4",36.6,"7.1",6.9,-2.7,49.4,27.9,"91","10.6",34.4,6.8,8.1,26.2,33.3,2.9,46.5,64.5,15,25.8,52.6,"26.9"
"Caballero, José",676609,2025,28,"69.1",10.6,"6.8",10.1,-0.6,51.1,31.6,"86","17.4",36.5,5.9,5.9,28.4,23.9,12.6,30.6,62.8,17.4,28.4,54.1,"28.3"
"Meyers, Jake",676694,2025,29,"68.4",5,"6.9",6.8,-2.4,42.6,32.4,"88.1","9.8",34.6,5,7.1,18.9,36.1,3.6,38.9,69.1,11.3,23.7,47.7,"28.2"
"Schneider, Davis",676914,2025,26,"71.5",16.5,"7.1",20.6,-6.3,40.5,33.6,"90.8","24.2",27.9,14,5.4,39.5,20.9,2.3,41.1,68.2,17.9,20.9,42.1,"27.6"
"Kjerstad, Heston",677008,2025,26,"69.4",6.2,"7",12.7,2.2,47.6,38,"88.8","12.7",40.2,8,7.1,23.2,30.4,2.7,41.1,76.1,17,38.3,50.4,"27.7"
"Rocchio, Brayan",677587,2025,24,"70",6.8,"7.3",11,-5.9,50.8,29,"88","11",33.3,3.3,8.3,24.6,27.9,7.2,35.5,70.9,17.2,30.9,59.4,"27.0"
"Tena, José",677588,2025,24,"70.8",15.5,"6.8",3.6,2.4,35.6,35.1,"89.2","1.2",34.5,5.2,8.6,13.8,47.4,3.4,40.5,63.3,15,27.9,63.3,"27.7"
"Rodríguez, Julio",677594,2025,24,"76.4",63.9,"7.7",6.9,-1.4,46.4,31.7,"91.8","8.5",31.5,9.8,8.8,20.9,34.1,2.4,48,75.2,19.4,35.9,53.6,"29.2"
"Mauricio, Ronny",677595,2025,24,"73.8",40.8,"7.6",7.4,-2.3,52.8,29.2,"91.2","12.7",28.1,8.8,5.3,23.7,31.6,0.9,43,66.7,25.9,39.9,54.4,"25.8"
"Duran, Ezequiel",677649,2025,26,"71.5",17.2,"7.2",6,-0.6,41,28.5,"85.3","15.2",30.3,2.6,4.6,31.6,27,9.9,30.9,70.7,15.6,37.4,58.4,"28.8"
"Abreu, Wilyer",677800,2025,26,"74.1",40.9,"7.1",9.5,-1.2,57.6,31.2,"90.8","23",31.9,12.3,9.8,35.1,19.2,3.3,44.9,73.6,16.3,29,54.9,"27.6"
"Alexander, Blaze",677942,2025,26,"72.1",25.6,"7.4",8.9,3.9,47.1,36.1,"90.2","7.3",35.8,12.8,6.8,16.2,38.5,4.1,43.2,68.1,22.3,25.3,44.1,"28.8"
"Thomas, Alek",677950,2025,25,"71.2",14.5,"7",10,0.2,60.2,27.6,"89.6","4.2",27.7,7.8,5.3,17.4,40.2,4.4,39.3,68.9,18.4,35.1,48.7,"28.3"
"Witt Jr., Bobby",677951,2025,25,"74.3",45.2,"7",5.1,-0.2,47.2,28.6,"93.3","15.2",35.4,12.5,6.7,27.7,26.5,1.4,48.5,71.5,16.6,30.7,59.2,"30.2"
"Meadows, Parker",678009,2025,25,"69.9",6.1,"7.3",7.7,-3.6,47.1,30.2,"86.9","12.5",36,5.1,8.8,21.3,28.7,7.4,30.9,64.9,16.7,23.8,37.6,"29.0"
"Vargas, Miguel",678246,2025,25,"70.6",11.7,"7.6",11.9,-3,64.6,35.4,"89.7","22.6",36.6,9.3,7.6,37.3,20.4,2.7,40.5,69.2,16.2,21.6,64.5,"27.5"
"Mead, Curtis",678554,2025,24,"73.3",37.2,"7.2",4.8,-2.1,40.5,32.7,"87.5","17.1",33.7,4.5,8.4,31.5,23,6.7,34.8,67.3,13,27.8,60.1,"26.9"
"Tovar, Ezequiel",678662,2025,23,"71.6",19.1,"7.5",10.9,0.6,52.2,36.1,"89.4","16.4",43.7,9.3,8.5,26.3,23,5.6,38.9,82.1,20.5,41.2,48.9,"27.6"
"Noel, Jhonkensy",678877,2025,23,"77.9",73.2,"7.5",6.7,-5,43.1,29.1,"90.3","13.8",25.8,6.2,8.2,29.9,37.1,5.2,41.2,75.7,24.2,49,52.3,"27.1"
"Rafaela, Ceddanne",678882,2025,24,"71",12.4,"7.5",11.6,-1.5,57.2,32.6,"88.3","12.8",32.3,9.2,5.5,25.3,32,5.1,38.7,75.3,17.9,42.2,57.1,"29.1"
"Rojas, Johan",679032,2025,24,"70.3",12.7,"7.3",6.3,2.7,55.4,24.3,"87.9","7.4",27.7,3.4,1.7,21.8,34.5,11.8,35.3,67.1,18.3,38.1,64.2,"30.1"
"Torkelson, Spencer",679529,2025,25,"73",26.4,"7.8",13.5,-8,50,38,"90.2","23.1",39.3,13.5,7.8,34.8,20.6,2.3,45.1,65.9,17.6,22.4,44.6,"26.7"
"Loftin, Nick",679845,2025,26,"69.4",6.6,"7.1",8.4,-7.7,53.1,29.8,"88.2","14",35.4,6.3,6.9,31.9,27.8,3.5,34,65.8,13.9,25,65.8,"28.4"
"Schuemann, Max",680474,2025,28,"68.6",2.8,"6.8",8.3,2.7,54.1,30.5,"87.3","12.4",34.9,2.6,7.2,27.6,30.9,7.2,32.9,69.5,17.3,18.8,46.7,"28.3"
"McLain, Matt",680574,2025,25,"69.7",5.2,"6.9",11.5,-0.1,56.5,32.1,"88.8","16.3",34,7.7,8,27.4,23.4,6,40.7,59.9,19.8,26.3,51.5,"29.2"
"Barger, Addison",680718,2025,25,"75.9",62.7,"7.7",9.1,-5,51,28.8,"91.7","11.9",35.5,11.4,6.7,22,29.3,3.8,51,66.4,18,31.1,55.6,"27.7"
"Kwan, Steven",680757,2025,27,"63.7",0.8,"6.3",3.2,-2.5,35.3,35.6,"86.2","15.6",39.7,1.9,3.7,31.7,29.6,4.7,19.3,58.8,3.9,22.7,77,"27.3"
"Duran, Jarren",680776,2025,28,"74.8",47.5,"7.5",5.6,0.2,44.5,26.6,"91.8","12",34.5,9.7,7.9,25.3,31,2.6,46.8,64.2,16.4,31.1,45.5,"29.1"
"Jeffers, Ryan",680777,2025,28,"72.3",28.1,"7.3",9.9,-3.3,54.9,28.6,"89.3","15",33.5,6.3,10.8,27.5,26.9,3.8,42.1,54,14.3,24.3,64.4,"25.9"
"Davis, Henry",680779,2025,25,"73.9",39.3,"7.3",8.6,-7.5,55.1,26.3,"88.6","23.3",33,11.5,3.8,34.1,20.9,7.1,37.4,75.9,20,34.3,51.1,"28.3"
"Donovan, Brendan",680977,2025,28,"69.3",4.8,"6.8",7.9,1.8,49.2,30.4,"89.7","12.2",40.1,8.8,7,23.1,30.1,4.3,40.9,61.3,8.7,25,74,"26.6"
"Stott, Bryson",681082,2025,27,"69.4",5.7,"7.2",7.5,2.1,51.4,32.8,"87.6","14.9",36,5.1,6.8,31.2,30.9,4.6,29.5,55.6,12.7,23.3,72.8,"28.8"
"Cowser, Colton",681297,2025,25,"73.6",33.3,"7.3",16.1,-3.4,45.3,39.1,"90.9","13.8",32.7,14.1,8,22.1,32.2,2.5,46,60.4,23.6,23.8,36.2,"27.4"
"O'Hoppe, Logan",681351,2025,25,"72",20.4,"7.6",15.7,-3.7,52.2,32.9,"90.9","17.3",33.6,13.3,7.3,25.5,24.8,3.8,46.9,73.8,22.5,31.6,43.9,"27.3"
"Norby, Connor",681393,2025,25,"69.3",6.8,"7",19.7,4.2,37.1,41.4,"88.3","15.9",42,9.4,8,25,26.3,4.9,37.1,76.1,18.7,32.2,45.5,"28.8"
"Baldwin, Brooks",681460,2025,24,"70.7",11.1,"7.1",11.2,2.9,59.2,30,"90.4","14.8",36.8,10.9,4.5,27.3,27.3,7.7,40.9,72.8,17.2,33.4,59.1,"28.6"
"Carpenter, Kerry",681481,2025,27,"71.9",18.2,"7.5",17,-0.4,48.8,34.8,"91.4","21",37.4,12.5,7.6,31.3,22.2,2.1,46.8,71.5,19.4,34.1,59.2,"27.1"
"Pages, Andy",681624,2025,24,"72.6",21.5,"7.9",7.8,-4,48.3,40.6,"88.6","16.9",38.9,8.4,6.6,29,25.4,2.9,37.2,70.5,12.9,33.2,57.7,"28.1"
"Hernández, Heriberto",681715,2025,25,"73.4",37.4,"7.7",15.6,-0.9,55.8,30,"90.2","14.2",29,10.9,7.7,24,27.3,3.3,45.4,68.5,29,21.5,44.6,"28.7"
"Fry, David",681807,2025,29,"70.4",7.2,"7.9",15.3,-5.5,64.9,31.1,"88.7","23",23.9,9.1,8,35.2,27.3,4.5,39.8,69,26,34.2,52.5,"26.6"
"Schneemann, Daniel",682177,2025,28,"70.9",12,"7",14,3.1,50.3,34.9,"88.9","10.9",32.6,11.4,5.3,23.5,33.3,4.9,41.7,64.7,22.2,25.8,51.6,"27.9"
"Marte, Noelvi",682622,2025,23,"73.3",33.2,"7.4",9.7,-4.3,62.3,31,"88.5","12.7",32,9,5.5,22.7,33.6,4.3,36.3,70.6,19.5,33,56.5,"29.0"
"Alvarez, Francisco",682626,2025,23,"74",40.8,"7.2",7.7,3.2,50.1,29.9,"93.1","9.6",32.4,12.1,8.7,20.8,35.3,2.3,54.3,66.3,26.4,27.8,48.2,"26.0"
"Matos, Luis",682641,2025,23,"72",22.6,"7.3",7.1,-6.5,57.3,26.9,"88","14.1",33.6,7.5,7.5,28.1,37,2.7,37.7,65.6,12.2,37.7,66.7,"27.4"
"Martínez, Angel",682657,2025,23,"70.2",10.8,"7.4",12.4,-7,56,33.8,"87.1","18.4",32.2,3.5,6.1,32.8,28.4,5.8,29.3,69.2,13.8,39.8,65.6,"27.7"
"Ramírez, Agustín",682663,2025,23,"75.2",55.4,"7.5",7.3,-2.9,53.2,25.2,"90.8","8.3",31.1,11,7.2,20.3,35.7,4,47,70,13.7,32,51.7,"26.7"
"Acuña, Luisangel",682668,2025,23,"70.7",17.5,"7.3",3.4,4.8,41.8,25.3,"87.9","3.4",29.8,1.4,2.8,21.3,44,7.1,35.5,68.7,10.6,31,54.1,"29.6"
"De La Cruz, Elly",682829,2025,23,"74.5",45,"7.2",8.3,-0.3,49.5,33.7,"91","7.6",32.5,10.2,4.9,18.9,38.3,3.1,44.2,64.1,21.5,28.5,47,"29.1"
"Abrams, CJ",682928,2025,24,"72.4",25.5,"7.6",10.9,-3.8,59,27.3,"88.7","13.3",34.4,7.6,7,28.3,32.2,2.8,39.2,67.4,17,32.6,59.3,"28.2"
"Greene, Riley",682985,2025,24,"75.6",57.2,"7.3",13.9,1.2,43.6,44.6,"89.9","15",36.9,17.1,5,24.5,28.7,3.2,45.5,73.6,23.8,31.2,52,"26.7"
"Carroll, Corbin",682998,2025,24,"74.7",45.6,"7.3",11,-3.3,68.4,25.7,"92.1","16.7",33.5,14.5,9.6,28,24.6,2.2,49.9,66.9,19,31.6,63.3,"29.8"
"Henderson, Gunnar",683002,2025,24,"75.3",53.4,"7.3",8.5,1,51,29,"92.1","9.5",29.9,8.5,4.7,18.7,34.8,2,49.2,67.5,16.5,27.7,54,"28.5"
"Volpe, Anthony",683011,2025,24,"72.6",28.6,"7.2",11,5.6,64.9,31.5,"89.3","12.4",34.6,10.5,7.8,24.1,31.1,5.5,41.9,65.7,21.7,23.9,64.4,"28.3"
"Baty, Brett",683146,2025,25,"74.8",48.5,"7.4",8.4,3.7,47.6,35.5,"90.7","5.8",32.6,12.8,4.9,15.3,37.5,4.5,46.9,66.6,20.2,24.9,51.9,"27.0"
"Vaughn, Andrew",683734,2025,27,"70.7",12.2,"7.3",7.8,-1.8,48.3,29.4,"91.6","13.3",38.4,12,6.3,24,30,2.4,47.7,66,13.2,28.3,59.3,"26.0"
"Busch, Michael",683737,2025,27,"69.6",7,"7",16.3,-1.1,50.4,36.8,"92.2","17",41.1,17.1,7.5,26.4,23,2.1,47.3,68.5,16,23.1,45.5,"26.5"
"Koss, Christian",683766,2025,27,"69.9",6,"7.1",9,5,57.6,28.2,"86.9","5.5",33.6,6,6,16.4,34.3,11.9,33.6,72,26.4,34.4,55,"29.1"
"Frelick, Sal",686217,2025,25,"68.2",5.4,"7.1",8.6,-1.8,51.9,28.1,"85.5","12.1",30.7,3.1,2.9,26.1,35.1,5.9,27.4,60,9.2,26.3,77.7,"28.9"
"Pasquantino, Vinnie",686469,2025,27,"72.5",26.4,"7.4",9.7,-9.2,55.5,29.4,"90.9","16.3",33.5,10.8,7.9,28.3,30.1,1.7,44.7,65.2,10,30.4,63.8,"25.5"
"Canzone, Dominic",686527,2025,27,"73.1",36.7,"7.3",12.1,-2.5,54.9,32.1,"92.3","10.5",37.4,14.4,3.7,17.6,33.2,1.6,49.7,68.2,17.3,36.8,58.5,"26.5"
"Collins, Isaac",686555,2025,27,"72.7",22.5,"6.7",4,-2.2,37.2,28.8,"88.8","12.2",34.4,4.9,7,22.8,32.3,5.3,38.9,64.8,16,18.4,51.3,"27.7"
"Crews, Dylan",686611,2025,23,"73.3",34.2,"7.2",6.6,-1.3,48.2,26.5,"89.7","8.5",26.7,9.7,2.3,22.6,34.1,4.1,38.7,66.2,17.9,29.5,39.5,"29.0"
"Doyle, Brenton",686668,2025,27,"70.8",6.3,"7.2",11.5,0.6,64.6,30.3,"89.9","9.8",33,10.8,7.3,22.4,35.4,4.3,44.6,71,18.4,30.1,44.1,"29.5"
"Massey, Michael",686681,2025,27,"70.1",6.9,"7.2",13.4,-6.5,59.7,31.4,"87.5","22.2",35.7,4,4.9,42,21,4,33,69.5,12.7,37.6,70.3,"26.0"
"Pagés, Pedro",686780,2025,26,"72.6",27.3,"7.1",7.1,-3,41.1,30.4,"88","12.4",32.7,7.3,5.4,27.7,34.6,3.1,36.5,66.8,14.8,36.1,47.5,"25.6"
"Lee, Brooks",686797,2025,24,"69.5",9.4,"7.2",11.3,-4.7,57.8,30.9,"88.6","13.2",30.8,5.8,7,27.5,33.5,2.5,38.5,68.6,12,31.8,51.4,"26.1"
"Baldwin, Drake",686948,2025,24,"75.3",56.4,"7.2",9.4,3.2,48.1,31.7,"91.7","6.5",33.8,11,5.6,17.5,38.3,3.9,49.6,70,14,28.9,66.9,"26.1"
"Rushing, Dalton",687221,2025,24,"73.1",23.7,"7.6",14,-5.3,57.2,34.2,"90.8","17.2",37.2,14,9.3,26.7,20.9,3.5,45.3,65.7,26.9,19.6,28.3,"27.7"
"Hernaiz, Darell",687231,2025,23,"68.2",2.3,"7.1",6,0.6,46.3,32.6,"85","6.3",31.4,3.2,5.1,19.2,36.5,9,30.1,70,14.2,30.9,68.5,"28.2"
"Neto, Zach",687263,2025,24,"71.4",13.3,"7.1",18.1,-5.7,48.2,39,"91","17.5",38,14,8.9,26.8,24.6,3.9,46.6,69.5,18.6,30.1,49.3,"28.1"
"Scott II, Victor",687363,2025,24,"69",6,"6.4",9.7,-1.8,53.5,32.2,"86.1","15.2",36,3.7,3.7,27.3,25.3,14,26,73.4,18,24.3,46.8,"30.2"
"Ortiz, Joey",687401,2025,26,"72.4",24.4,"7.5",1.7,-1.8,33.3,27.8,"84.9","13.3",27.4,3,3.5,27.6,33.6,7.7,32.8,57.8,9.4,33.4,70.1,"28.7"
"Horwitz, Spencer",687462,2025,27,"68.5",7.1,"7",9.9,-1.8,44.9,35.9,"87.4","15.6",38.7,8.2,4.8,27.4,27.7,4.5,36,67.1,11.7,23.3,62.8,"25.5"
"Beck, Jordan",687597,2025,24,"73.2",32.9,"7.7",10.7,-3.3,51.7,32.8,"87.4","12.8",36.9,9.6,8.2,23.2,28.7,7.4,38.5,67.2,23.1,27.4,48.6,"28.7"
"Pauley, Graham",688363,2025,24,"69.6",6,"7.1",9.1,-5,55.9,28.5,"86.6","17.3",33.9,5.5,7.9,29.9,27.6,6.3,35.4,66.9,19.1,27.9,54.3,"26.6"
"Hicks, Liam",689414,2025,26,"67.4",2.6,"6.7",9.1,-1.9,48.7,32.6,"84.6","10.6",39,3.5,5.7,26.6,32.3,7.1,27.7,55.3,9.2,17.6,64.1,"26.2"
"Ritter, Ryan",690022,2025,24,"69.1",6.7,"6.7",10.4,1.1,41,35.2,"85.2","7.4",30.5,1.5,5.3,19.8,38.2,8.4,30.5,72.3,25.6,33.4,40.5,"29.2"
"Hassell III, Robert",690987,2025,23,"68.7",1.8,"6.9",11.8,7.2,56.9,38.1,"88.6","7.2",34.1,8.1,6.7,16.3,37,3.7,40.7,73.6,19.5,27.3,45.1,"28.2"
"Keith, Colt",690993,2025,23,"70.7",10,"6.8",11.8,-2.5,48.8,32.9,"90","13.3",41.1,9.2,8.9,27.8,25.6,3.8,43.7,63.8,14.2,25.2,55.8,"28.0"
"Soderstrom, Tyler",691016,2025,23,"74",37.9,"7.5",9.6,1.2,50.2,30.6,"91.6","7.9",34.4,11.4,6.9,18.2,35.5,2.1,49.8,68.3,16,28.9,51.7,"27.4"
"Teel, Kyle",691019,2025,23,"69.5",10.2,"6.7",11.2,4.7,39.4,38.8,"88.3","14.4",47.8,9.6,7.9,25.3,24.2,5.1,37.6,65.7,22.4,23.6,52.4,"27.5"
"Walker, Jordan",691023,2025,23,"78.1",77.8,"8.3",6.2,-5.3,47.7,31.4,"92.3","10.3",29,10.9,5.9,23.5,37,1.7,50,66.9,21.6,34.1,40.4,"28.7"
"Winn, Masyn",691026,2025,23,"71.1",17.3,"7.5",5.5,-3.9,43.7,29.1,"88.3","16",31.3,4.8,4.8,31,30.3,4.1,34.6,62.3,14.2,25.9,65.7,"28.4"
"Domínguez, Jasson",691176,2025,22,"74.1",38.5,"7.8",6.5,-3.6,46.4,31.4,"90.6","13",28.9,7,5.9,25.2,31.1,4.8,49.6,72.8,17.1,30.9,52,"28.7"
"Caminero, Junior",691406,2025,21,"78.5",81.1,"8.4",8,-5.3,59.3,26.2,"92.4","10.7",27.7,14,5.6,22.7,36.2,2.3,51.4,69.5,17.9,32.2,61.1,"26.7"
"Sanoja, Javier",691594,2025,22,"68.3",3.8,"7.3",2.2,-3,32.3,20.4,"88.5","10.8",31.8,1.8,6.1,24.6,35.4,5.7,35,60.8,8.3,30.6,77.9,"28.0"
"Crow-Armstrong, Pete",691718,2025,23,"72.7",28.5,"7.2",14.6,-3.5,50.1,34.9,"89.5","20",33.9,13,6.2,33.3,22,6.2,41.6,81.2,18,41.7,52.7,"29.5"
"Karros, Kyle",691720,2025,22,"69.1",2.5,"7.1",7.4,-7.2,46.1,37.8,"87.9","12.3",25.5,1,2,28.6,33.7,2,33.7,66.1,19,23.7,49.3,"27.5"
"Mayo, Coby",691723,2025,23,"74.7",47.8,"7.3",10.8,-16.6,45.1,35.6,"87.3","20.7",33,10.1,3.4,37.4,22.9,5.6,36,61.8,20.1,27.9,44.4,"27.9"
"Muncy, Max",691777,2025,22,"73.1",34.2,"7.3",9.3,-5.7,48.8,31.2,"87.1","9.3",33.8,10.1,4.3,25.9,34.5,6.5,32.4,68.1,19.7,31.2,37.1,"28.2"
"House, Brady",691781,2025,22,"72.4",22.2,"7.5",8.5,3.4,48,35.4,"89.8","5.8",36.2,4.3,9.6,18.6,34.6,3.2,46.3,75.7,23.2,36.8,51.8,"27.8"
"Campbell, Kristian",692225,2025,23,"73.3",39,"6.8",11.3,8,42.8,34.7,"88.6","4.7",30.4,5.1,4.4,17.1,40.5,4.4,41.8,60.7,19.7,23.4,53.6,"27.2"
"Gonzales, Nick",693304,2025,26,"70.5",13.5,"7.6",8.9,-0.1,53.5,33.2,"88.8","9.1",31.7,4.5,5.1,23.1,33.7,4.5,38.8,79.5,16.3,31.5,50.5,"28.9"
"Dingler, Dillon",693307,2025,26,"71.7",14.6,"7.7",10.8,-0.3,49.4,39.8,"90","15.8",42.3,9.2,8.9,21.2,24.8,3.7,45.7,64.3,14.5,30.2,49.6,"27.6"
"Chourio, Jackson",694192,2025,21,"73.9",40,"7.5",7.1,1.4,57.7,26.4,"89.3","10.6",34,9.7,6.7,25.7,30.8,6.7,42.3,70.4,16,36.9,55.6,"29.2"
"Tawa, Tim",694374,2025,26,"73.1",31,"7.1",11.1,-5.4,54.1,31.8,"89.2","6.8",31.4,9.3,3.6,24.3,35,5,42.1,69,19,28.9,36.9,"28.2"
"Schanuel, Nolan",694384,2025,23,"67.5",6.1,"6.7",8.6,-1,46.2,38.5,"87.5","13.2",38,4.5,5.2,26.9,32.8,3.8,29,65.4,9,24,67.9,"26.0"
"Carter, Evan",694497,2025,22,"70",8.3,"7.2",8.7,-8.3,46.3,32.7,"86.7","13.7",34,5.9,5.9,27.5,33.3,6.5,34.6,65.7,18.1,20,46.8,"29.0"
"Langford, Wyatt",694671,2025,23,"73.1",29,"7",16.8,-3.1,48.6,33.7,"91.4","17.5",35.9,14,6.1,28.9,23.6,4.7,48.4,63.8,16.8,23.4,49.3,"28.9"
"Saggese, Thomas",695336,2025,23,"69.8",6,"6.9",7.8,5.5,40.7,37.9,"90.2","12.9",39,5.6,5.6,24.6,28.7,4.1,44.1,65.3,22.5,34.3,65.3,"28.4"
"Caglianone, Jac",695506,2025,22,"77.4",73.5,"7.6",8.5,-4,49.4,28.5,"89.4","4.1",29.7,12,7.6,17.7,39.2,6.3,42.4,67.5,15.3,38.5,57.3,"26.8"
"Wood, James",695578,2025,22,"76",62.7,"7.7",11.1,1.9,41.9,39.7,"94.3","6.3",36.3,16.3,7.4,13.4,34.2,2.9,56.3,55.8,23.1,24.3,43.9,"27.8"
"Montgomery, Colson",695657,2025,23,"77",71.7,"7.8",11.5,-8.6,52.3,32.8,"89.4","18",35.8,14.5,9.2,26,24.9,4.6,44.5,70.2,19.9,30.5,40.7,"27.3"
"Moore, Christian",695681,2025,22,"72.7",29.8,"7",7.8,3.5,52.5,33.2,"88.9","14.6",38.2,6.9,5.9,29.4,24.5,6.9,36.3,69.4,28,23.9,35.6,"28.4"
"Lile, Daylen",695734,2025,22,"69.2",3.2,"7.1",9.4,-1.2,51.1,37.9,"88.9","15",44.2,5.2,10,23.4,27.1,2.2,40.1,75.3,12.6,26.7,61.4,"29.1"
"Osuna, Alejandro",696030,2025,22,"71.2",16.4,"7",4.7,5.1,41.6,29.9,"88.9","12",34.5,5.9,1.7,22.7,29.4,4.2,37,61.7,15,24.9,67.8,"28.5"
"Goodman, Hunter",696100,2025,25,"74.4",42.7,"7.3",13.4,-7.2,61.1,25.2,"90.8","17.3",32.8,12.8,5.4,29,24.4,3.8,46.9,75.3,19.9,36.7,45.8,"27.2"
"Young, Jacob",696285,2025,25,"68.3",1.6,"7.1",6,3.9,50.4,31.1,"87.6","3.8",27.9,1.9,3.7,17.1,40.1,10,34.2,60.1,10.9,23.9,62.8,"29.3"
"Sweeney, Trey",700242,2025,25,"73.6",29.1,"7.5",8.2,-3.2,56.2,26.6,"87.9","11.9",28.8,6.7,2.9,30.3,31.3,2.9,35.1,70,20.3,28.9,50.3,"28.4"
"Rice, Ben",700250,2025,26,"73.4",34.5,"7.4",10.6,-6,56.8,33.2,"93.3","14.2",39.3,15.4,8.7,23,27.1,2.7,56.1,65.5,13.7,21.2,55.8,"27.5"
"Quero, Edgar",700337,2025,22,"67.5",1.4,"6.7",6,9.5,52.2,31.5,"90.4","6.8",35.1,3.7,7.4,19.6,38.5,2.7,46.3,68.3,16.8,19,60.4,"24.9"
"Manzardo, Kyle",700932,2025,24,"70.6",8,"7.4",17.3,-0.6,52.2,37,"90.3","21.3",37.1,11.8,8.5,32.6,20,3.2,43.8,67,20.7,27.4,53.3,"25.4"
"Anthony, Roman",701350,2025,21,"75.1",52.5,"7.4",10.6,-1.3,52.8,30.1,"94.5","6.9",37.4,15.5,8,11.5,39.1,2.3,60.3,55.9,19.3,20,42.4,"27.8"
"Smith, Cam",701358,2025,22,"74.5",46.9,"7.3",7.5,-1.2,39.3,38.1,"87.9","8.9",34.6,6.9,8.2,20.6,35.9,4.6,40.8,66.1,18.4,29.6,46.7,"29.3"
"Merrill, Jackson",701538,2025,22,"72",19.9,"7.4",9.8,1.1,47.8,37.5,"89.7","15.2",42.6,13,9.5,22.8,29.3,3.6,42.9,79.3,18.9,37.8,55.9,"28.5"
"Kurtz, Nick",701762,2025,22,"77.2",72.7,"7.7",14.2,1.8,48.1,39.1,"92.7","15.3",39,18.4,8.1,22.1,25.4,2.2,51.1,64,27.5,22.2,41.5,"27.1"
"Roden, Alan",702176,2025,25,"70.1",12.5,"7.2",9.8,-5.5,45.1,27,"86.4","2.3",20.6,2,4.9,22.5,50,6.9,30.4,61.6,12.2,32.4,53.4,"27.8"
"Young, Cole",702284,2025,21,"71.4",21.6,"6.8",7.6,1,52.8,28.1,"87.6","17.2",33.3,5.6,7.8,32.2,30.6,6.1,31.1,63.9,20.7,23.5,64.1,"27.8"
"Durbin, Caleb",702332,2025,25,"67.9",1.9,"6.8",8,-4,63.7,27.6,"85.2","13.9",29.6,4,4.5,27.9,30.1,9,26.9,61.3,8.7,24.6,74.4,"28.1"
"Holliday, Jackson",702616,2025,21,"70.6",10.7,"6.9",8.3,5.6,52.8,31.9,"88.8","8.9",32.4,7.8,6.5,22.1,35.1,3.8,40.8,68.3,18.4,22.3,53.6,"28.6"
"Simpson, Chandler",802415,2025,24,"64.2",0.3,"6.3",3.5,6.9,39.2,30.2,"84.3","0.5",29.8,0,0.3,13.3,48.9,6.6,17.3,62.5,7.5,29.8,77.1,"29.6"
"Kemp, Otto",805249,2025,25,"72.7",26.3,"7.5",11.7,-7.7,46,34.7,"89.9","11.5",38.6,12.1,7.6,21.2,31.8,3,44.7,73.2,23,29.4,37.5,"29.4"
"Marsee, Jakob",805300,2025,24,"70.5",3.9,"6.8",5.3,-2.2,43.3,33.3,"88.9","10.9",38.9,8,7.4,19.8,31.5,3.1,41.4,63.1,12.7,19.9,55.6,"28.1"
"Meidroth, Chase",805367,2025,23,"67.4",1.6,"6.7",6.7,2.1,48.7,29.4,"88.2","6.7",26.2,1.6,4.5,21.2,40.3,3.7,36.1,52.8,9,22.4,76.5,"27.0"
"Alvarez Jr., Nacho",805373,2025,22,"67.7",3.8,"7.5",6.2,0,42.3,30.4,"84.9","17.8",33.1,1.4,5.6,32.4,26.1,6.3,26.8,58.4,18,25.2,66.7,"26.8"
"Wilson, Jacob",805779,2025,23,"63.9",0.3,"6.1",2.8,-1.1,36.4,35.2,"84.6","8.8",32.2,2.2,3.1,22,40,5.8,24.7,66.6,7.6,32.1,85.9,"27.0"
"Keaschall, Luke",807712,2025,22,"66.9",2.2,"6.4",8.1,-1.1,50,35.6,"86.2","10.5",38.3,5.2,4.5,27.9,33.8,7.1,31.2,63.2,13.3,20,64.5,"28.7"
"Shaw, Matt",807713,2025,23,"69.6",11.5,"7",11,-1.9,65.4,26.8,"84.9","13.4",35.3,6.9,7.3,26.1,31.7,6.3,29.4,63.4,16.6,30.6,63.6,"29.0"
"Yoshida, Masataka",807799,2025,31,"71.9",21.4,"7.4",10,-1.7,51.9,32.8,"90.2","5.7",29.2,6.5,3.6,17.9,42.9,3,44,58.5,7.8,27.3,64.8,"26.4"
"Kim, Hyeseong",808975,2025,26,"67.3",2.4,"7.1",10.2,0,38.1,41.6,"86","7",39.1,2.7,7.3,17.3,39.1,4.5,28.2,66,21.9,35.1,50.4,"28.7"
"Lee, Jung Hoo",808982,2025,26,"68.3",2.7,"7.5",5.2,-4.6,40.9,39.4,"87.1","9.9",34.1,3.7,3.9,24.7,36.1,3.7,32,64.5,8.5,22.5,71.9,"28.2"
"Williamson, Ben",810938,2025,24,"69.7",7.9,"6.9",2.5,5.8,32.4,32.9,"88.3","3.1",23.3,3.3,3.3,19.5,40.9,4.2,40.5,60.6,12.6,33.6,58.7,"28.1"