"last_name, first_name","player_id","year","player_age","p_game","p_formatted_ip","pa","ab","hit","single","double","triple","home_run","strikeout","walk","k_percent","bb_percent","batting_avg","slg_percent","on_base_percent","on_base_plus_slg","p_earned_run","p_run","p_win","p_loss","p_era","p_total_stolen_base"
"Canning, Griffin",656288,2023,27,"24","127.0",536,493,121,77,19,3,22,139,36,25.9,6.7,".245",".430",".303","0.733","61","62","7","8","4.32","2"
"Scott, Tanner",656945,2024,29,"72","72.0",294,251,45,35,7,0,3,84,36,28.6,12.2,".179",".243",".285","0.528","14","20","9","6","1.75","5"
"Herrin, Tim",682120,2024,27,"75","65.2",257,225,39,28,9,0,2,68,25,26.5,9.7,".173",".240",".270","0.510","14","17","5","1","1.92","6"
"Muller, Kyle",666205,2023,25,"21","77.0",372,324,112,73,22,1,16,56,39,15.1,10.5,".346",".568",".416","0.984","65","65","1","5","7.60","10"
"Meyer, Max",676974,2025,26,"12","64.2",285,261,72,48,12,0,12,68,20,23.9,7,".276",".460",".330","0.790","34","39","3","5","4.73","3"
"Holmes, Clay",605280,2025,32,"33","165.2",708,622,150,110,25,1,14,129,66,18.2,9.3,".241",".352",".324","0.676","65","74","12","8","3.53","8"
"Spiers, Carson",686730,2024,26,"22","90.2",410,377,112,65,24,3,20,80,27,19.5,6.6,".297",".536",".351","0.887","55","59","5","7","5.46","2"
"Corbin, Patrick",571578,2025,35,"31","155.1",663,602,161,107,31,2,21,131,51,19.8,7.7,".267",".430",".326","0.756","76","79","7","11","4.40","26"
"Romero, JoJo",668941,2024,27,"65","59.0",243,220,52,33,11,0,8,51,16,21,6.6,".236",".395",".302","0.697","22","23","7","3","3.36","1"
"Suter, Brent",608718,2024,34,"47","65.2",270,253,63,41,11,1,10,50,12,18.5,4.4,".249",".419",".289","0.708","23","25","1","0","3.15","3"
"Mantiply, Joe",573009,2024,33,"75","59.2",243,225,52,33,14,4,1,53,18,21.8,7.4,".231",".342",".288","0.630","26","27","6","2","3.92","7"
"Berríos, José",621244,2024,30,"32","192.1",786,714,168,112,21,4,31,153,54,19.5,6.9,".235",".406",".300","0.706","77","79","16","11","3.60","12"
"Jansen, Kenley",445276,2024,36,"54","54.2",218,194,38,25,9,0,4,62,20,28.4,9.2,".196",".304",".271","0.575","20","20","4","2","3.29","10"
"Brazobán, Huascar",623211,2023,33,"50","58.2",257,218,53,40,8,0,5,65,31,25.3,12.1,".243",".349",".344","0.693","27","28","5","2","4.14","11"
"Moore, Matt",519043,2023,34,"50","52.2",218,198,46,28,10,1,7,60,15,27.5,6.9,".232",".399",".295","0.694","15","16","5","1","2.56","5"
"Baz, Shane",669358,2025,26,"31","166.1",711,633,158,95,36,1,26,176,64,24.8,9,".250",".433",".325","0.758","90","91","10","12","4.87","20"
"Mahle, Tyler",641816,2025,30,"16","86.2",346,316,69,51,12,1,5,66,29,19.1,8.4,".218",".310",".283","0.593","21","21","6","4","2.18","2"
"Yates, Kirby",489446,2024,37,"61","61.2",237,203,23,15,5,0,3,85,28,35.9,11.8,".113",".182",".225","0.407","8","10","7","2","1.17","7"
"Farmer, Buck",571656,2024,33,"61","71.0",299,260,56,31,17,1,7,70,29,23.4,9.7,".215",".369",".309","0.678","24","25","3","2","3.04","12"
"Wheeler, Zack",554430,2024,34,"32","200.0",787,723,139,86,28,5,20,224,52,28.5,6.6,".192",".328",".253","0.581","57","62","16","7","2.57","8"
"Corbin, Patrick",571578,2023,33,"32","180.0",790,717,210,142,34,1,33,124,57,15.7,7.2,".293",".481",".344","0.825","104","113","10","15","5.20","28"
"Okert, Steven",595345,2025,33,"68","71.2",276,248,45,31,8,0,6,84,19,30.4,6.9,".181",".286",".242","0.528","24","25","3","2","3.01","8"
"Pivetta, Nick",601713,2025,32,"31","181.2",721,660,129,86,19,2,22,190,50,26.4,6.9,".195",".330",".253","0.583","58","63","13","5","2.87","9"
"Scott, Tayler",605463,2024,32,"62","68.2",282,239,45,31,6,1,7,71,35,25.2,12.4,".188",".310",".299","0.609","17","21","7","3","2.23","16"
"Stroman, Marcus",573186,2023,32,"27","136.2",575,519,120,84,27,0,9,119,52,20.7,9,".231",".335",".304","0.639","60","68","10","9","3.95","17"
"Fairbanks, Pete",664126,2025,31,"61","60.1",244,224,45,27,10,1,7,59,18,24.2,7.4,".201",".348",".263","0.611","19","22","4","5","2.83","8"
"Freeland, Kyle",607536,2024,31,"21","113.1",490,460,134,84,23,5,22,85,26,17.3,5.3,".291",".507",".329","0.836","66","73","5","8","5.24","9"
"Fisher, Braydon",680755,2025,24,"52","50.0",202,177,32,22,6,0,4,62,19,30.7,9.4,".181",".282",".269","0.551","15","15","7","0","2.70","6"
"Stone, Gavin",694813,2024,25,"25","140.1",580,537,133,88,25,2,18,116,37,20,6.4,".248",".402",".297","0.699","55","55","11","5","3.53","8"
"Estévez, Carlos",608032,2023,30,"63","62.1",281,244,62,45,10,0,7,78,31,27.8,11,".254",".381",".350","0.731","27","34","5","5","3.90","2"
"Sborz, Josh",622250,2023,29,"44","52.1",215,196,43,28,6,1,8,66,17,30.7,7.9,".219",".383",".285","0.668","32","33","6","7","5.50","4"
"Imanaga, Shota",684007,2024,30,"29","173.1",694,662,149,98,23,1,27,174,28,25.1,4,".225",".385",".259","0.644","56","66","15","3","2.91","3"
"Sandoval, Patrick",663776,2023,26,"28","144.2",652,567,145,103,29,1,12,128,74,19.6,11.3,".256",".374",".344","0.718","66","89","7","13","4.11","7"
"Carrasco, Carlos",471911,2023,36,"20","90.0",417,371,115,71,24,2,18,66,38,15.8,9.1,".310",".531",".381","0.912","68","71","3","8","6.80","12"
"Warren, Will",701542,2025,26,"33","162.1",711,631,158,100,32,4,22,171,65,24.1,9.1,".250",".418",".320","0.738","80","90","9","8","4.44","6"
"López, Pablo",641154,2023,27,"32","194.0",801,738,176,121,26,5,24,234,48,29.2,6,".238",".385",".292","0.677","79","81","11","8","3.66","8"
"Hader, Josh",623352,2023,29,"61","56.1",231,196,32,26,3,0,3,85,30,36.8,13,".163",".224",".284","0.508","8","11","2","3","1.28","1"
"Middleton, Keynan",641871,2023,29,"51","50.2",212,187,40,28,4,0,8,64,23,30.2,10.8,".214",".364",".303","0.667","19","20","2","2","3.38","4"
"Peralta, Wandy",593974,2025,33,"71","71.2",313,277,66,46,13,2,5,63,30,20.1,9.6,".238",".354",".315","0.669","25","29","6","1","3.14","6"
"Rogers, Trevor",669432,2025,27,"18","109.2",423,388,70,53,8,3,6,103,29,24.3,6.9,".180",".263",".240","0.503","22","23","9","3","1.81","3"
"Quantrill, Cal",615698,2023,28,"19","99.2",444,398,111,74,22,4,11,58,35,13.1,7.9,".279",".437",".345","0.782","58","59","4","7","5.24","10"
"Thompson, Mason",666168,2023,25,"51","54.0",240,211,62,46,10,2,4,44,22,18.3,9.2,".294",".417",".368","0.785","33","35","4","4","5.50","6"
"Weaver, Luke",596133,2024,30,"62","84.0",331,296,52,29,9,4,10,103,26,31.1,7.9,".176",".334",".248","0.582","27","28","7","3","2.89","1"
"Holderman, Colin",670059,2024,28,"55","51.1",223,188,42,28,7,1,6,56,25,25.1,11.2,".223",".367",".324","0.691","18","23","3","6","3.16","9"
"deGrom, Jacob",594798,2025,37,"30","172.2",669,624,122,76,19,1,26,185,37,27.7,5.5,".196",".354",".242","0.596","57","57","12","8","2.97","11"
"Armstrong, Shawn",542888,2025,34,"71","74.0",284,254,40,25,8,2,5,74,20,26.1,7,".157",".264",".232","0.496","19","21","4","3","2.31","4"
"Assad, Javier",665871,2024,26,"29","147.0",638,562,143,91,30,2,20,124,63,19.4,9.9,".254",".422",".333","0.755","61","64","7","6","3.73","11"
"Molina, Anthony",683627,2024,22,"35","59.2",264,236,72,50,16,1,5,41,22,15.5,8.3,".305",".445",".364","0.809","45","46","1","1","6.79","6"
"Ryan, Joe",657746,2023,27,"29","161.2",672,626,155,92,30,1,32,197,34,29.3,5.1,".248",".452",".290","0.742","81","83","11","10","4.51","7"
"Povich, Cade",700249,2025,25,"22","112.1",488,439,125,84,20,4,17,118,43,24.2,8.8,".285",".465",".347","0.812","65","70","3","8","5.21","4"
"Blach, Ty",621389,2024,33,"20","71.1",330,301,103,65,20,1,17,36,18,10.9,5.5,".342",".585",".387","0.972","55","55","3","8","6.94","1"
"Chapman, Aroldis",547973,2023,35,"61","58.1",249,211,37,27,6,0,4,103,36,41.4,14.5,".175",".261",".297","0.558","20","24","6","5","3.09","15"
"Junk, Janson",676083,2025,29,"21","110.0",447,421,112,74,29,1,8,77,13,17.2,2.9,".266",".397",".289","0.686","51","54","6","4","4.17","12"
"Birdsong, Hayden",806185,2024,22,"16","72.0",315,264,57,34,11,1,11,88,43,27.9,13.7,".216",".390",".332","0.722","38","39","5","6","4.75","4"
"Peralta, Freddy",642547,2024,28,"32","173.2",725,639,143,92,24,1,26,200,68,27.6,9.4,".224",".387",".307","0.694","71","74","11","9","3.68","17"
"Webb, Logan",657277,2025,28,"34","207.0",856,795,210,144,49,3,14,224,46,26.2,5.4,".264",".386",".308","0.694","74","82","15","11","3.22","9"
"Estrada, Jeremiah",669093,2024,25,"62","61.0",252,224,42,30,8,0,4,94,23,37.3,9.1,".188",".277",".259","0.536","20","22","6","3","2.95","2"
"Steele, Justin",657006,2023,27,"30","173.1",716,666,167,117,34,2,14,176,36,24.6,5,".251",".371",".295","0.666","59","71","16","5","3.06","8"
"Sale, Chris",519242,2023,34,"20","102.2",425,384,87,46,24,2,15,125,29,29.4,6.8,".227",".417",".292","0.709","49","52","6","5","4.30","8"
"Ortiz, Luis",682847,2024,25,"37","135.2",556,500,109,68,21,4,16,107,42,19.2,7.6,".218",".372",".288","0.660","50","56","7","6","3.32","7"
"Floro, Dylan",571670,2023,32,"62","56.2",248,227,70,54,12,1,3,58,17,23.4,6.9,".308",".410",".363","0.773","30","34","5","6","4.76","7"
"Woodruff, Brandon",605540,2023,30,"11","67.0",253,233,40,23,8,0,9,74,15,29.2,5.9,".172",".322",".229","0.551","17","17","5","1","2.28","4"
"Suarez, Robert",663158,2025,34,"70","69.2",269,249,47,34,6,1,6,75,16,27.9,5.9,".189",".293",".243","0.536","23","24","4","6","2.97","3"
"Díaz, Alexis",664747,2024,27,"60","56.1",242,204,42,27,9,0,6,55,31,22.7,12.8,".206",".338",".326","0.664","25","31","2","5","3.99","7"
"Irvin, Jake",663623,2025,28,"33","180.0",787,717,195,116,38,3,38,124,62,15.8,7.9,".272",".492",".334","0.826","114","120","9","13","5.70","10"
"Suter, Brent",608718,2025,35,"48","67.2",291,269,69,47,10,1,11,53,18,18.2,6.2,".257",".424",".307","0.731","34","38","1","2","4.52","0"
"Patrick, Chad",694477,2025,26,"27","119.2",503,455,113,76,24,0,13,127,40,25.2,8,".248",".387",".313","0.700","47","49","3","8","3.53","6"
"Speier, Gabe",642100,2023,28,"69","54.2",216,200,47,33,7,0,7,64,11,29.6,5.1,".235",".375",".282","0.657","23","24","2","2","3.79","5"
"Williams, Gavin",668909,2025,25,"31","167.2",704,615,130,83,23,1,23,173,83,24.6,11.8,".211",".364",".307","0.671","57","62","12","5","3.06","7"
"Lynn, Lance",458681,2023,36,"32","183.2",808,729,189,116,26,3,44,191,67,23.6,8.3,".259",".484",".328","0.812","117","127","13","11","5.73","7"
"Rodón, Carlos",607074,2025,32,"33","195.1",789,701,132,83,27,0,22,203,73,25.7,9.3,".188",".321",".272","0.593","67","74","18","9","3.09","17"
"Ginn, J.T.",669372,2025,26,"23","90.1",392,354,92,53,20,2,17,99,31,25.3,7.9,".260",".472",".329","0.801","51","52","4","7","5.08","10"
"Roupp, Landen",694738,2025,26,"22","106.2",476,422,113,79,23,0,11,102,45,21.4,9.5,".268",".400",".340","0.740","45","55","7","7","3.80","6"
"Ferguson, Caleb",657571,2024,27,"62","54.1",249,219,56,39,11,0,6,67,25,26.9,10,".256",".388",".341","0.729","28","34","1","4","4.64","1"
"Brown, Hunter",686613,2023,24,"31","155.2",665,599,157,95,34,2,26,178,55,26.8,8.3,".262",".456",".332","0.788","88","94","11","13","5.09","16"
"Gibaut, Ian",664139,2023,29,"74","75.2",318,282,69,51,10,0,8,69,28,21.7,8.8,".245",".365",".320","0.685","28","33","8","4","3.33","10"
"Pérez, Martín",527048,2023,32,"35","141.2",608,547,150,103,24,2,21,93,49,15.3,8.1,".274",".441",".336","0.777","70","74","10","4","4.45","3"
"Smith, Burch",572143,2024,34,"50","56.1",241,222,64,45,13,0,6,46,12,19.1,5,".288",".428",".328","0.756","31","34","4","1","4.95","6"
"Bivens, Spencer",702352,2025,31,"54","81.0",343,309,83,57,15,5,6,61,25,17.8,7.3,".269",".408",".331","0.739","36","42","4","3","4.00","4"
"Sandlin, Nick",680704,2024,27,"68","57.2",246,207,46,26,8,0,12,68,27,27.6,11,".222",".435",".325","0.760","24","29","8","0","3.75","6"
"Glasnow, Tyler",607192,2024,30,"22","134.0",522,484,92,48,27,2,15,168,35,32.2,6.7,".190",".347",".244","0.591","52","53","9","6","3.49","14"
"Vesia, Alex",681911,2025,29,"68","59.2",237,204,37,21,7,0,9,80,22,33.8,9.3,".181",".348",".272","0.620","20","21","4","2","3.02","4"
"Schreiber, John",670167,2025,31,"74","64.0",265,244,57,34,12,1,10,62,19,23.4,7.2,".234",".414",".292","0.706","27","29","3","3","3.80","0"
"Wacha, Michael",608379,2025,33,"31","172.2",716,658,166,116,29,6,15,126,45,17.6,6.3,".252",".383",".302","0.685","74","74","10","13","3.86","2"
"Santillan, Tony",663574,2025,28,"80","73.2",301,265,53,33,11,2,7,75,29,24.9,9.6,".200",".336",".290","0.626","20","23","1","5","2.44","1"
"Fried, Max",608331,2023,29,"14","77.2",311,289,70,55,8,0,7,80,18,25.7,5.8,".242",".343",".290","0.633","22","24","8","1","2.55","4"
"McArthur, James",663704,2024,27,"57","56.2",246,228,68,49,10,1,8,49,13,19.9,5.3,".298",".456",".343","0.799","31","36","5","7","4.92","3"
"Spence, Mitch",687765,2024,26,"35","151.1",651,598,165,101,41,3,20,126,44,19.4,6.8,".276",".455",".331","0.786","77","79","8","10","4.58","15"
"Alvarado, José",621237,2024,29,"66","61.2",258,228,49,33,8,2,6,63,28,24.4,10.9,".215",".346",".302","0.648","28","30","2","5","4.09","7"
"Ray, Robbie",592662,2025,33,"32","182.1",755,671,148,85,39,2,22,186,73,24.6,9.7,".221",".383",".298","0.681","74","81","11","8","3.65","20"
"Morton, Charlie",450203,2023,39,"30","163.1",716,615,150,103,30,3,14,183,83,25.6,11.6,".244",".371",".344","0.715","66","70","14","12","3.64","16"
"King, Michael",650633,2024,29,"31","173.2",726,653,144,98,27,2,17,201,63,27.7,8.7,".221",".346",".296","0.642","57","71","13","9","2.95","8"
"Romero, JoJo",668941,2025,28,"65","61.0",255,217,47,36,9,0,2,55,29,21.6,11.4,".217",".286",".311","0.597","14","21","4","6","2.07","4"
"Morejon, Adrian",670970,2025,26,"75","73.2",286,263,49,41,5,1,2,70,17,24.5,5.9,".186",".236",".235","0.471","17","23","13","6","2.08","9"
"Fulmer, Michael",605242,2023,30,"58","57.0",237,204,48,28,13,0,7,65,28,27.4,11.8,".235",".402",".329","0.731","28","29","3","5","4.42","1"
"Birdsong, Hayden",806185,2025,23,"21","65.2",298,252,61,37,12,2,10,68,37,22.8,12.4,".242",".425",".347","0.772","35","42","4","4","4.80","1"
"Yarbrough, Ryan",642232,2024,32,"44","98.2",398,348,70,49,10,0,11,65,32,16.3,8,".201",".325",".289","0.614","35","36","5","2","3.19","8"
"Mize, Casey",663554,2025,28,"28","149.0",627,581,153,98,30,4,21,139,36,22.2,5.7,".263",".437",".307","0.744","64","68","14","6","3.87","11"
"Freeland, Kyle",607536,2025,32,"31","162.2",709,657,193,132,34,5,22,124,38,17.5,5.4,".294",".461",".335","0.796","90","105","5","17","4.98","5"
"Maton, Phil",664208,2024,31,"71","64.0",265,231,47,30,8,2,7,60,24,22.6,9.1,".203",".346",".303","0.649","26","27","3","3","3.66","2"
"Weaver, Luke",596133,2025,31,"64","64.2",262,236,46,26,10,0,10,72,20,27.5,7.6,".195",".364",".258","0.622","26","28","4","4","3.62","2"
"Pressly, Ryan",519151,2023,34,"65","65.1",268,246,54,37,8,1,8,74,16,27.6,6,".220",".358",".265","0.623","26","33","4","5","3.58","1"
"Farmer, Buck",571656,2023,32,"71","75.0",309,271,58,29,18,0,11,70,29,22.7,9.4,".214",".402",".296","0.698","35","36","4","5","4.20","12"
"Gaddis, Hunter",683769,2025,27,"73","66.2",274,248,58,39,9,2,8,73,21,26.6,7.7,".234",".383",".294","0.677","23","24","2","2","3.11","6"
"Teheran, Julio",527054,2023,32,"14","71.2",288,268,68,39,14,2,13,50,13,17.4,4.5,".254",".466",".296","0.762","35","36","3","5","4.40","9"
"Garcia, Robert",676395,2024,28,"72","59.2",251,232,55,43,8,0,4,75,16,29.9,6.4,".237",".323",".288","0.611","28","34","3","6","4.22","4"
"Kirby, George",669923,2023,25,"31","190.2",757,727,179,122,28,7,22,172,19,22.7,2.5,".246",".395",".270","0.665","71","74","13","10","3.35","17"
"Gott, Trevor",641627,2023,30,"64","58.0",261,236,63,45,13,1,4,62,19,23.8,7.3,".267",".381",".331","0.712","27","34","0","5","4.19","12"
"Bielak, Brandon",656232,2023,27,"15","80.0",353,311,86,54,19,1,12,62,36,17.6,10.2,".277",".460",".361","0.821","34","43","5","6","3.83","5"
"Houck, Tanner",656557,2023,27,"21","106.0",463,410,104,66,24,0,14,99,41,21.4,8.9,".254",".415",".328","0.743","59","61","6","10","5.01","4"
"Blackburn, Paul",621112,2023,29,"21","103.2",464,409,117,81,22,3,11,104,43,22.4,9.3,".286",".435",".352","0.787","51","54","4","7","4.43","10"
"Cano, Yennier",666974,2025,31,"65","58.0",251,218,62,47,7,1,7,53,24,21.1,9.6,".284",".422",".360","0.782","33","36","3","7","5.12","12"
"Hendricks, Kyle",543294,2024,34,"29","130.2",567,514,147,110,15,1,21,87,43,15.3,7.6,".286",".442",".340","0.782","86","88","4","12","5.92","14"
"Rodriguez, Eduardo",593958,2025,32,"29","154.1",694,623,178,113,37,3,25,143,60,20.6,8.6,".286",".475",".347","0.822","86","94","9","9","5.02","8"
"Williams, Gavin",668909,2024,24,"16","76.0",332,293,72,45,17,3,7,79,32,23.8,9.6,".246",".396",".323","0.719","41","42","3","10","4.86","4"
"Lord, Brad",695418,2025,25,"48","130.2",546,494,126,84,22,3,17,108,43,19.8,7.9,".255",".415",".317","0.732","63","65","5","10","4.34","3"
"Cortes, Nestor",641482,2023,28,"12","63.1",266,242,59,33,15,0,11,67,20,25.2,7.5,".244",".442",".308","0.750","35","36","5","2","4.97","2"
"Rogers, Taylor",573124,2024,33,"64","60.0",249,224,53,32,13,1,7,64,22,25.7,8.8,".237",".397",".309","0.706","16","22","1","4","2.40","4"
"Grove, Michael",675627,2024,27,"39","51.0",216,191,46,32,7,1,6,54,16,25,7.4,".241",".382",".316","0.698","29","31","4","4","5.12","4"
"Verlander, Justin",434378,2025,42,"29","152.0",662,595,155,97,41,1,16,137,52,20.7,7.9,".261",".413",".323","0.736","65","74","4","11","3.85","13"
"Young, Brandon",687064,2025,26,"12","57.2",256,230,67,38,17,0,12,47,22,18.4,8.6,".291",".522",".350","0.872","40","42","1","7","6.24","0"
"Quintana, Jose",500779,2025,36,"24","131.2",556,497,120,86,16,0,18,89,50,16,9,".241",".382",".315","0.697","58","65","11","7","3.96","9"
"Adam, Jason",592094,2024,32,"74","73.2",282,251,40,26,8,1,5,81,23,28.7,8.2,".159",".259",".245","0.504","16","20","7","2","1.95","20"
"Allen, Logan",671106,2023,24,"24","125.1",537,483,127,83,28,0,16,119,48,22.2,8.9,".263",".420",".330","0.750","53","55","7","8","3.81","0"
"Schreiber, John",670167,2024,30,"59","51.2",224,198,48,36,10,1,1,46,20,20.5,8.9,".242",".318",".321","0.639","21","23","4","3","3.66","1"
"Leclerc, José",600917,2023,29,"57","57.0",233,202,37,25,7,0,5,67,28,28.8,12,".183",".292",".288","0.580","17","19","0","2","2.68","2"
"Yates, Kirby",489446,2023,36,"61","60.1",254,210,35,22,4,0,9,80,37,31.5,14.6,".167",".314",".304","0.618","22","22","7","2","3.28","11"
"Rainey, Tanner",663432,2024,31,"50","51.0",231,197,47,29,9,1,8,44,29,19,12.6,".239",".416",".346","0.762","27","28","0","0","4.76","4"
"Fujinami, Shintaro",660261,2023,29,"64","79.0",357,302,73,44,18,2,9,83,45,23.2,12.6,".242",".404",".350","0.754","63","65","7","8","7.18","7"
"Alcantara, Sandy",645261,2025,29,"31","174.2",745,669,165,104,39,0,22,142,57,19.1,7.7,".247",".404",".310","0.714","104","107","11","12","5.36","35"
"Manaea, Sean",640455,2024,32,"32","181.2",738,662,134,86,27,0,21,184,63,24.9,8.5,".202",".338",".280","0.618","70","75","12","6","3.47","23"
"Harris, Hogan",663687,2024,27,"21","72.1",305,266,65,42,14,2,7,61,33,20,10.8,".244",".391",".333","0.724","23","29","4","4","2.86","2"
"Anderson, Tyler",542881,2025,35,"26","136.1",599,533,135,75,29,3,28,104,57,17.4,9.5,".253",".477",".326","0.803","69","73","2","8","4.56","9"
"Vesia, Alex",681911,2024,28,"67","66.1",263,223,33,16,9,1,7,87,33,33.1,12.5,".148",".291",".260","0.551","13","19","5","4","1.76","5"
"Topa, Justin",623437,2023,32,"75","69.0",279,254,61,49,6,2,4,61,18,21.9,6.5,".240",".327",".295","0.622","20","26","5","4","2.61","6"
"Mears, Nick",683232,2025,28,"63","56.2",222,197,42,27,6,2,7,46,14,20.7,6.3,".213",".371",".258","0.629","22","25","5","3","3.49","2"
"Schlittler, Cam",693645,2025,24,"14","73.0",304,267,58,42,8,0,8,84,31,27.6,10.2,".217",".337",".309","0.646","24","24","4","3","2.96","10"
"Hill, Rich",448179,2023,43,"32","146.1",660,587,165,94,44,4,23,129,58,19.5,8.8,".281",".487",".351","0.838","88","98","8","14","5.41","25"
"Detmers, Reid",672282,2025,25,"61","63.2",266,238,58,43,9,0,6,80,25,30.1,9.4,".244",".357",".320","0.677","28","29","5","3","3.96","4"
"Suarez, José",660761,2024,26,"22","52.1",240,208,57,29,17,4,7,56,27,23.3,11.3,".274",".495",".367","0.862","35","38","1","2","6.02","2"
"Romano, Jordan",605447,2023,30,"59","59.0",248,220,48,32,9,1,6,72,24,29,9.7,".218",".350",".301","0.651","19","20","5","7","2.90","9"
"Blalock, Bradley",687134,2025,24,"14","58.2",275,243,85,59,9,0,17,27,23,9.8,8.4,".350",".597",".405","1.002","61","61","2","6","9.36","7"
"Chavez, Jesse",445926,2024,40,"46","63.1",264,241,60,38,11,1,10,55,19,20.8,7.2,".249",".427",".304","0.731","22","27","2","2","3.13","8"
"Ober, Bailey",641927,2023,27,"26","144.1",577,539,125,78,24,1,22,146,29,25.3,5,".232",".403",".279","0.682","55","58","8","6","3.43","3"
"Cabrera, Edward",665795,2025,27,"26","137.2",581,519,121,80,24,0,17,150,48,25.8,8.3,".233",".378",".309","0.687","54","60","8","7","3.53","35"
"Minter, A.J.",621345,2023,29,"70","64.2",260,237,56,41,8,1,6,82,21,31.5,8.1,".236",".354",".296","0.650","27","28","3","6","3.76","15"
"Nola, Aaron",605400,2024,31,"33","199.1",820,764,189,118,39,2,30,197,50,24,6.1,".247",".421",".295","0.716","79","84","14","8","3.57","12"
"Marsh, Alec",679525,2024,26,"26","129.0",548,493,123,73,28,3,19,123,39,22.4,7.1,".249",".434",".316","0.750","65","70","9","9","4.53","9"
"Matsui, Yuki",673513,2025,29,"61","63.1",272,233,53,31,10,2,10,61,33,22.4,12.1,".227",".416",".321","0.737","28","29","3","1","3.98","5"
"Cease, Dylan",656302,2023,27,"33","177.0",784,689,172,112,32,9,19,214,79,27.3,10.1,".250",".405",".332","0.737","90","98","7","9","4.58","13"
"Webb, Jacob",657097,2023,29,"54","53.2",232,196,39,23,8,2,6,57,30,24.6,12.9,".199",".352",".316","0.668","22","22","1","1","3.69","3"
"VerHagen, Drew",572403,2023,32,"60","61.0",268,230,52,31,12,0,9,60,26,22.4,9.7,".226",".396",".325","0.721","27","30","5","1","3.98","9"
"Manaea, Sean",640455,2023,31,"37","117.2",499,444,104,66,19,5,14,128,42,25.7,8.4,".234",".394",".309","0.703","58","68","7","6","4.44","8"
"Kelly, Merrill",518876,2023,34,"30","177.2",721,645,143,90,30,3,20,187,68,25.9,9.4,".222",".371",".299","0.670","65","71","12","8","3.29","13"
"Martinez, Justin",679885,2024,22,"64","72.2",308,267,59,46,10,1,2,91,36,29.5,11.7,".221",".288",".316","0.604","20","26","5","6","2.48","2"
"Sugano, Tomoyuki",608372,2025,35,"30","157.0",675,626,173,116,21,3,33,106,36,15.7,5.3,".276",".478",".321","0.799","81","85","10","10","4.64","8"
"Bassitt, Chris",605135,2025,36,"32","170.1",736,667,174,118,31,3,22,166,52,22.6,7.1,".261",".415",".325","0.740","75","80","11","9","3.96","14"
"Hentges, Sam",656529,2023,26,"56","52.1",223,204,53,42,8,1,2,56,18,25.1,8.1,".260",".338",".318","0.656","21","24","3","2","3.61","6"
"Clase, Emmanuel",661403,2023,25,"75","72.2",302,281,68,52,12,0,4,64,16,21.2,5.3,".242",".327",".282","0.609","26","37","3","9","3.22","10"
"Jackson, Andre",656578,2023,27,"19","61.1",257,231,52,29,11,1,11,57,22,22.2,8.6,".225",".424",".296","0.720","34","34","1","3","4.99","4"
"Kremer, Dean",665152,2023,27,"32","172.2",735,673,171,117,26,1,27,157,55,21.4,7.5,".254",".416",".314","0.730","79","85","13","5","4.12","9"
"Robertson, David",502085,2024,39,"68","72.0",297,262,53,42,6,0,5,99,28,33.3,9.4,".202",".282",".291","0.573","24","25","3","4","3.00","2"
"Bieber, Shane",669456,2023,28,"21","128.0",533,490,124,79,29,2,14,107,34,20.1,6.4,".253",".406",".303","0.709","54","56","6","6","3.80","11"
"Gordon, Tanner",685299,2025,27,"15","75.1",337,316,96,59,18,3,16,62,17,18.4,5,".304",".532",".344","0.876","53","60","6","8","6.33","5"
"Kelly, Merrill",518876,2024,35,"13","73.2",300,277,67,39,16,1,11,63,19,21,6.3,".242",".426",".294","0.720","33","35","5","1","4.03","5"
"Sands, Cole",663485,2025,27,"69","72.0",299,269,65,42,13,3,7,64,19,21.4,6.4,".242",".390",".297","0.687","36","41","4","6","4.50","7"
"Robertson, David",502085,2023,38,"62","65.1",269,240,53,36,9,1,7,78,25,29,9.3,".221",".354",".302","0.656","22","28","6","6","3.03","9"
"Jax, Griffin",643377,2024,29,"72","71.0",276,256,47,33,7,3,4,95,15,34.4,5.4,".184",".281",".234","0.515","16","19","5","5","2.03","3"
"Bender, Anthony",669622,2024,29,"59","53.0",228,204,50,35,11,1,3,59,18,25.9,7.9,".245",".353",".317","0.670","24","25","5","2","4.08","7"
"Akin, Keegan",669211,2024,29,"66","78.2",313,285,55,31,13,2,9,97,19,31,6.1,".193",".347",".244","0.591","29","31","3","1","3.32","0"
"Webb, Logan",657277,2023,26,"33","216.0",850,811,201,143,34,4,20,194,31,22.8,3.6,".248",".374",".280","0.654","78","83","11","13","3.25","20"
"Yamamoto, Yoshinobu",808967,2025,26,"30","173.2",684,619,113,79,20,0,14,201,59,29.4,8.6,".183",".283",".257","0.540","48","53","12","8","2.49","7"
"Francis, Bowden",670102,2024,28,"27","103.2",408,377,74,42,15,0,17,92,22,22.5,5.4,".196",".371",".253","0.624","38","41","8","5","3.30","1"
"Palencia, Daniel",694037,2025,25,"54","52.2",215,196,44,30,6,3,5,61,16,28.4,7.4,".224",".362",".288","0.650","17","19","1","6","2.91","4"
"Montero, Keider",672456,2025,24,"20","90.2",389,355,95,65,13,1,16,72,31,18.5,8,".268",".445",".330","0.775","44","46","5","3","4.37","2"
"Burke, Brock",656271,2023,26,"53","59.2",250,236,64,44,6,1,13,52,9,20.8,3.6,".271",".470",".301","0.771","29","32","5","3","4.37","1"
"Hancock, Emerson",676106,2024,25,"12","60.2",266,239,62,41,7,2,12,39,19,14.7,7.1,".259",".456",".327","0.783","32","37","4","4","4.75","3"
"Alexander, Jason",669920,2025,32,"18","77.1",336,305,80,49,14,2,15,65,26,19.3,7.7,".262",".469",".324","0.793","41","45","4","2","4.77","6"
"Skenes, Paul",694973,2025,23,"32","187.2",733,684,136,86,37,2,11,216,42,29.5,5.7,".199",".307",".251","0.558","41","45","10","10","1.97","4"
"Stanek, Ryne",592773,2024,32,"63","55.1",241,212,48,32,6,2,8,67,25,27.8,10.4,".226",".387",".315","0.702","30","32","7","3","4.88","2"
"DeSclafani, Anthony",543101,2023,33,"19","99.2",419,388,105,64,25,1,15,79,20,18.9,4.8,".271",".456",".311","0.767","54","59","4","8","4.88","8"
"Chapman, Aroldis",547973,2025,37,"67","61.1",228,212,28,20,5,0,3,85,15,37.3,6.6,".132",".198",".189","0.387","8","9","5","3","1.17","4"
"Bummer, Aaron",607481,2023,29,"61","58.1",267,225,53,36,13,0,4,78,36,29.2,13.5,".236",".347",".352","0.699","44","45","5","5","6.79","17"
"Zerpa, Angel",672582,2025,25,"69","64.2",275,247,67,43,17,0,7,58,22,21.1,8,".271",".425",".333","0.758","30","30","5","2","4.18","3"
"Cuas, Jose",621016,2023,29,"72","65.1",292,249,63,43,10,2,8,71,35,24.3,12,".253",".406",".360","0.766","29","30","3","2","3.99","4"
"Manoah, Alek",666201,2023,25,"19","87.1",415,346,93,59,17,2,15,79,59,19,14.2,".269",".460",".388","0.848","57","61","3","9","5.87","15"
"Phillips, Evan",623465,2024,29,"61","54.2",228,207,48,31,11,0,6,63,17,27.6,7.5,".232",".372",".291","0.663","22","30","5","1","3.62","3"
"Martin, Chris",455119,2023,37,"55","51.1",199,190,45,37,6,0,2,46,8,23.1,4,".237",".300",".266","0.566","6","6","4","1","1.05","4"
"Milner, Hoby",571948,2025,34,"73","70.1",293,266,68,47,14,2,5,58,21,19.8,7.2,".256",".380",".312","0.692","30","35","3","4","3.84","0"
"Feltner, Ryan",663372,2024,27,"30","162.1",692,628,165,116,27,2,20,138,52,19.9,7.5,".263",".408",".324","0.732","81","94","3","10","4.49","29"
"Lawrence, Justin",664875,2024,29,"56","59.2",279,233,73,52,11,1,9,45,33,16.1,11.8,".313",".485",".408","0.893","43","52","4","4","6.49","8"
"Walker, Taijuan",592836,2023,30,"31","172.2",733,650,155,96,35,4,20,138,71,18.8,9.7,".238",".397",".320","0.717","84","87","15","6","4.38","12"
"Leclerc, José",600917,2024,30,"64","66.2",288,247,56,40,9,0,7,89,32,30.9,11.1,".227",".348",".323","0.671","32","33","6","5","4.32","11"
"Jackson, Luke",592426,2024,32,"52","53.0",235,204,52,36,9,0,7,59,26,25.1,11.1,".255",".402",".342","0.744","30","33","4","3","5.09","4"
"López, Pablo",641154,2025,29,"14","75.2",312,285,64,44,13,1,6,73,20,23.4,6.4,".225",".340",".282","0.622","23","28","5","4","2.74","10"
"Erceg, Lucas",668674,2024,29,"61","61.2",253,231,49,35,10,1,3,72,16,28.5,6.3,".212",".303",".281","0.584","23","26","2","6","3.36","0"
"Mlodzinski, Carmen",669387,2024,25,"40","50.2",209,184,41,30,8,0,3,46,19,22,9.1,".223",".315",".297","0.612","19","22","5","5","3.38","6"
"Megill, Tylor",656731,2025,29,"14","68.1",305,261,60,43,10,1,6,89,33,29.2,10.8,".230",".345",".329","0.674","30","37","5","5","3.95","3"
"Kershaw, Clayton",477132,2025,37,"23","112.2",463,420,102,70,22,2,8,84,35,18.1,7.6,".243",".362",".302","0.664","42","46","11","2","3.36","0"
"Matsui, Yuki",673513,2024,28,"64","62.2",257,226,46,25,10,3,8,69,27,26.8,10.5,".204",".381",".284","0.665","26","27","4","2","3.73","2"
"Ginkel, Kevin",656464,2024,30,"72","70.0",291,270,69,46,16,1,6,77,15,26.5,5.2,".256",".389",".300","0.689","25","31","8","3","3.21","6"
"McGough, Scott",543518,2023,33,"63","70.1",301,266,60,31,15,0,14,86,30,28.6,10,".226",".440",".306","0.746","37","40","2","7","4.73","1"
"De Los Santos, Enyel",660853,2025,29,"65","66.0",280,252,61,37,16,1,7,62,24,22.1,8.6,".242",".397",".312","0.709","32","35","6","3","4.36","5"
"Williams, Trevor",592866,2025,33,"17","82.2",373,342,106,74,18,3,11,65,21,17.4,5.6,".310",".477",".347","0.824","57","59","3","10","6.21","10"
"Burnes, Corbin",669203,2023,28,"32","193.2",784,704,141,99,19,1,22,200,66,25.5,8.4,".200",".324",".274","0.598","73","77","10","8","3.39","11"
"Doval, Camilo",666808,2023,25,"69","67.2",281,244,51,38,10,0,3,87,26,31,9.3,".209",".287",".304","0.591","22","32","6","6","2.93","12"
"Crochet, Garrett",676979,2025,26,"32","205.1",814,762,165,111,28,2,24,255,46,31.3,5.7,".217",".353",".264","0.617","59","62","18","5","2.59","13"
"Smyly, Drew",592767,2024,35,"50","58.2",257,226,57,40,7,0,10,56,25,21.8,9.7,".252",".416",".333","0.749","25","29","4","8","3.84","7"
"Bradish, Kyle",680694,2023,26,"30","168.2",671,615,132,90,27,1,14,168,44,25,6.6,".215",".330",".275","0.605","53","54","12","7","2.83","3"
"Weems, Jordan",607179,2023,30,"51","54.2",232,196,38,18,10,1,9,60,28,25.9,12.1,".194",".393",".300","0.693","22","25","5","1","3.62","3"
"Eovaldi, Nathan",543135,2023,33,"25","144.0",577,521,117,70,27,5,15,132,47,22.9,8.1,".225",".382",".295","0.677","58","59","12","5","3.63","8"
"Sands, Cole",663485,2024,26,"62","71.1",292,267,59,43,10,0,6,85,12,29.1,4.1,".221",".326",".265","0.591","26","30","9","1","3.28","6"
"Scott, Tanner",656945,2023,28,"74","78.0",307,277,53,39,11,0,3,104,24,33.9,7.8,".191",".264",".264","0.528","20","22","9","5","2.31","5"
"Fulmer, Carson",608334,2024,30,"37","86.2",379,329,81,46,24,0,11,81,40,21.4,10.6,".246",".419",".334","0.753","40","45","0","5","4.15","4"
"Criswell, Cooper",681867,2024,27,"26","99.1",424,377,103,69,22,2,10,73,31,17.2,7.3,".273",".422",".333","0.755","45","52","6","5","4.08","2"
"Rea, Colin",607067,2024,33,"32","167.2",714,656,169,105,33,2,29,135,43,18.9,6,".258",".447",".311","0.758","80","83","12","6","4.29","16"
"Darvish, Yu",506433,2023,36,"24","136.1",573,517,134,89,25,2,18,141,42,24.6,7.3,".259",".420",".321","0.741","69","71","8","10","4.56","17"
"Woo, Bryan",693433,2025,25,"30","186.2",731,685,137,85,25,1,26,198,36,27.1,4.9,".200",".353",".243","0.596","61","64","15","7","2.94","4"
"Kelly, Kevin",687330,2024,26,"68","70.2",278,261,59,42,8,2,7,63,9,22.7,3.2,".226",".352",".264","0.616","21","25","5","2","2.67","6"
"Bassitt, Chris",605135,2023,34,"33","200.0",826,749,176,108,38,2,28,186,59,22.5,7.1,".235",".403",".299","0.702","80","88","16","8","3.60","14"
"Peguero, Elvis",665625,2023,26,"59","61.1",252,221,49,40,4,1,4,54,26,21.4,10.3,".222",".303",".313","0.616","23","25","4","5","3.38","12"
"Anderson, Chase",502624,2024,36,"29","58.1",255,227,55,32,11,0,12,42,21,16.5,8.2,".242",".449",".315","0.764","35","41","0","2","5.40","7"
"Stratton, Chris",608717,2023,32,"64","82.2",338,304,69,44,15,2,8,81,25,24,7.4,".227",".368",".285","0.653","36","39","2","1","3.92","7"
"Snell, Blake",605483,2025,32,"11","61.1",254,222,51,38,10,0,3,72,26,28.3,10.2,".230",".315",".307","0.622","16","21","5","4","2.35","6"
"Kopech, Michael",656629,2024,28,"67","67.2",279,234,44,31,4,0,9,88,34,31.5,12.2,".188",".321",".299","0.620","26","27","6","8","3.46","6"
"Thielbar, Caleb",573204,2025,38,"67","58.0",220,204,38,23,9,1,5,56,13,25.5,5.9,".186",".314",".232","0.546","17","17","3","4","2.64","2"
"Allen, Logan",671106,2024,25,"20","97.1",432,383,113,62,26,3,22,79,41,18.3,9.5,".295",".551",".367","0.918","62","63","8","5","5.73","3"
"Suarez, Ranger",624133,2024,28,"27","150.2",626,575,140,92,32,2,14,145,41,23.2,6.5,".243",".379",".299","0.678","58","63","12","8","3.46","8"
"Nardi, Andrew",677053,2023,24,"63","57.1",237,211,45,27,11,0,7,73,21,30.8,8.9,".213",".365",".297","0.662","17","18","8","1","2.67","1"
"Chafin, Andrew",605177,2023,33,"63","51.1",224,195,45,25,11,3,6,63,28,28.1,12.5,".231",".410",".330","0.740","27","30","3","4","4.73","2"
"Soroka, Michael",647336,2024,26,"25","79.2",347,294,66,40,9,4,13,84,44,24.2,12.7,".224",".415",".328","0.743","42","49","0","10","4.74","13"
"Bird, Jake",656234,2023,27,"70","89.1",381,341,94,67,19,2,6,77,27,20.2,7.1,".276",".396",".336","0.732","43","47","3","3","4.33","5"
"Rodriguez, Grayson",680570,2024,24,"20","116.2",491,449,109,68,24,2,15,130,36,26.5,7.3,".243",".405",".305","0.710","50","52","13","4","3.86","5"
"Hoffman, Jeff",656546,2025,32,"71","68.0",287,253,54,25,14,0,15,84,27,29.3,9.4,".213",".447",".298","0.745","33","34","9","7","4.37","7"
"Johnson, Pierce",572955,2023,32,"67","62.2",277,245,63,39,14,0,10,90,30,32.5,10.8,".257",".437",".337","0.774","28","34","2","6","4.02","0"
"Gil, Luis",661563,2025,27,"11","57.0",244,208,47,28,14,0,5,41,33,16.8,13.5,".226",".365",".332","0.697","21","23","4","1","3.32","2"
"Skubal, Tarik",669373,2025,28,"31","195.1",748,706,141,95,26,2,18,241,33,32.2,4.4,".200",".319",".240","0.559","48","55","13","6","2.21","3"
"Mears, Nick",683232,2024,27,"54","57.2",256,228,61,41,13,0,7,75,24,29.3,9.4,".268",".417",".332","0.749","38","40","1","5","5.93","4"
"Montero, Rafael",606160,2025,34,"59","60.1",253,215,42,26,11,0,5,58,37,22.9,14.6,".195",".316",".312","0.628","30","34","1","2","4.48","2"
"Javier, Cristian",664299,2023,26,"31","162.0",687,611,143,81,33,4,25,159,62,23.1,9,".234",".424",".309","0.733","82","85","10","5","4.56","22"
"Kerkering, Orion",689147,2025,24,"69","60.0",266,231,55,38,11,0,6,65,27,24.4,10.2,".238",".364",".323","0.687","22","28","8","4","3.30","5"
"Abreu, Albert",656061,2023,27,"45","59.0",268,225,52,31,12,0,9,61,35,22.8,13.1,".231",".404",".348","0.752","31","39","2","2","4.73","7"
"Harvey, Hunter",640451,2023,28,"57","60.2",235,217,44,30,7,0,7,67,13,28.5,5.5,".203",".332",".251","0.583","19","21","4","4","2.82","6"
"Gray, Jon",592351,2024,32,"23","102.2",439,408,107,75,17,4,11,86,28,19.6,6.4,".262",".404",".308","0.712","51","54","5","6","4.47","9"
"Márquez, Germán",608566,2025,30,"26","126.1",591,530,168,99,40,6,23,83,48,14,8.1,".317",".545",".378","0.923","94","106","3","16","6.70","19"
"Abbott, Andrew",671096,2023,24,"21","109.1",459,409,100,59,24,1,16,120,44,26.1,9.6,".244",".425",".316","0.741","47","47","8","6","3.87","7"
"Wheeler, Zack",554430,2025,35,"24","149.2",585,542,107,65,21,2,19,195,33,33.3,5.6,".197",".349",".253","0.602","45","48","10","5","2.71","4"
"Suarez, Ranger",624133,2023,27,"22","125.0",540,483,129,87,26,3,13,119,48,22,8.9,".267",".414",".333","0.747","58","59","4","6","4.18","7"
"Kikuchi, Yusei",579328,2024,33,"32","175.2",736,683,167,118,23,1,25,206,44,28,6,".245",".391",".291","0.682","79","85","9","10","4.05","8"
"Akin, Keegan",669211,2025,30,"64","63.1",268,232,54,35,9,0,10,59,33,22,12.3,".233",".401",".328","0.729","24","28","5","4","3.41","2"
"Baz, Shane",669358,2024,25,"14","79.1",319,285,57,41,7,0,9,69,27,21.6,8.5,".200",".319",".276","0.595","27","28","4","3","3.06","3"
"Flexen, Chris",623167,2023,28,"29","102.1",466,420,133,88,19,1,25,74,38,15.9,8.2,".317",".545",".376","0.921","78","81","2","8","6.86","6"
"Knack, Landon",689017,2024,26,"15","69.0",286,264,58,33,9,2,14,69,18,24.1,6.3,".220",".428",".276","0.704","28","28","3","5","3.65","7"
"Finnegan, Kyle",640448,2023,31,"67","69.1",288,260,66,44,11,0,11,63,24,21.9,8.3,".254",".423",".318","0.741","29","33","7","5","3.76","15"
"Ortiz, Luis",682847,2025,26,"16","88.2",382,337,80,55,12,1,12,96,42,25.1,11,".237",".386",".322","0.708","43","44","4","9","4.36","11"
"Severino, Luis",622663,2023,29,"19","89.1",417,375,113,66,22,2,23,79,34,18.9,8.2,".301",".555",".366","0.921","66","73","4","8","6.65","9"
"Cronin, Declan",686539,2024,26,"56","70.1",307,274,75,57,16,1,1,72,26,23.5,8.5,".274",".350",".346","0.696","34","41","3","4","4.35","8"
"Weissert, Greg",669711,2025,30,"72","67.0",278,251,57,37,14,0,6,57,21,20.5,7.6,".227",".355",".292","0.647","21","27","6","6","2.82","6"
"Whitlock, Garrett",676477,2023,27,"22","71.2",304,285,82,49,18,2,13,72,13,23.7,4.3,".288",".502",".323","0.825","41","43","5","5","5.15","7"
"Cease, Dylan",656302,2025,29,"32","168.0",722,636,152,93,37,1,21,215,71,29.8,9.8,".239",".399",".318","0.717","85","91","8","12","4.55","12"
"Stratton, Chris",608717,2024,33,"57","58.1",257,214,53,33,13,2,5,44,33,17.1,12.8,".248",".397",".348","0.745","36","38","4","3","5.55","3"
"Manning, Matt",666159,2023,25,"15","78.0",316,283,60,38,9,2,11,50,21,15.8,6.6,".212",".375",".274","0.649","31","37","5","4","3.58","0"
"Wentz, Joey",666214,2025,27,"39","98.0",442,393,110,80,15,4,11,92,43,20.8,9.7,".280",".422",".348","0.770","61","66","5","7","5.60","19"
"Bednar, David",670280,2024,29,"62","57.2",262,227,54,33,12,0,9,58,28,22.1,10.7,".238",".410",".327","0.737","37","40","3","8","5.77","14"
"Barlow, Scott",605130,2024,31,"63","55.0",241,204,44,27,11,0,6,68,31,28.2,12.9,".216",".358",".328","0.686","26","27","3","3","4.25","11"
"Valdez, Framber",664285,2023,29,"31","198.0",808,728,166,107,37,3,19,200,57,24.8,7.1,".228",".365",".290","0.655","76","86","12","11","3.45","19"
"Bradley, Taj",671737,2025,24,"27","142.2",605,539,131,84,27,1,19,127,56,21,9.3,".243",".403",".316","0.719","80","88","6","8","5.05","7"
"Koenig, Jared",657649,2025,31,"72","66.0",268,241,57,39,11,1,6,68,20,25.4,7.5,".237",".365",".305","0.670","21","21","6","1","2.86","1"
"Burnes, Corbin",669203,2024,29,"32","194.1",784,731,165,121,21,1,22,181,48,23.1,6.1,".226",".347",".274","0.621","63","76","15","9","2.92","41"
"Keller, Mitch",656605,2025,29,"32","176.1",749,686,171,108,40,2,21,150,51,20,6.8,".249",".405",".310","0.715","82","91","6","15","4.19","23"
"Hader, Josh",623352,2025,31,"48","52.2",206,184,29,11,10,0,8,76,16,36.9,7.8,".158",".342",".232","0.574","12","16","6","2","2.05","4"
"Sims, Lucas",608371,2023,29,"67","61.0",258,202,33,16,11,1,5,72,39,27.9,15.1,".163",".302",".320","0.622","21","23","7","3","3.10","5"
"Smith, Cade",671922,2025,26,"76","73.2",300,274,55,29,21,1,4,104,19,34.7,6.3,".201",".328",".261","0.589","24","31","8","5","2.93","1"
"Sale, Chris",519242,2024,35,"29","177.2",702,652,141,96,32,4,9,225,39,32.1,5.6,".216",".319",".269","0.588","47","48","18","3","2.38","12"
"Machado, Andrés",600921,2023,30,"44","50.0",207,188,53,32,9,0,12,43,13,20.8,6.3,".282",".521",".328","0.849","29","29","4","1","5.22","11"
"Newcomb, Sean",656794,2025,32,"48","92.1",391,350,94,73,16,0,5,91,31,23.3,7.9,".269",".357",".335","0.692","28","36","2","5","2.73","7"
"Matz, Steven",571927,2025,34,"53","76.2",309,293,73,49,13,3,8,59,11,19.1,3.6,".249",".396",".280","0.676","26","31","5","2","3.05","1"
"Peguero, Elvis",665625,2024,27,"52","51.1",227,197,52,42,5,1,4,47,27,20.7,11.9,".264",".360",".357","0.717","17","22","7","4","2.98","4"
"Soto, Gregory",642397,2024,29,"66","53.0",244,206,56,40,10,2,4,65,27,26.6,11.1,".272",".398",".374","0.772","26","30","3","5","4.42","2"
"Priester, Quinn",682990,2023,22,"10","50.0",234,200,58,29,17,0,12,36,27,15.4,11.5,".290",".555",".378","0.933","43","43","3","3","7.74","2"
"Hill, Tim",657612,2025,35,"70","67.0",269,251,58,41,9,0,8,37,16,13.8,5.9,".231",".363",".276","0.639","23","27","4","4","3.09","0"
"Gilbert, Logan",669302,2024,27,"33","208.2",803,756,148,82,39,1,26,220,37,27.4,4.6,".196",".353",".236","0.589","75","83","9","12","3.23","14"
"Gray, Sonny",543243,2024,34,"28","166.1",671,623,142,82,33,6,21,203,39,30.3,5.8,".228",".401",".275","0.676","71","79","13","9","3.84","25"
"Valdez, Framber",664285,2025,31,"31","192.0",802,717,171,119,33,4,15,187,68,23.3,8.5,".238",".358",".308","0.666","78","82","13","11","3.66","25"
"Pérez, Cionel",672335,2023,27,"65","53.1",247,212,56,44,10,0,2,44,27,17.8,10.9,".264",".340",".357","0.697","21","30","4","2","3.54","11"
"Hancock, Emerson",676106,2025,26,"22","90.0",385,346,93,62,16,0,15,64,31,16.6,8.1,".269",".445",".336","0.781","49","51","4","5","4.90","4"
"Green, Chad",643338,2024,33,"53","53.1",210,190,41,26,7,0,8,46,14,21.9,6.7,".216",".379",".271","0.650","19","20","4","6","3.21","6"
"Hand, Brad",543272,2023,33,"60","53.2",236,200,54,31,14,3,6,59,22,25,9.3,".270",".460",".351","0.811","33","33","5","3","5.53","13"
"Seymour, Ian",693855,2025,26,"19","57.0",242,217,48,35,8,0,5,64,19,26.4,7.9,".221",".327",".290","0.617","23","33","4","3","3.63","3"
"Ohtani, Shohei",660271,2023,28,"23","132.0",531,463,85,52,15,0,18,167,55,31.5,10.4,".184",".333",".285","0.618","46","50","10","5","3.14","5"
"Barlow, Scott",605130,2023,30,"63","68.0",299,252,61,46,10,1,4,79,34,26.4,11.4,".242",".337",".337","0.674","33","39","2","6","4.37","11"
"Gore, MacKenzie",669022,2024,25,"32","166.1",731,649,171,117,36,3,15,181,65,24.8,8.9,".263",".398",".339","0.737","72","93","10","12","3.90","26"
"Suárez, Albert",544150,2024,34,"32","133.2",565,510,130,78,34,1,17,108,43,19.1,7.6,".255",".425",".314","0.739","55","56","9","7","3.70","10"
"Pfaadt, Brandon",694297,2024,25,"32","181.2",760,707,183,122,31,6,24,185,42,24.3,5.5,".259",".421",".302","0.723","95","103","11","10","4.71","7"
"Bautista, Félix",642585,2023,28,"56","61.0",237,209,30,23,3,0,4,110,26,46.4,11,".144",".215",".245","0.460","10","14","8","2","1.48","10"
"Elder, Bryce",693821,2025,26,"28","156.1",679,616,167,109,32,2,24,131,51,19.3,7.5,".271",".446",".331","0.777","92","95","8","11","5.30","17"
"Castillo, Luis",622491,2023,30,"33","197.0",802,735,160,91,36,5,28,219,56,27.3,7,".218",".395",".276","0.671","73","81","14","9","3.34","6"
"Cabrera, Génesis",650893,2023,26,"61","55.2",239,211,49,28,13,0,8,58,24,24.3,10,".232",".408",".315","0.723","25","28","2","1","4.04","5"
"Adam, Jason",592094,2023,31,"56","54.1",222,193,35,19,8,1,7,69,20,31.1,9,".181",".342",".288","0.630","18","21","4","2","2.98","10"
"Miller, Bobby",676272,2023,24,"22","124.1",505,464,105,68,22,3,12,119,32,23.6,6.3,".226",".364",".283","0.647","52","53","11","4","3.76","14"
"Abreu, Bryan",650556,2025,28,"70","71.0",296,260,51,38,9,0,4,105,31,35.5,10.5,".196",".277",".291","0.568","18","18","3","4","2.28","10"
"Strickland, Hunter",519326,2024,35,"72","73.1",294,266,56,33,12,1,10,57,24,19.4,8.2,".211",".376",".280","0.656","27","31","3","2","3.31","6"
"Smyly, Drew",592767,2023,34,"41","142.1",626,554,147,83,36,2,26,141,56,22.5,8.9,".265",".478",".335","0.813","79","89","11","11","5.00","15"
"Moll, Sam",594580,2023,31,"70","62.1",268,228,47,34,9,2,2,68,30,25.4,11.2,".206",".289",".315","0.604","21","22","2","3","3.03","12"
"Weaver, Luke",596133,2023,29,"29","123.2",563,515,155,83,40,3,29,109,40,19.4,7.1,".301",".559",".353","0.912","88","90","3","6","6.40","3"
"Little, Brendon",663893,2025,28,"79","68.1",295,245,48,35,9,2,2,91,45,30.8,15.3,".196",".273",".323","0.596","23","28","4","2","3.03","2"
"Alcala, Jorge",660896,2024,28,"54","58.1",235,210,40,23,8,1,8,58,20,24.7,8.5,".190",".352",".269","0.621","21","23","4","3","3.24","9"
"Foley, Jason",671345,2023,27,"70","69.0",276,259,65,48,13,2,2,55,15,19.9,5.4,".251",".340",".293","0.633","20","21","3","3","2.61","3"
"Hudson, Dakota",641712,2023,28,"18","81.1",354,311,88,57,22,0,9,45,34,12.7,9.6,".283",".441",".363","0.804","45","46","6","3","4.98","2"
"Blanco, Ronel",669854,2023,29,"17","52.0",226,195,49,32,5,0,12,52,28,23,12.4,".251",".462",".350","0.812","26","29","2","1","4.50","2"
"Bummer, Aaron",607481,2024,30,"56","55.1",244,220,61,47,11,1,2,69,18,28.3,7.4,".277",".364",".333","0.697","22","24","4","3","3.58","13"
"Baumann, Mike",657508,2024,28,"57","58.1",264,228,59,36,10,4,9,58,28,22,10.6,".259",".456",".345","0.801","36","40","3","1","5.55","7"
"Gibson, Kyle",502043,2024,36,"30","169.2",722,641,161,104,30,4,23,151,68,20.9,9.4,".251",".418",".324","0.742","80","91","8","8","4.24","8"
"Megill, Tylor",656731,2024,28,"16","78.0",337,298,70,46,15,1,8,91,32,27,9.5,".235",".372",".315","0.687","35","39","4","5","4.04","5"
"Hoeing, Bryan",663773,2024,27,"34","53.2",210,196,43,33,5,1,4,43,14,20.5,6.7,".219",".316",".271","0.587","13","15","2","3","2.18","7"
"Crawford, Kutter",676710,2023,27,"31","129.1",527,484,107,62,26,2,17,135,36,25.6,6.8,".221",".388",".281","0.669","58","59","6","8","4.04","8"
"Garrett, Reed",657585,2025,32,"58","55.1",238,211,47,30,12,0,5,64,26,26.9,10.9,".223",".351",".311","0.662","24","27","3","6","3.90","3"
"Speier, Gabe",642100,2025,30,"76","62.0",243,224,43,25,11,2,5,82,11,33.7,4.5,".192",".326",".243","0.569","18","19","4","3","2.61","9"
"López, Reynaldo",625643,2024,30,"26","135.2",543,492,108,74,22,2,10,148,42,27.3,7.7,".220",".333",".280","0.613","30","32","8","5","1.99","20"
"Ober, Bailey",641927,2025,29,"27","146.1",624,579,159,92,37,0,30,120,31,19.2,5,".275",".494",".314","0.808","83","84","6","9","5.10","4"
"Muñoz, Andrés",662253,2025,26,"64","62.1",254,216,36,28,6,0,2,83,28,32.7,11,".167",".222",".271","0.493","12","18","3","3","1.73","5"
"Schmidt, Clarke",657376,2025,29,"14","78.2",316,282,56,33,12,2,9,73,30,23.1,9.5,".199",".351",".276","0.627","29","29","4","4","3.32","6"
"Baker, Bryan",641329,2025,30,"73","68.2",274,255,59,35,9,2,13,83,17,30.3,6.2,".231",".435",".278","0.713","31","33","4","4","4.06","6"
"Hudson, Dakota",641712,2024,29,"18","89.0",404,346,99,69,19,0,11,49,50,12.1,12.4,".286",".436",".382","0.818","61","66","2","12","6.17","6"
"Kopech, Michael",656629,2023,27,"30","129.1",591,483,115,63,21,2,29,134,91,22.7,15.4,".238",".470",".368","0.838","78","80","5","12","5.43","32"
"Rodón, Carlos",607074,2023,30,"14","64.1",286,249,65,36,14,0,15,64,28,22.4,9.8,".261",".498",".340","0.838","49","51","3","8","6.85","5"
"Contreras, Roansy",672710,2023,23,"19","68.1",302,266,75,48,16,0,11,55,32,18.2,10.6,".282",".466",".360","0.826","50","50","3","7","6.59","13"
"Davidson, Tucker",656353,2023,27,"38","51.1",236,209,64,40,18,0,6,46,19,19.5,8.1,".306",".478",".371","0.849","34","37","1","2","5.96","10"
"Díaz, Alexis",664747,2023,26,"71","67.1",286,236,44,30,10,0,4,86,36,30.1,12.6,".186",".280",".317","0.597","23","30","9","6","3.07","12"
"Imanaga, Shota",684007,2025,31,"25","144.2",567,537,117,65,20,1,31,117,26,20.6,4.6,".218",".432",".254","0.686","60","62","9","8","3.73","2"
"Heaney, Andrew",571760,2023,32,"34","147.1",641,569,143,84,34,2,23,151,60,23.6,9.4,".251",".439",".332","0.771","68","74","10","6","4.15","11"
"Kittredge, Andrew",552640,2024,34,"74","70.2",287,263,60,37,12,1,10,67,20,23.3,7,".228",".395",".280","0.675","22","26","5","5","2.80","11"
"Weathers, Ryan",677960,2024,24,"16","86.2",367,331,78,49,18,0,11,80,24,21.8,6.5,".236",".390",".303","0.693","35","39","5","6","3.63","5"
"Giolito, Lucas",608337,2023,28,"33","184.1",794,705,169,87,34,7,41,204,73,25.7,9.2,".240",".482",".317","0.799","100","110","8","15","4.88","13"
"Latz, Jacob",656641,2025,29,"33","85.2",348,310,69,45,14,3,7,76,37,21.8,10.6,".223",".355",".305","0.660","27","28","2","0","2.84","9"
"Bradley, Taj",671737,2023,22,"23","104.2",460,416,106,55,25,3,23,129,39,28,8.5,".255",".495",".317","0.812","65","69","5","8","5.59","0"
"Leone, Dominic",608678,2023,31,"51","54.0",235,201,49,26,7,2,14,54,28,23,11.9,".244",".507",".336","0.843","28","28","1","3","4.67","9"
"Clarke, Taylor",664199,2023,30,"58","59.0",266,234,71,47,11,1,12,65,24,24.4,9,".303",".513",".371","0.884","39","42","3","6","5.95","0"
"Festa, David",701581,2024,24,"14","64.1",277,251,62,36,14,3,9,77,23,27.8,8.3,".247",".434",".314","0.748","35","36","2","6","4.90","10"
"Detmers, Reid",672282,2024,24,"17","87.1",391,348,98,57,20,3,18,109,38,27.9,9.7,".282",".511",".353","0.864","65","67","4","9","6.70","14"
"Diekman, Jake",518617,2023,36,"63","56.2",243,202,37,27,6,1,3,64,38,26.3,15.6,".183",".267",".314","0.581","21","29","0","2","3.34","8"
"Law, Derek",571882,2023,32,"54","55.0",240,209,50,37,6,1,6,45,26,18.8,10.8,".239",".364",".332","0.696","22","24","4","6","3.60","5"
"Gibson, Kyle",502043,2023,35,"33","192.0",807,732,198,127,43,5,23,157,55,19.5,6.8,".270",".437",".322","0.759","101","101","15","9","4.73","7"
"Gallen, Zac",668678,2024,28,"28","148.0",621,561,133,86,29,5,13,156,54,25.1,8.7,".237",".376",".308","0.684","60","62","14","6","3.65","18"
"Cruz, Fernando",518585,2023,33,"58","66.0",279,246,52,29,14,3,6,98,28,35.1,10,".211",".366",".295","0.661","36","39","1","2","4.91","6"
"Marsh, Alec",679525,2023,25,"17","74.1",342,290,77,39,17,5,16,85,39,24.9,11.4,".266",".524",".369","0.893","47","50","3","9","5.69","11"
"Ginkel, Kevin",656464,2023,29,"60","65.1",255,226,41,23,15,0,3,70,24,27.5,9.4,".181",".288",".263","0.551","18","24","9","1","2.48","2"
"Canning, Griffin",656288,2024,28,"32","171.2",739,656,174,112,28,3,31,130,66,17.6,8.9,".265",".459",".334","0.793","99","105","6","13","5.19","6"
"Dunning, Dane",641540,2024,29,"26","95.0",421,373,97,59,19,1,18,91,40,21.6,9.5,".260",".461",".340","0.801","56","60","5","7","5.31","9"
"García, Luis",472610,2023,36,"61","59.2",267,234,59,44,8,1,6,53,24,19.9,9,".252",".372",".336","0.708","27","30","2","3","4.07","12"
"Brown, Hunter",686613,2025,26,"31","185.1",729,661,133,93,20,3,17,206,57,28.3,7.8,".201",".318",".271","0.589","50","55","12","9","2.43","20"
"Santana, Dennis",642701,2025,29,"70","70.1",270,246,44,28,8,3,5,60,17,22.2,6.3,".179",".297",".237","0.534","17","18","4","5","2.18","3"
"De Los Santos, Enyel",660853,2024,28,"64","64.0",278,248,65,30,17,1,17,66,25,23.7,9,".262",".544",".342","0.886","37","38","1","2","5.20","3"
"Lugo, Seth",607625,2025,35,"26","145.1",611,546,133,82,23,1,27,125,55,20.5,9,".244",".438",".319","0.757","67","70","8","7","4.15","4"
"Darvish, Yu",506433,2024,37,"16","81.2",331,300,65,39,13,1,12,78,22,23.6,6.6,".217",".387",".274","0.661","30","32","7","3","3.31","13"
"Peralta, Freddy",642547,2023,27,"30","165.2",680,617,131,75,30,0,26,210,54,30.9,7.9,".212",".387",".282","0.669","71","77","12","10","3.86","7"
"Poche, Colin",621363,2023,29,"66","60.2",246,216,42,27,10,1,4,61,24,24.8,9.8,".194",".306",".275","0.581","15","17","12","3","2.23","7"
"Ureña, José",570632,2025,33,"19","55.0",245,217,57,33,15,1,8,34,23,13.9,9.4,".263",".452",".340","0.792","28","29","0","1","4.58","1"
"Bellozo, Valente",678368,2025,25,"32","81.1",348,316,85,54,15,1,15,54,23,15.5,6.6,".269",".465",".324","0.789","42","44","1","4","4.65","1"
"Gómez, Yoendrys",672782,2025,25,"21","62.2",277,243,60,38,9,1,12,58,27,20.9,9.7,".247",".440",".330","0.770","36","40","3","3","5.17","6"
"Brazobán, Huascar",623211,2025,35,"52","63.0",262,225,51,37,7,1,6,57,27,21.8,10.3,".227",".347",".315","0.662","25","29","5","2","3.57","3"
"Rodríguez, Yariel",684320,2024,27,"21","86.2",368,323,74,46,16,1,11,85,40,23.1,10.9,".229",".387",".319","0.706","43","46","1","8","4.47","8"
"Stroman, Marcus",573186,2024,33,"30","154.2",675,603,167,116,28,4,19,113,60,16.7,8.9,".277",".431",".349","0.780","74","81","10","9","4.31","25"
"Eovaldi, Nathan",543135,2025,35,"22","130.0",496,463,90,59,20,1,10,129,21,26,4.2,".194",".307",".239","0.546","25","28","11","3","1.73","4"
"Myers, Tobias",668964,2025,26,"22","50.2",220,201,54,39,9,1,5,38,15,17.3,6.8,".269",".398",".323","0.721","20","21","1","2","3.55","0"
"Anderson, Grant",681982,2025,28,"66","69.2",299,264,59,42,8,1,8,74,29,24.7,9.7,".223",".352",".303","0.655","25","35","2","6","3.23","6"
"Pearson, Nate",663878,2024,27,"60","66.1",285,255,67,41,14,0,12,74,21,26,7.4,".263",".459",".319","0.778","33","34","2","2","4.48","7"
"Boyd, Matthew",571510,2023,32,"15","71.0",303,276,69,43,15,0,11,73,25,24.1,8.3,".250",".424",".317","0.741","43","46","5","5","5.45","2"
"Civale, Aaron",650644,2025,30,"23","102.0",435,392,96,54,26,0,16,88,33,20.2,7.6,".245",".434",".313","0.747","55","59","4","9","4.85","1"
"Mikolas, Miles",571945,2024,35,"32","171.2",720,683,194,113,51,4,26,122,25,16.9,3.5,".284",".485",".312","0.797","102","106","10","11","5.35","8"
"Nola, Aaron",605400,2025,32,"17","94.1",404,371,99,59,19,3,18,97,28,24,6.9,".267",".480",".325","0.805","63","65","5","10","6.01","5"
"Schwellenbach, Spencer",680885,2025,25,"17","110.2",434,410,89,56,18,2,13,108,18,24.9,4.1,".217",".366",".252","0.618","38","44","7","4","3.09","3"
"Wesneski, Hayden",669713,2024,26,"28","67.2",283,260,56,34,10,0,12,67,21,23.7,7.4,".215",".392",".279","0.671","29","37","3","6","3.86","3"
"Canning, Griffin",656288,2025,29,"16","76.1",327,292,70,51,10,1,8,70,34,21.4,10.4,".240",".363",".319","0.682","32","35","7","3","3.77","3"
"Meyer, Max",676974,2024,25,"11","57.0",248,225,62,28,18,2,14,46,19,18.5,7.7,".276",".560",".339","0.899","36","38","3","5","5.68","3"
"Sandoval, Patrick",663776,2024,27,"16","79.2",353,312,85,61,16,0,8,81,35,22.9,9.9,".272",".401",".349","0.750","45","49","2","8","5.08","4"
"Pfaadt, Brandon",694297,2025,26,"33","176.2",767,710,198,118,51,3,26,147,37,19.2,4.8,".279",".469",".323","0.792","103","107","13","9","5.25","13"
"Freeland, Kyle",607536,2023,30,"29","155.2",677,624,187,122,30,6,29,94,42,13.9,6.2,".300",".506",".342","0.848","87","96","6","14","5.03","13"
"Cueto, Johnny",456501,2023,37,"13","52.1",218,199,51,28,6,0,17,39,15,17.9,6.9,".256",".543",".317","0.860","35","36","1","4","6.02","0"
"Urquidy, José",664353,2023,28,"16","63.0",275,247,65,41,12,1,11,45,25,16.4,9.1,".263",".453",".335","0.788","37","37","3","3","5.29","13"
"Smith, Cade",671922,2024,25,"74","75.1",289,268,51,30,19,1,1,103,17,35.6,5.9,".190",".280",".246","0.526","16","16","6","1","1.91","4"
"Topa, Justin",623437,2025,34,"54","60.0",268,242,68,49,17,0,2,49,18,18.3,6.7,".281",".376",".338","0.714","26","32","1","5","3.90","7"
"Uceta, Edwin",670955,2025,27,"70","76.0",321,282,62,38,11,2,11,103,27,32.1,8.4,".220",".390",".303","0.693","32","33","10","3","3.79","10"
"Duran, Jhoan",661395,2025,27,"72","70.0",287,263,58,47,8,0,3,80,19,27.9,6.6,".221",".285",".279","0.564","16","19","7","6","2.06","13"
"Williamson, Brandon",682227,2023,25,"23","117.0",491,447,111,66,26,1,18,98,39,20,7.9,".248",".432",".311","0.743","58","63","5","5","4.46","1"
"Brasier, Ryan",518489,2023,35,"59","59.2",239,213,42,30,9,0,3,56,20,23.4,8.4,".197",".282",".272","0.554","20","24","3","0","3.02","8"
"Martinez, Adrián",661309,2023,26,"22","55.0",241,212,59,41,8,2,8,47,19,19.5,7.9,".278",".448",".344","0.792","29","31","0","2","4.75","9"
"Kershaw, Clayton",477132,2023,35,"24","131.2",523,479,100,62,19,0,19,137,40,26.2,7.6,".209",".367",".273","0.640","36","39","13","5","2.46","6"
"Strahm, Matt",621381,2025,33,"66","62.1",256,226,47,29,11,2,5,70,20,27.3,7.8,".208",".341",".273","0.614","19","22","2","3","2.74","3"
"Rasmussen, Drew",656876,2025,29,"31","150.0",585,541,116,84,14,0,18,127,37,21.7,6.3,".214",".340",".271","0.611","46","47","10","5","2.76","19"
"Rodón, Carlos",607074,2024,31,"32","175.0",736,667,157,90,32,4,31,195,57,26.5,7.7,".235",".435",".304","0.739","77","81","16","9","3.96","21"
"Miller, Bryce",682243,2025,26,"18","90.1",392,348,93,53,22,1,17,74,34,18.9,8.7,".267",".483",".333","0.816","57","57","4","6","5.68","14"
"Jones, Jared",683003,2024,22,"22","121.2",504,456,106,55,29,4,18,132,39,26.2,7.7,".232",".432",".298","0.730","56","60","6","8","4.14","5"
"Cortes, Nestor",641482,2024,29,"31","174.1",710,661,162,94,44,0,24,162,39,22.8,5.5,".245",".421",".290","0.711","73","74","9","10","3.77","8"
"Waldron, Matt",663362,2024,27,"27","146.2",625,568,145,90,32,2,21,133,40,21.3,6.4,".255",".430",".315","0.745","80","84","7","11","4.91","16"
"Bassitt, Chris",605135,2024,35,"31","171.0",758,667,180,132,29,1,18,168,70,22.2,9.2,".270",".397",".352","0.749","79","91","10","14","4.16","14"
"Gallegos, Giovanny",606149,2023,31,"56","55.0",229,214,54,30,13,0,11,59,12,25.8,5.2,".252",".467",".291","0.758","27","28","2","4","4.42","4"
"Cosgrove, Tom",676680,2023,27,"54","51.1",205,179,31,25,2,1,3,44,19,21.5,9.3,".173",".246",".270","0.516","10","12","1","2","1.75","1"
"Holmes, Grant",656550,2024,28,"26","68.1",282,262,66,49,10,0,7,70,15,24.8,5.3,".252",".370",".294","0.664","27","27","2","1","3.56","7"
"Giolito, Lucas",608337,2025,30,"26","145.0",613,547,131,91,22,1,17,121,56,19.7,9.1,".239",".377",".309","0.686","55","62","10","4","3.41","12"
"Gore, MacKenzie",669022,2023,24,"27","136.1",582,519,134,86,19,2,27,151,57,25.9,9.8,".258",".459",".330","0.789","67","71","7","10","4.42","10"
"Hurter, Brant",676428,2025,26,"43","63.0",277,236,57,45,8,0,4,68,27,24.5,9.7,".242",".326",".345","0.671","17","26","4","3","2.43","9"
"Ryu, Hyun Jin",547943,2023,36,"11","52.0",224,206,53,32,12,0,9,38,14,17,6.3,".257",".447",".306","0.753","20","25","3","3","3.46","3"
"Wentz, Joey",666214,2023,25,"25","105.2",492,444,131,78,26,2,25,98,47,19.9,9.6,".295",".532",".362","0.894","81","87","3","13","6.90","12"
"Armstrong, Shawn",542888,2023,32,"39","52.0",207,191,36,25,8,1,2,54,11,26.1,5.3,".188",".272",".246","0.518","8","12","1","0","1.38","1"
"Fried, Max",608331,2025,31,"32","195.1",801,737,164,117,26,7,14,189,51,23.6,6.4,".223",".334",".281","0.615","62","73","19","5","2.86","6"
"Honeywell, Brent",641703,2023,28,"40","52.1",235,204,53,37,4,2,10,45,24,19.1,10.2,".260",".446",".350","0.796","28","29","2","4","4.82","6"
"Greinke, Zack",425844,2023,39,"30","142.1",593,561,158,106,25,2,25,97,23,16.4,3.9,".282",".467",".312","0.779","80","82","2","15","5.06","2"
"Moreta, Dauri",664294,2023,27,"55","58.0",239,209,39,18,16,1,4,76,24,31.8,10,".187",".330",".276","0.606","24","26","5","2","3.72","6"
"Kluber, Corey",446372,2023,37,"15","55.0",257,232,69,34,16,2,17,42,21,16.3,8.2,".297",".603",".366","0.969","43","47","3","6","7.04","3"
"Martin, Davis",663436,2024,27,"11","50.0",220,192,50,40,5,0,5,47,23,21.4,10.5,".260",".365",".355","0.720","24","25","0","5","4.32","2"
"Iglesias, Raisel",628452,2023,33,"58","55.2",231,214,51,35,9,0,7,68,15,29.4,6.5,".238",".379",".286","0.665","17","23","5","4","2.75","0"
"Díaz, Edwin",621242,2025,31,"62","66.1",258,225,37,27,6,0,4,98,21,38,8.1,".164",".244",".258","0.502","12","14","6","3","1.63","15"
"Vodnik, Victor",680767,2025,25,"52","50.2",215,188,45,29,11,1,4,49,26,22.8,12.1,".239",".372",".330","0.702","17","19","4","3","3.02","0"
"Lynch IV, Daniel",663738,2023,26,"9","52.1",223,204,50,32,8,1,9,34,16,15.2,7.2,".245",".426",".300","0.726","27","29","3","4","4.64","9"
"Estes, Joey",683155,2024,22,"25","127.2",543,501,130,71,34,2,23,92,27,16.9,5,".259",".473",".308","0.781","71","73","7","9","5.01","4"
"Faedo, Alex",656412,2023,27,"15","64.2",262,240,48,23,13,0,12,58,20,22.1,7.6,".200",".404",".263","0.667","32","35","2","5","4.45","2"
"Kelly, Merrill",518876,2025,36,"32","184.0",748,696,157,96,35,3,23,167,48,22.3,6.4,".226",".384",".277","0.661","72","79","12","9","3.52","14"
"Bummer, Aaron",607481,2025,31,"42","54.1",236,204,51,34,12,2,3,51,18,21.6,7.6,".250",".373",".339","0.712","23","27","3","2","3.81","11"
"Merryweather, Julian",657240,2023,31,"69","72.0",303,265,58,44,6,0,8,98,36,32.3,11.9,".219",".332",".314","0.646","27","28","5","1","3.38","6"
"Bazardo, Eduard",660825,2025,29,"73","78.2",313,280,53,38,5,1,9,82,27,26.2,8.6,".189",".311",".262","0.573","22","23","5","0","2.52","7"
"Burke, Brock",656271,2025,28,"69","61.2",257,228,58,40,7,3,8,52,18,20.2,7,".254",".417",".311","0.728","23","24","7","1","3.36","4"
"Paxton, James",572020,2024,35,"21","100.1",437,379,95,63,18,2,12,73,50,16.7,11.4,".251",".404",".336","0.740","49","53","9","3","4.40","6"
"Cease, Dylan",656302,2024,28,"33","189.1",762,684,137,84,34,1,18,224,65,29.4,8.5,".200",".332",".269","0.601","73","80","14","11","3.47","6"
"Blackburn, Paul",621112,2024,30,"14","75.1",316,290,76,49,14,1,12,59,21,18.7,6.6,".262",".441",".317","0.758","39","41","5","4","4.66","6"
"Henry, Tommy",674072,2023,25,"17","89.0",381,342,86,55,17,2,12,64,35,16.8,9.2,".251",".418",".328","0.746","41","42","5","4","4.15","10"
"Maeda, Kenta",628317,2023,35,"21","104.1",428,394,94,54,22,1,17,117,28,27.3,6.5,".239",".429",".292","0.721","49","50","6","8","4.23","13"
"Gibson, Cade",806188,2025,27,"44","54.2",230,201,44,31,9,1,3,43,21,18.7,9.1,".219",".318",".310","0.628","16","18","4","5","2.63","2"
"Varland, Louis",686973,2023,25,"17","68.0",283,262,66,39,7,4,16,71,17,25.1,6,".252",".492",".299","0.791","35","35","4","3","4.63","1"
"Brown, Ben",676962,2025,25,"25","106.1",472,433,121,80,19,4,18,121,32,25.6,6.8,".279",".467",".333","0.800","70","73","5","8","5.92","8"
"Shuster, Jared",694363,2024,25,"39","73.1",321,283,74,51,13,1,9,56,33,17.4,10.3,".261",".410",".333","0.743","35","38","2","5","4.30","7"
"Ragans, Cole",666142,2023,25,"29","96.0",392,346,70,51,10,2,7,113,41,28.8,10.5,".202",".303",".288","0.591","37","40","7","5","3.47","3"
"Morton, Charlie",450203,2024,40,"30","165.1",701,613,154,94,35,2,23,167,65,23.8,9.3,".251",".427",".339","0.766","77","85","8","10","4.19","12"
"Suarez, Robert",663158,2024,33,"65","65.0",258,240,52,38,7,0,7,59,16,22.9,6.2,".217",".333",".265","0.598","20","21","9","3","2.77","0"
"Parker, Mitchell",680730,2025,25,"33","164.2",725,653,178,106,43,4,25,103,58,14.2,8,".273",".466",".331","0.797","104","116","9","16","5.68","2"
"Gray, Sonny",543243,2025,35,"32","180.2",753,705,185,125,31,4,25,201,38,26.7,5,".262",".424",".302","0.726","86","93","14","8","4.28","11"
"Carrasco, Carlos",471911,2024,37,"21","103.2",447,406,112,62,26,5,19,89,33,19.9,7.4,".276",".505",".336","0.841","65","68","3","10","5.64","7"
"Eovaldi, Nathan",543135,2024,34,"29","170.2",696,642,147,94,28,2,23,166,42,23.9,6,".229",".386",".282","0.668","72","74","12","8","3.80","13"
"Winckowski, Josh",670174,2023,25,"60","84.1",367,333,89,65,15,0,9,82,31,22.3,8.4,".267",".393",".335","0.728","27","34","4","4","2.88","2"
"Bello, Brayan",678394,2023,24,"28","157.0",668,611,165,103,36,2,24,132,45,19.8,6.7,".270",".453",".324","0.777","74","77","12","11","4.24","9"
"Yarbrough, Ryan",642232,2023,31,"25","89.2",376,354,96,69,14,0,13,67,13,17.8,3.5,".271",".421",".311","0.732","45","45","8","7","4.52","8"
"Miller, Bryce",682243,2023,24,"25","131.1",537,501,124,70,36,0,18,119,26,22.2,4.8,".248",".427",".293","0.720","63","64","8","7","4.32","6"
"Scholtens, Jesse",669947,2023,29,"26","85.0",377,343,100,73,12,0,15,58,30,15.4,8,".292",".458",".350","0.808","50","54","1","9","5.29","7"
"Paddack, Chris",663978,2025,29,"33","158.0",670,619,166,99,32,4,31,112,37,16.7,5.5,".268",".483",".308","0.791","94","98","5","12","5.35","8"
"Williams, Gavin",668909,2023,23,"16","82.0",345,302,66,39,17,2,8,81,37,23.5,10.7,".219",".368",".310","0.678","30","32","3","5","3.29","6"
"García, Luis",472610,2024,37,"60","59.0",254,235,61,40,13,0,8,53,15,20.9,5.9,".260",".417",".311","0.728","32","36","5","1","4.88","9"
"Matz, Steven",571927,2023,32,"25","105.0",449,410,108,73,23,1,11,98,32,21.8,7.1,".263",".405",".320","0.725","45","48","4","7","3.86","13"
"Duran, Jhoan",661395,2023,25,"59","62.1",255,222,46,32,8,0,6,84,25,32.9,9.8,".207",".324",".298","0.622","17","25","3","6","2.45","8"
"Rogers, Taylor",573124,2023,32,"60","51.2",216,185,39,25,7,1,6,64,25,29.6,11.6,".211",".357",".312","0.669","22","27","6","4","3.83","6"
"Abbott, Andrew",671096,2025,26,"29","166.1",684,631,148,99,29,1,19,149,43,21.8,6.3,".235",".374",".285","0.659","53","60","10","7","2.87","12"
"Leasure, Jordan",673929,2025,26,"68","64.1",269,237,49,22,14,1,12,81,30,30.1,11.2,".207",".426",".297","0.723","28","30","5","6","3.92","5"
"Quantrill, Cal",615698,2025,30,"26","117.2",513,472,136,79,29,6,22,85,35,16.6,6.8,".288",".515",".343","0.858","79","81","4","12","6.04","25"
"Walker, Ryan",676254,2023,27,"49","61.1",263,233,61,40,13,0,8,78,24,29.7,9.1,".262",".421",".333","0.754","22","25","5","3","3.23","5"
"Graterol, Brusdar",660813,2023,24,"68","67.1",257,240,53,42,7,1,3,48,12,18.7,4.7,".221",".296",".262","0.558","9","14","4","2","1.20","5"
"Smith, Will",519293,2023,33,"60","57.1",226,209,44,27,11,1,5,55,17,24.3,7.5,".211",".344",".270","0.614","28","31","2","7","4.40","7"
"Lopez, Jacob",682052,2025,27,"21","92.2",399,352,81,51,14,1,15,113,37,28.3,9.3,".230",".403",".317","0.720","42","47","7","7","4.08","8"
"Brebbia, John",605154,2024,34,"59","55.1",242,220,56,34,11,0,11,67,19,27.7,7.9,".255",".455",".322","0.777","36","36","0","6","5.86","4"
"Povich, Cade",700249,2024,24,"16","79.2",352,313,80,44,22,2,12,69,34,19.6,9.7,".256",".454",".332","0.786","46","49","3","9","5.20","6"
"Casparius, Ben",676508,2025,26,"46","77.2",333,307,78,47,22,1,8,71,21,21.3,6.3,".254",".410",".307","0.717","40","41","7","5","4.64","8"
"Domínguez, Seranthony",622554,2025,30,"67","62.2",261,222,44,31,8,0,5,79,36,30.3,13.8,".198",".302",".314","0.616","22","30","4","4","3.16","19"
"Burrows, Mike",681347,2025,25,"23","96.0",402,362,88,62,11,2,13,97,31,24.1,7.7,".243",".392",".308","0.700","42","43","2","4","3.94","8"
"Smith, Drew",622098,2023,29,"62","56.1",244,208,50,26,13,4,7,60,29,24.6,11.9,".240",".442",".344","0.786","26","31","4","6","4.15","5"
"Eflin, Zach",621107,2024,30,"28","165.1",684,653,166,114,28,2,22,134,24,19.6,3.5,".254",".404",".283","0.687","66","71","10","9","3.59","5"
"Littell, Zack",641793,2025,29,"32","186.2",759,712,174,104,33,1,36,130,32,17.1,4.2,".244",".445",".282","0.727","79","81","10","8","3.81","16"
"Schmidt, Clarke",657376,2024,28,"16","85.1",353,309,71,50,11,2,8,93,30,26.3,8.5,".230",".356",".312","0.668","27","31","5","5","2.85","5"
"Bido, Osvaldo",674370,2023,27,"16","50.2",236,204,55,42,8,1,4,48,21,20.3,8.9,".270",".377",".356","0.733","33","35","2","5","5.86","2"
"Buttó, José",676130,2025,27,"55","67.0",284,242,62,40,16,2,4,58,32,20.4,11.3,".256",".388",".342","0.730","29","31","5","3","3.90","5"
"Sousa, Bennett",656986,2025,30,"44","50.2",199,181,37,22,11,0,4,59,15,29.6,7.5,".204",".331",".263","0.594","16","18","5","1","2.84","11"
"Bernardino, Brennan",657514,2023,31,"55","50.2",216,192,48,33,10,1,4,58,18,26.9,8.3,".250",".375",".333","0.708","18","19","2","1","3.20","2"
"Brito, Jhony",666745,2023,25,"25","90.1",372,336,82,48,18,2,14,72,28,19.4,7.5,".244",".435",".306","0.741","43","47","9","7","4.28","7"
"Avila, Pedro",658648,2023,26,"14","50.1",220,187,43,29,11,0,3,54,25,24.5,11.4,".230",".337",".335","0.672","18","23","2","2","3.22","3"
"Walker, Taijuan",592836,2025,32,"34","123.2",538,489,132,90,20,1,21,86,42,16,7.8,".270",".444",".331","0.775","56","62","5","8","4.08","13"
"Montgomery, Jordan",656756,2024,31,"25","117.0",532,478,149,92,40,3,14,83,44,15.6,8.3,".312",".496",".369","0.865","81","83","8","7","6.23","14"
"Vest, Will",676684,2025,30,"64","68.2",284,259,61,47,8,2,4,75,22,26.4,7.7,".236",".328",".297","0.625","23","26","6","5","3.01","2"
"Woods Richardson, Simeon",680573,2024,23,"28","133.2",569,509,125,87,21,1,16,117,48,20.6,8.4,".246",".385",".310","0.695","62","63","5","5","4.17","11"
"Kirby, George",669923,2024,26,"33","191.0",778,740,181,118,38,3,22,179,23,23,3,".245",".393",".272","0.665","75","82","14","11","3.53","24"
"Jiménez, Joe",641729,2024,29,"69","68.2",277,248,45,34,9,0,2,82,23,29.6,8.3,".181",".242",".260","0.502","20","22","1","5","2.62","4"
"Vásquez, Randy",681190,2024,25,"20","98.0",431,391,119,81,23,2,13,62,29,14.4,6.7,".304",".473",".360","0.833","53","56","4","7","4.87","12"
"Gil, Luis",661563,2024,26,"29","151.2",637,550,104,56,28,2,18,171,77,26.8,12.1,".189",".345",".297","0.642","59","60","15","7","3.50","6"
"Paxton, James",572020,2023,34,"19","96.0",411,372,93,55,19,1,18,101,33,24.6,8,".250",".452",".313","0.765","48","51","7","5","4.50","4"
"Senzatela, Antonio",622608,2025,30,"30","130.0",618,554,192,128,39,3,22,73,47,11.8,7.6,".347",".547",".402","0.949","96","103","4","15","6.65","5"
"Eisert, Brandon",685126,2025,27,"72","69.2",306,272,75,41,20,2,12,74,25,24.2,8.2,".276",".496",".344","0.840","34","36","3","8","4.39","9"
"Bellozo, Valente",678368,2024,24,"13","68.2",295,270,69,39,14,1,15,44,21,14.9,7.1,".256",".481",".312","0.793","28","31","3","4","3.67","2"
"Ragans, Cole",666142,2024,26,"32","186.1",762,685,146,96,32,3,15,223,67,29.3,8.8,".213",".334",".289","0.623","65","71","11","9","3.14","8"
"Bubic, Kris",663460,2025,27,"20","116.1",476,431,98,68,21,3,6,116,39,24.4,8.2,".227",".332",".294","0.626","33","38","8","7","2.55","2"
"Grove, Michael",675627,2023,26,"18","69.0",302,280,83,53,15,3,12,73,19,24.2,6.3,".296",".500",".348","0.848","47","47","2","3","6.13","7"
"Cecconi, Slade",677944,2024,25,"20","77.0",338,313,92,52,23,1,16,64,17,18.9,5,".294",".527",".335","0.862","57","57","2","7","6.66","6"
"Wilson, Steven",621051,2023,28,"52","53.0",219,189,35,17,11,0,7,57,27,26,12.3,".185",".354",".297","0.651","23","23","1","2","3.91","2"
"Gallen, Zac",668678,2023,27,"34","210.0",846,790,188,121,42,3,22,220,47,26,5.6,".238",".382",".284","0.666","81","87","17","9","3.47","5"
"Estévez, Carlos",608032,2025,32,"67","66.0",269,241,48,31,11,1,5,54,22,20.1,8.2,".199",".315",".276","0.591","18","22","4","5","2.45","0"
"Pivetta, Nick",601713,2024,31,"27","145.2",595,554,128,73,23,4,28,172,36,28.9,6.1,".231",".439",".277","0.716","67","70","6","12","4.14","11"
"Young, Alex",622065,2023,29,"63","53.2",236,214,53,34,8,1,10,50,20,21.2,8.5,".248",".435",".315","0.750","23","27","4","2","3.86","4"
"Bibee, Tanner",676440,2023,24,"25","142.0",585,530,122,83,26,0,13,141,45,24.1,7.7,".230",".353",".295","0.648","47","49","10","4","2.98","9"
"Greene, Hunter",668881,2023,23,"22","112.0",498,438,111,55,33,4,19,152,48,30.5,9.6,".253",".477",".337","0.814","60","65","4","7","4.82","16"
"Kolek, Stephen",663568,2025,28,"19","112.2",461,417,98,74,13,2,9,77,31,16.7,6.7,".235",".341",".296","0.637","44","49","5","7","3.51","3"
"Pérez, Eury",691587,2025,22,"20","95.1",385,349,68,37,17,2,12,105,32,27.3,8.3,".195",".358",".268","0.626","45","47","7","6","4.25","15"
"Houck, Tanner",656557,2024,28,"30","178.2",743,674,156,118,27,0,11,154,48,20.7,6.5,".231",".320",".296","0.616","62","75","9","10","3.12","11"
"Iglesias, Raisel",628452,2025,35,"70","67.1",267,247,51,31,12,0,8,73,17,27.3,6.4,".206",".352",".262","0.614","24","25","4","6","3.21","5"
"Misiorowski, Jacob",694819,2025,23,"15","66.0",272,239,51,33,9,1,8,87,30,32,11,".213",".360",".309","0.669","32","34","5","3","4.36","1"
"Olson, Reese",681857,2025,25,"13","68.2",285,254,58,41,12,0,5,65,25,22.8,8.8,".228",".335",".310","0.645","24","24","4","4","3.15","4"
"Fedde, Erick",607200,2024,31,"31","177.1",726,661,154,100,30,4,20,154,52,21.2,7.2,".233",".381",".291","0.672","65","66","9","9","3.30","10"
"Curry, Xzavion",675540,2023,24,"41","95.0",404,367,98,62,22,2,12,67,30,16.6,7.4,".267",".436",".323","0.759","43","47","3","4","4.07","10"
"McCullers Jr., Lance",621121,2025,31,"16","55.1",274,227,61,38,12,1,10,61,39,22.3,14.2,".269",".463",".392","0.855","40","45","2","5","6.51","9"
"McGreevy, Michael",700241,2025,24,"17","95.2",400,373,100,69,15,4,12,58,20,14.5,5,".268",".426",".309","0.735","47","50","8","4","4.42","0"
"Wentz, Joey",666214,2024,26,"46","67.1",304,262,66,49,9,0,8,73,33,24,10.9,".252",".378",".340","0.718","35","37","1","2","4.68","14"
"Quintana, Jose",500779,2024,35,"31","170.1",717,634,150,96,29,3,22,135,63,18.8,8.8,".237",".396",".314","0.710","71","73","10","10","3.75","9"
"Cabrera, Edward",665795,2023,25,"22","99.2",434,363,78,49,18,0,11,118,66,27.2,15.2,".215",".355",".341","0.696","47","48","7","7","4.24","16"
"Stephenson, Robert",596112,2023,30,"60","52.1",201,182,30,14,8,0,8,77,16,38.3,8,".165",".341",".230","0.571","18","20","3","4","3.10","1"
"Civale, Aaron",650644,2024,29,"31","161.0",689,627,158,98,31,0,29,149,52,21.6,7.5,".252",".440",".314","0.754","78","82","8","9","4.36","4"
"Hernández, Carlos",672578,2023,26,"67","70.0",301,266,62,33,17,2,10,77,32,25.6,10.6,".233",".425",".316","0.741","41","43","1","10","5.27","3"
"Williams, Devin",642207,2025,30,"67","62.0",259,228,45,28,11,1,5,90,25,34.7,9.7,".197",".320",".287","0.607","33","37","4","6","4.79","12"
"Koenig, Jared",657649,2024,30,"55","62.0",265,236,54,44,5,1,4,63,23,23.8,8.7,".229",".309",".308","0.617","17","22","9","4","2.47","5"
"Rodríguez, Yariel",684320,2025,28,"66","73.0",298,255,50,34,7,1,8,66,34,22.1,11.4,".196",".325",".304","0.629","25","26","3","2","3.08","6"
"Domínguez, Seranthony",622554,2024,29,"63","58.2",255,231,52,31,8,1,12,68,21,26.7,8.2,".225",".424",".294","0.718","29","32","3","4","4.45","12"
"Banks, Tanner",621383,2024,32,"63","72.1",310,277,69,51,11,1,6,78,24,25.2,7.7,".249",".361",".311","0.672","32","41","2","3","3.98","13"
"Garrett, Reed",657585,2024,31,"53","57.1",247,212,50,35,9,0,6,83,30,33.6,12.1,".236",".363",".333","0.696","24","28","8","5","3.77","7"
"Vasil, Mike",678024,2025,25,"47","101.0",423,362,74,52,13,1,8,82,52,19.4,12.3,".204",".312",".318","0.630","28","32","5","3","2.50","24"
"Strider, Spencer",675911,2025,26,"23","125.1",539,475,124,74,29,1,20,131,51,24.3,9.5,".261",".453",".340","0.793","62","63","7","14","4.45","15"
"Soroka, Michael",647336,2025,27,"22","89.2",379,334,72,44,15,1,12,95,29,25.1,7.7,".216",".374",".306","0.680","45","49","3","8","4.52","8"
"Miller, Tyson",668338,2024,28,"58","62.0",235,217,39,24,8,0,7,54,11,23,4.7,".180",".313",".235","0.548","16","18","5","1","2.32","4"
"Houser, Adrian",605288,2025,32,"21","125.0",518,467,122,88,20,4,10,92,38,17.8,7.3,".261",".385",".325","0.710","46","49","8","5","3.31","7"
"Pepiot, Ryan",686752,2025,27,"31","167.2",679,607,134,78,27,3,26,167,61,24.6,9,".221",".404",".297","0.701","72","77","11","12","3.86","16"
"Fluharty, Mason",689254,2025,23,"55","52.2",215,187,36,22,8,0,6,56,24,26,11.2,".193",".332",".290","0.622","26","28","5","2","4.44","0"
"Burke, Sean",680732,2025,25,"28","134.1",596,522,131,77,30,1,23,133,63,22.3,10.6,".251",".444",".337","0.781","63","76","4","11","4.22","16"
"Houser, Adrian",605288,2023,30,"23","111.1",481,443,121,89,18,1,13,96,34,20,7.1,".273",".406",".324","0.730","51","56","8","5","4.12","4"
"Quintana, Jose",500779,2023,34,"13","75.2",319,289,75,57,11,2,5,60,24,18.8,7.5,".260",".363",".314","0.677","30","33","3","6","3.57","5"
"Helsley, Ryan",664854,2024,29,"65","66.1",266,238,50,41,6,0,3,79,23,29.7,8.6,".210",".273",".275","0.548","15","19","7","4","2.04","4"
"Lambert, Peter",663567,2023,26,"25","87.1",375,341,93,49,17,9,18,71,28,18.9,7.5,".273",".534",".336","0.870","52","54","3","7","5.36","4"
"Stripling, Ross",548389,2023,33,"22","89.0",381,362,104,69,14,1,20,70,16,18.4,4.2,".287",".497",".320","0.817","53","54","0","5","5.36","6"
"Ross, Joe",605452,2025,32,"37","51.0",228,202,57,31,17,1,8,39,18,17.1,7.9,".282",".495",".344","0.839","29","30","2","1","5.12","0"
"Brazobán, Huascar",623211,2024,34,"39","51.2",217,189,38,30,3,3,2,51,25,23.5,11.5,".201",".280",".304","0.584","22","26","1","3","3.83","4"
"Chapman, Aroldis",547973,2024,36,"68","61.2",264,222,44,29,9,1,5,98,38,37.1,14.4,".198",".315",".318","0.633","26","31","5","5","3.79","11"
"Lauer, Eric",641778,2025,30,"28","104.2",426,396,90,51,22,2,15,102,26,23.9,6.1,".227",".407",".278","0.685","37","39","9","2","3.18","9"
"Payamps, Joel",606303,2023,29,"69","70.2",287,260,57,41,8,0,8,77,17,26.8,5.9,".219",".342",".278","0.620","20","24","7","5","2.55","6"
"Adam, Jason",592094,2025,33,"65","65.1",270,238,50,41,5,0,4,70,25,25.9,9.3,".210",".282",".291","0.573","14","18","8","4","1.93","12"
"Bradley, Taj",671737,2024,23,"25","138.0",578,519,122,77,22,1,22,154,47,26.6,8.1,".235",".408",".300","0.708","63","68","8","11","4.11","6"
"Kimbrel, Craig",518886,2023,35,"71","69.0",278,243,44,26,8,0,10,94,28,33.8,10.1,".181",".337",".273","0.610","25","28","8","6","3.26","12"
"Wacha, Michael",608379,2024,32,"29","166.2",685,625,154,104,29,4,17,145,45,21.2,6.6,".246",".387",".300","0.687","62","65","13","8","3.35","4"
"Fernandez, Ryan",681676,2024,26,"62","66.2",285,246,58,43,8,3,4,71,32,24.9,11.2,".236",".341",".325","0.666","26","30","1","6","3.51","12"
"Nelson, Kyle",669459,2023,26,"68","56.0",239,221,59,35,12,0,12,67,14,28,5.9,".267",".484",".314","0.798","26","30","7","4","4.18","1"
"Lodolo, Nick",666157,2024,26,"21","115.1",493,437,101,62,26,0,13,122,37,24.7,7.5,".231",".380",".316","0.696","61","62","9","6","4.76","11"
"Floro, Dylan",571670,2024,33,"66","68.2",279,258,65,50,10,0,5,48,17,17.2,6.1,".252",".349",".299","0.648","29","31","6","4","3.80","9"
"Harrison, Kyle",690986,2024,22,"24","124.1",532,476,125,81,25,1,18,118,42,22.2,7.9,".263",".433",".328","0.761","63","65","7","7","4.56","18"
"Hoeing, Bryan",663773,2023,26,"33","70.2",304,274,71,32,24,2,13,53,25,17.4,8.2,".259",".504",".322","0.826","43","45","2","3","5.48","6"
"Turnbull, Spencer",605513,2024,31,"17","54.1",222,197,37,22,9,0,6,58,20,26.1,9,".188",".325",".279","0.604","16","17","3","0","2.65","6"
"Duran, Jhoan",661395,2024,26,"58","54.1",228,204,48,31,12,1,4,66,15,28.9,6.6,".235",".363",".305","0.668","22","30","6","9","3.64","6"
"Kochanowicz, Jack",686799,2025,24,"23","111.0",512,440,136,100,14,1,21,72,58,14.1,11.3,".309",".489",".393","0.882","84","89","3","11","6.81","4"
"Fedde, Erick",607200,2025,32,"32","141.0",623,546,147,94,32,2,19,83,67,13.3,10.8,".269",".440",".351","0.791","86","90","4","13","5.49","30"
"Heaney, Andrew",571760,2025,34,"27","122.1",536,479,129,69,34,1,25,86,40,16,7.5,".269",".501",".335","0.836","75","77","5","10","5.52","7"
"Leiter Jr., Mark",643410,2024,33,"60","58.0",256,231,55,37,9,1,8,86,22,33.6,8.6,".238",".390",".313","0.703","29","34","4","5","4.50","6"
"Davies, Zach",605200,2023,30,"18","82.1",377,332,98,67,17,4,10,72,39,19.1,10.3,".295",".461",".370","0.831","64","67","2","5","7.00","8"
"Ferguson, Tyler",621053,2024,30,"48","51.1",207,180,32,19,7,2,4,62,24,30,11.6,".178",".306",".282","0.588","21","23","4","2","3.68","0"
"Avila, Pedro",658648,2024,27,"54","82.2",353,306,73,50,14,1,8,82,36,23.2,10.2,".239",".369",".321","0.690","35","38","6","1","3.81","0"
"Myers, Tobias",668964,2024,25,"27","138.0",569,520,126,88,19,1,18,127,36,22.3,6.3,".242",".387",".295","0.682","46","52","9","6","3.00","5"
"Holton, Tyler",663947,2023,27,"59","85.1",324,303,56,38,9,0,9,74,18,22.8,5.6,".185",".304",".232","0.536","20","21","3","2","2.11","1"
"Johnson, Pierce",572955,2024,33,"58","56.1",236,209,48,33,8,1,6,67,25,28.4,10.6,".230",".364",".318","0.682","23","25","6","6","3.67","8"
"Detmers, Reid",672282,2023,23,"28","148.2",644,569,141,93,28,1,19,168,60,26.1,9.3,".248",".401",".332","0.733","74","81","4","10","4.48","15"
"Singer, Brady",663903,2025,28,"32","169.2",716,631,150,89,36,6,19,163,60,22.8,8.4,".238",".404",".314","0.718","76","80","14","12","4.03","14"
"Ottavino, Adam",493603,2024,38,"60","56.0",245,213,49,34,8,1,6,70,23,28.6,9.4,".230",".362",".324","0.686","27","29","2","2","4.34","17"
"Pivetta, Nick",601713,2023,30,"38","142.2",587,528,110,55,31,1,23,183,50,31.2,8.5,".208",".402",".283","0.685","64","69","10","9","4.04","12"
"Dunning, Dane",641540,2023,28,"35","172.2",722,652,163,113,27,3,20,140,55,19.4,7.6,".250",".393",".316","0.709","71","73","12","7","3.70","7"
"May, Dustin",669160,2025,27,"25","132.1",584,510,132,84,21,6,21,123,56,21.1,9.6,".259",".447",".344","0.791","73","78","7","11","4.96","18"
"Wrobleski, Justin",680736,2025,24,"24","66.2",280,255,65,45,14,0,6,76,17,27.1,6.1,".255",".380",".306","0.686","32","34","5","5","4.32","6"
"Hicks, Jordan",663855,2023,26,"65","65.2",285,247,57,41,11,1,4,81,32,28.4,11.2,".231",".332",".326","0.658","24","30","3","9","3.29","2"
"King, Michael",650633,2023,28,"49","104.2",431,390,88,63,13,2,10,127,32,29.5,7.4,".226",".346",".292","0.638","32","35","4","8","2.75","3"
"Helsley, Ryan",664854,2025,30,"58","56.0",252,222,61,41,12,0,8,63,25,25,9.9,".275",".437",".347","0.784","28","32","3","4","4.50","6"
"Bickford, Phil",641360,2023,27,"61","67.1",304,257,59,35,14,2,8,76,39,25,12.8,".230",".393",".339","0.732","37","41","5","5","4.95","18"
"Gonsolin, Tony",664062,2023,29,"20","103.0",435,381,86,52,15,0,19,82,40,18.9,9.2,".226",".415",".307","0.722","57","61","8","5","4.98","8"
"Chirinos, Yonny",630023,2023,29,"20","85.0",367,331,91,53,22,1,15,53,27,14.4,7.4,".275",".483",".336","0.819","51","53","5","5","5.40","3"
"Kremer, Dean",665152,2025,29,"31","171.2",708,656,163,106,32,3,22,142,45,20.1,6.4,".248",".407",".297","0.704","80","83","11","10","4.19","5"
"Miller, Shelby",571946,2024,33,"51","55.2",225,203,41,22,10,0,9,49,13,21.8,5.8,".202",".384",".262","0.646","28","31","6","8","4.53","5"
"Senga, Kodai",673540,2023,30,"29","166.1",694,606,126,88,21,0,17,202,77,29.1,11.1,".208",".327",".301","0.628","55","60","12","7","2.98","11"
"Kinley, Tyler",641755,2025,34,"73","72.2",308,270,53,36,11,0,6,73,33,23.7,10.7,".196",".304",".289","0.593","32","35","6","3","3.96","12"
"Holderman, Colin",670059,2023,27,"58","56.0",240,215,55,40,11,0,4,58,20,24.2,8.3,".256",".363",".322","0.685","24","25","0","3","3.86","6"
"Cecconi, Slade",677944,2025,26,"23","132.0",545,506,125,72,27,2,24,109,32,20,5.9,".247",".451",".294","0.745","63","66","7","7","4.30","3"
"Rogers, Taylor",573124,2025,34,"57","50.2",221,190,47,26,13,1,7,53,23,24,10.4,".247",".437",".332","0.769","19","25","3","2","3.38","5"
"Peterson, David",656849,2023,27,"27","111.0",492,432,124,87,17,4,16,128,50,26,10.2,".287",".456",".367","0.823","62","64","3","8","5.03","4"
"Nola, Aaron",605400,2023,30,"32","193.2",793,741,178,108,35,3,32,202,45,25.5,5.7,".240",".425",".283","0.708","96","105","12","9","4.46","21"
"Rea, Colin",607067,2023,32,"26","124.2",517,468,110,66,18,3,23,110,38,21.3,7.4,".235",".434",".296","0.730","63","65","6","6","4.55","17"
"Cobb, Alex",502171,2023,35,"28","151.1",646,600,163,107,33,4,19,131,37,20.3,5.7,".272",".435",".319","0.754","65","69","7","7","3.87","13"
"Taillon, Jameson",592791,2025,33,"23","129.2",519,489,110,61,23,2,24,98,27,18.9,5.2,".225",".427",".265","0.692","53","54","11","7","3.68","10"
"Elder, Bryce",693821,2023,24,"31","174.2",732,654,160,106,32,3,19,128,63,17.5,8.6,".245",".390",".316","0.706","74","79","12","4","3.81","9"
"Urías, Julio",628711,2023,26,"21","117.1",482,444,112,59,28,1,24,117,24,24.3,5,".252",".482",".296","0.778","60","61","11","8","4.60","11"
"Pfaadt, Brandon",694297,2023,24,"19","96.0",421,386,109,59,25,3,22,94,26,22.3,6.2,".282",".534",".329","0.863","61","63","3","9","5.72","8"
"Suter, Brent",608718,2023,33,"57","69.1",292,261,65,49,11,2,3,55,25,18.8,8.6,".249",".341",".320","0.661","26","36","4","3","3.38","3"
"Lugo, Seth",607625,2023,33,"26","146.1",604,563,140,89,29,3,19,140,36,23.2,6,".249",".412",".296","0.708","58","62","8","7","3.57","6"
"Leahy, Kyle",681517,2025,28,"62","88.0",363,328,80,59,16,0,5,80,28,22,7.7,".244",".338",".300","0.638","30","32","4","2","3.07","2"
"Glasnow, Tyler",607192,2025,31,"18","90.1",366,316,56,34,12,0,10,106,43,29,11.7,".177",".310",".279","0.589","32","33","4","3","3.19","10"
"King, John",667463,2024,29,"56","60.0",248,225,58,47,6,0,5,38,14,15.3,5.6,".258",".351",".296","0.647","19","23","3","3","2.85","11"
"Milner, Hoby",571948,2023,32,"73","64.1",252,235,49,34,9,1,5,59,13,23.4,5.2,".209",".319",".254","0.573","13","16","2","1","1.82","0"
"Tonkin, Michael",543859,2023,33,"45","80.0",325,295,64,43,7,1,13,75,23,23.1,7.1,".217",".380",".276","0.656","38","41","7","3","4.28","7"
"Beeks, Jalen",656222,2024,30,"71","70.0",312,276,77,60,10,1,6,55,27,17.6,8.7,".279",".388",".346","0.734","35","42","7","4","4.50","4"
"Baumann, Mike",657508,2023,27,"60","64.2",273,235,52,32,12,1,7,61,33,22.3,12.1,".221",".370",".320","0.690","27","29","10","1","3.76","10"
"Ramírez, Erasmo",541640,2023,33,"38","60.1",274,250,82,57,13,1,11,43,13,15.7,4.7,".328",".520",".361","0.881","43","47","3","3","6.41","1"
"Raley, Brooks",548384,2023,35,"66","54.2",236,203,44,29,11,0,4,61,25,25.8,10.6,".217",".330",".319","0.649","17","19","1","2","2.80","5"
"Ferguson, Caleb",657571,2023,26,"68","60.1",270,238,64,50,9,1,4,70,23,25.9,8.5,".269",".366",".352","0.718","23","30","7","4","3.43","4"
"Williams, Trevor",592866,2024,32,"13","66.2",260,238,51,39,8,1,3,59,18,22.7,6.9,".214",".294",".265","0.559","15","17","6","1","2.03","1"
"Wilson, Bryse",669060,2024,26,"34","104.2",442,405,102,71,9,2,20,82,31,18.6,7,".252",".432",".311","0.743","47","49","5","4","4.04","7"
"Bibee, Tanner",676440,2025,26,"31","182.1",762,692,170,114,24,5,27,162,54,21.3,7.1,".246",".412",".308","0.720","86","93","12","11","4.24","17"
"Alexander, Tyler",641302,2024,29,"23","107.2",455,419,110,66,20,1,23,90,24,19.8,5.3,".263",".480",".307","0.787","61","61","6","5","5.10","10"
"Anderson, Justin",605121,2024,31,"56","53.1",243,205,48,34,9,0,5,57,33,23.5,13.6,".234",".351",".347","0.698","26","29","1","2","4.39","8"
"Eflin, Zach",621107,2023,29,"31","177.2",703,671,158,104,31,4,19,186,24,26.5,3.4,".235",".379",".264","0.643","69","69","16","8","3.50","7"
"Flaherty, Jack",656427,2023,27,"29","144.1",650,565,162,106,37,2,17,148,66,22.8,10.2,".287",".450",".370","0.820","80","83","8","9","4.99","4"
"Gusto, Ryan",687473,2025,26,"27","101.2",453,407,114,75,21,1,17,97,36,21.4,7.9,".280",".462",".343","0.805","64","67","7","7","5.67","8"
"Webb, Jacob",657097,2024,30,"60","56.2",237,208,40,25,11,0,4,58,27,24.5,11.4,".192",".303",".287","0.590","19","23","2","5","3.02","4"
"Bibee, Tanner",676440,2024,25,"31","173.2",710,651,150,84,40,4,22,187,44,26.3,6.2,".230",".406",".285","0.691","67","70","12","8","3.47","6"
"Sánchez, Cristopher",650911,2023,26,"19","99.1",396,375,88,52,18,2,16,96,16,24.2,4,".235",".421",".271","0.692","38","44","3","5","3.44","7"
"Cannon, Jonathan",686563,2024,23,"23","124.1",522,475,125,80,24,3,18,91,40,17.4,7.7,".263",".440",".324","0.764","62","65","5","10","4.49","10"
"Montas, Frankie",593423,2024,31,"30","150.2",655,576,140,87,28,1,24,148,66,22.6,10.1,".243",".420",".325","0.745","81","89","7","11","4.84","17"
"Harris, Hogan",663687,2023,26,"14","63.0",284,249,67,37,20,0,10,56,28,19.7,9.9,".269",".470",".348","0.818","50","51","3","6","7.14","4"
"Lynn, Lance",458681,2024,37,"23","117.1",511,458,113,75,21,1,16,109,44,21.3,8.6,".247",".402",".316","0.718","50","64","7","4","3.84","16"
"Pérez, Martín",527048,2025,34,"11","56.0",228,202,40,23,10,1,6,44,22,19.3,9.6,".198",".347",".281","0.628","22","23","1","6","3.54","4"
"Lorenzen, Michael",547179,2024,32,"26","130.1",535,468,101,63,20,1,17,97,59,18.1,11,".216",".372",".310","0.682","48","49","7","6","3.31","6"
"Wells, Tyler",669330,2023,28,"25","118.2",470,429,83,41,15,2,25,117,34,24.9,7.2,".193",".413",".257","0.670","48","50","7","6","3.64","2"
"Peterson, David",656849,2024,28,"21","121.0",510,453,110,79,22,1,8,101,46,19.8,9,".243",".349",".320","0.669","39","44","10","3","2.90","5"
"Musgrove, Joe",605397,2024,31,"19","99.2",410,375,94,59,21,0,14,101,23,24.6,5.6,".251",".419",".310","0.729","43","44","6","5","3.88","7"
"Castillo, Luis",622491,2024,31,"30","175.1",719,663,158,95,36,2,25,175,47,24.3,6.5,".238",".412",".293","0.705","71","73","11","12","3.64","13"
"Dobbins, Hunter",690928,2025,25,"13","61.0",256,237,61,40,14,1,6,45,17,17.6,6.6,".257",".401",".313","0.714","28","30","4","1","4.13","1"
"Sears, JP",676664,2024,28,"32","180.2",758,685,172,102,39,3,28,137,49,18.1,6.5,".251",".439",".311","0.750","88","93","11","13","4.38","23"
"Walker, Ryan",676254,2024,28,"76","80.0",308,279,50,37,7,1,5,99,18,32.1,5.8,".179",".265",".251","0.516","17","19","10","4","1.91","8"
"Jax, Griffin",643377,2023,28,"71","65.1",274,250,58,42,9,2,5,68,19,24.8,6.9,".232",".344",".297","0.641","28","30","6","10","3.86","9"
"Clarke, Taylor",664199,2025,32,"51","55.1",206,196,38,23,6,1,8,44,9,21.4,4.4,".194",".357",".233","0.590","20","20","1","1","3.25","3"
"Severino, Luis",622663,2024,30,"31","182.0",761,684,166,118,23,2,23,161,60,21.2,7.9,".243",".383",".313","0.696","79","86","11","7","3.91","15"
"Barria, Jaime",642545,2023,26,"34","82.1",362,328,91,54,17,0,20,62,30,17.1,8.3,".277",".512",".340","0.852","52","63","2","6","5.68","0"
"Pepiot, Ryan",686752,2024,26,"26","130.0",539,481,102,65,18,2,17,142,48,26.3,8.9,".212",".364",".292","0.656","52","58","8","8","3.60","9"
"Gausman, Kevin",592332,2024,33,"31","181.0",756,693,165,101,41,3,20,162,56,21.4,7.4,".238",".392",".296","0.688","77","86","14","11","3.83","20"
"Alcala, Jorge",660896,2025,29,"56","55.0",257,221,66,36,17,0,13,61,30,23.7,11.7,".299",".552",".379","0.931","38","44","0","2","6.22","8"
"Bernardino, Brennan",657514,2024,32,"57","51.0",226,195,50,34,9,1,6,56,22,24.8,9.7,".256",".405",".347","0.752","23","25","4","3","4.06","3"
"Williams, Devin",642207,2023,28,"61","58.2",231,202,26,16,6,0,4,87,28,37.7,12.1,".129",".218",".238","0.456","10","13","8","3","1.53","10"
"Keller, Brad",641745,2025,29,"68","69.2",276,247,45,37,4,0,4,75,22,27.2,8,".182",".247",".265","0.512","16","18","4","2","2.07","0"
"Stripling, Ross",548389,2024,34,"22","85.1",381,353,109,72,30,0,7,49,22,12.9,5.8,".309",".453",".347","0.800","57","65","2","11","6.01","7"
"Kaprielian, James",621076,2023,29,"14","61.0",280,241,66,41,16,0,9,57,31,20.4,11.1,".274",".452",".367","0.819","43","45","2","6","6.34","10"
"Horton, Cade",690990,2025,23,"23","118.0",476,433,95,67,17,1,10,97,33,20.4,6.9,".219",".333",".282","0.615","35","40","11","4","2.67","8"
"Hernandez, Jose E.",669796,2023,25,"50","50.2",223,197,47,22,15,1,9,62,22,27.8,9.9,".239",".462",".317","0.779","28","30","1","3","4.97","7"
"Adon, Joan",672851,2023,24,"12","51.2",240,211,60,34,18,0,8,48,24,20,10,".284",".483",".364","0.847","37","37","2","4","6.45","9"
"King, Bryan",687911,2025,28,"68","68.0",275,258,60,43,7,0,10,69,11,25.1,4,".233",".376",".273","0.649","21","21","5","4","2.78","1"
"Webb, Jacob",657097,2025,31,"55","66.0",267,243,49,31,8,0,10,58,19,21.7,7.1,".202",".358",".264","0.622","22","24","5","4","3.00","8"
"Rea, Colin",607067,2025,34,"32","159.1",662,601,155,104,29,2,20,127,44,19.2,6.6,".258",".413",".312","0.725","70","73","11","7","3.95","7"
"Rodriguez, Grayson",680570,2023,23,"23","122.0",515,467,121,83,18,4,16,129,42,25,8.2,".259",".418",".321","0.739","59","62","7","4","4.35","4"
"Kelly, Kevin",687330,2023,25,"57","67.0",276,251,53,33,18,0,2,56,15,20.3,5.4,".211",".307",".283","0.590","23","27","5","2","3.09","7"
"Garcia, Robert",676395,2025,29,"71","64.0",269,242,58,42,8,0,8,68,22,25.3,8.2,".240",".372",".305","0.677","21","26","4","8","2.95","3"
"Liberatore, Matthew",669461,2025,25,"29","151.2",648,593,158,105,32,2,19,122,40,18.8,6.2,".266",".423",".313","0.736","71","79","8","12","4.21","22"
"Hader, Josh",623352,2024,30,"71","71.0",278,251,43,25,5,1,12,105,25,37.8,9,".171",".343",".248","0.591","30","33","8","8","3.80","5"
"Bello, Brayan",678394,2025,26,"29","166.2",700,620,147,107,23,1,16,124,59,17.7,8.4,".237",".355",".314","0.669","62","71","11","9","3.35","16"
"Alcantara, Sandy",645261,2023,27,"28","184.2",762,700,176,123,30,1,22,151,48,19.8,6.3,".251",".391",".302","0.693","85","91","7","12","4.14","17"
"De Los Santos, Enyel",660853,2023,27,"70","65.2",262,232,50,31,15,0,4,62,25,23.7,9.5,".216",".332",".302","0.634","24","26","5","2","3.29","5"
"Valdez, Framber",664285,2024,30,"28","176.1",703,634,140,102,24,1,13,169,55,24,7.8,".221",".323",".287","0.610","57","60","15","7","2.91","9"
"Pérez, Cionel",672335,2024,28,"62","53.2",238,203,47,33,12,2,0,46,28,19.3,11.8,".232",".310",".338","0.648","27","29","2","0","4.53","2"
"Pérez, Eury",691587,2023,20,"19","91.1",374,337,72,33,22,2,15,108,31,28.9,8.3,".214",".424",".282","0.706","32","35","5","6","3.15","11"
"Flexen, Chris",623167,2024,29,"33","160.0",707,635,180,109,44,3,24,123,63,17.4,8.9,".283",".476",".349","0.825","88","95","3","15","4.95","6"
"Castro, Miguel",612434,2023,28,"75","64.2",268,239,51,32,11,0,8,60,25,22.4,9.3,".213",".360",".296","0.656","31","32","6","6","4.31","8"
"Sheehan, Emmet",686218,2025,25,"15","73.1",291,265,49,30,10,2,7,89,22,30.6,7.6,".185",".317",".251","0.568","23","29","6","3","2.82","0"
"Houser, Adrian",605288,2024,31,"23","69.1",309,272,74,43,23,0,8,45,32,14.6,10.4,".272",".445",".356","0.801","45","48","1","5","5.84","8"
"Anderson, Tyler",542881,2024,34,"31","179.1",765,681,158,99,32,3,24,142,73,18.6,9.5,".232",".394",".311","0.705","76","83","10","15","3.81","15"
"Sewald, Paul",623149,2023,33,"65","60.2",249,221,46,30,8,0,8,80,24,32.1,9.6,".208",".353",".287","0.640","21","23","3","2","3.12","7"
"Alexander, Tyler",641302,2025,30,"52","97.2",423,386,107,78,17,3,9,82,30,19.4,7.1,".277",".407",".331","0.738","54","62","5","14","4.98","6"
"Littell, Zack",641793,2024,28,"29","156.1",656,618,164,111,29,2,22,141,31,21.5,4.7,".265",".426",".306","0.732","63","68","8","10","3.63","6"
"Ashcraft, Graham",668933,2025,27,"62","65.1",284,254,68,48,18,0,2,64,25,22.5,8.8,".268",".362",".333","0.695","29","37","8","5","3.99","4"
"Paddack, Chris",663978,2024,28,"17","88.1",384,360,102,72,16,0,14,79,21,20.6,5.5,".283",".444",".323","0.767","49","50","5","3","4.99","3"
"Civale, Aaron",650644,2023,28,"23","122.1",504,463,109,75,21,1,12,116,33,23,6.5,".235",".363",".293","0.656","47","47","7","5","3.46","6"
"Mlodzinski, Carmen",669387,2025,26,"34","99.0",419,385,102,72,20,2,8,89,27,21.2,6.4,".265",".390",".320","0.710","39","42","5","8","3.55","2"
"García, Luis",472610,2025,38,"58","55.1",233,203,55,36,15,2,2,48,26,20.6,11.2,".271",".394",".351","0.745","21","23","2","2","3.42","4"
"Sánchez, Cristopher",650911,2024,27,"31","181.2",754,706,182,135,34,2,11,153,44,20.3,5.8,".258",".358",".301","0.659","67","76","11","9","3.32","14"
"Gomber, Austin",596295,2025,31,"12","57.2",272,252,82,46,18,2,16,34,17,12.5,6.3,".325",".603",".369","0.972","48","51","0","7","7.49","5"
"Lambert, Peter",663567,2024,27,"28","61.1",280,242,73,50,12,4,7,50,29,17.9,10.4,".302",".471",".374","0.845","39","42","2","5","5.72","6"
"Chafin, Andrew",605177,2024,34,"62","56.1",246,211,52,42,5,0,5,70,31,28.5,12.6,".246",".341",".341","0.682","22","26","4","3","3.51","6"
"Arrighetti, Spencer",681293,2024,24,"29","145.0",632,557,139,85,32,1,21,171,65,27.1,10.3,".250",".424",".334","0.758","73","80","7","13","4.53","16"
"Miller, Bryce",682243,2024,25,"31","180.1",704,654,131,84,25,1,21,171,45,24.3,6.4,".200",".338",".254","0.592","59","62","12","8","2.94","10"
"Montero, Rafael",606160,2023,32,"68","67.1",298,265,74,46,14,3,11,79,29,26.5,9.7,".279",".479",".356","0.835","38","40","3","3","5.08","11"
"Cabrera, Edward",665795,2024,26,"20","96.1",417,361,82,54,12,1,15,107,49,25.7,11.8,".227",".391",".326","0.717","53","60","4","8","4.95","20"
"Soriano, José",667755,2025,26,"31","169.0",724,634,158,117,28,1,12,152,78,21,10.8,".249",".353",".335","0.688","80","89","10","11","4.26","5"
"Richards, Trevor",670950,2024,31,"55","65.1",277,234,44,30,7,0,7,62,35,22.4,12.6,".188",".308",".295","0.603","33","36","2","2","4.55","5"
"Miller, Mason",695243,2024,25,"55","65.0",249,225,36,25,5,0,6,104,21,41.8,8.4,".160",".262",".233","0.495","18","23","2","2","2.49","6"
"Sears, JP",676664,2023,27,"32","172.1",735,662,165,94,33,4,34,161,53,21.9,7.2,".249",".465",".319","0.784","87","90","5","14","4.54","15"
"Priester, Quinn",682990,2025,24,"29","157.1",653,593,145,91,34,2,18,132,50,20.2,7.7,".245",".400",".309","0.709","58","62","13","3","3.32","7"
"Strahm, Matt",621381,2023,31,"56","87.2",351,320,68,39,17,1,11,108,21,30.8,6,".212",".375",".263","0.638","32","34","9","5","3.29","6"
"Holmes, Clay",605280,2024,31,"67","63.0",271,242,60,44,12,0,4,68,22,25.1,8.1,".248",".347",".315","0.662","22","29","3","5","3.14","4"
"Mayza, Tim",641835,2023,31,"69","53.1",215,199,50,36,12,0,2,53,15,24.7,7,".251",".342",".302","0.644","9","10","3","1","1.52","3"
"Ashby, Aaron",676879,2025,27,"43","66.2",270,238,54,42,7,2,3,76,24,28.1,8.9,".227",".311",".307","0.618","16","16","5","2","2.16","7"
"Jackson, Luke",592426,2025,33,"52","51.0",219,182,41,33,4,0,4,38,28,17.4,12.8,".225",".313",".333","0.646","23","30","2","5","4.06","6"
"Lyles, Jordan",543475,2023,32,"31","177.2",748,689,176,87,48,2,39,120,45,16,6,".255",".501",".305","0.806","124","130","6","17","6.28","9"
"Santana, Dennis",642701,2024,28,"62","71.2",287,259,57,33,18,2,4,69,21,24,7.3,".220",".351",".287","0.638","31","33","3","1","3.89","7"
"Pallante, Andre",669467,2025,26,"31","162.2",715,640,173,116,32,4,21,111,62,15.5,8.7,".270",".431",".337","0.768","96","109","6","15","5.31","18"
"McClanahan, Shane",663556,2023,26,"21","115.0",469,428,95,57,20,3,15,121,41,25.8,8.7,".222",".388",".290","0.678","42","42","11","2","3.29","7"
"Gray, Josiah",680686,2023,25,"30","159.0",698,605,152,100,29,1,22,143,80,20.5,11.5,".251",".412",".345","0.757","69","72","8","13","3.91","21"
"Anderson, Tyler",542881,2023,33,"27","141.0",629,549,146,84,40,2,20,119,64,18.9,10.2,".266",".455",".346","0.801","85","90","6","6","5.43","7"
"Rocker, Kumar",677958,2025,25,"14","64.1",287,256,71,45,12,3,11,56,23,19.5,8,".277",".477",".343","0.820","41","42","4","5","5.74","11"
"Senga, Kodai",673540,2025,32,"22","113.1",482,420,94,52,24,6,12,109,55,22.6,11.4,".224",".395",".317","0.712","38","44","7","6","3.02","5"
"Zeferjahn, Ryan",666171,2025,27,"62","57.0",256,216,49,29,8,0,12,73,34,28.5,13.3,".227",".431",".341","0.772","30","31","6","5","4.74","7"
"Glasnow, Tyler",607192,2023,29,"21","120.0",485,444,93,61,16,3,13,162,37,33.4,7.6,".209",".347",".270","0.617","47","52","10","7","3.53","19"
"Kuhl, Chad",641771,2024,31,"31","53.1",240,205,56,39,11,1,5,54,25,22.5,10.4,".273",".410",".367","0.777","30","33","0","2","5.06","1"
"Hicks, Jordan",663855,2025,28,"34","67.1",314,269,80,56,15,3,6,58,32,18.5,10.2,".297",".442",".387","0.829","52","56","2","7","6.95","3"
"Musgrove, Joe",605397,2023,30,"17","97.1",399,365,90,63,17,0,10,97,21,24.3,5.3,".247",".375",".301","0.676","33","35","10","3","3.05","5"
"Gausman, Kevin",592332,2025,34,"32","193.0",775,716,155,98,34,2,21,189,50,24.4,6.5,".216",".358",".269","0.627","77","79","10","11","3.59","17"
"Hudson, Daniel",543339,2024,37,"65","63.0",253,232,46,27,8,1,10,63,19,24.9,7.5,".198",".371",".261","0.632","21","25","6","2","3.00","2"
"Fried, Max",608331,2024,30,"29","174.1",714,645,146,116,16,1,13,166,57,23.2,8,".226",".315",".295","0.610","63","71","11","10","3.25","13"
"Sheehan, Emmet",686218,2023,23,"13","60.1",248,219,46,24,10,1,11,64,26,25.8,10.5,".210",".416",".294","0.710","33","33","4","1","4.92","4"
"Faedo, Alex",656412,2024,28,"37","57.1",246,210,49,31,9,0,9,55,28,22.4,11.4,".233",".405",".328","0.733","23","24","5","3","3.61","1"
"Cisnero, José",542585,2023,34,"63","59.1",267,233,63,43,9,1,10,70,25,26.2,9.4,".270",".446",".351","0.797","35","39","3","4","5.31","4"
"Richards, Trevor",670950,2023,30,"56","72.2",315,276,63,36,13,1,13,105,35,33.3,11.1,".228",".424",".317","0.741","40","41","2","1","4.95","2"
"Waldrep, Hurston",694462,2025,23,"10","56.1",229,203,45,34,8,0,3,55,22,24,9.6,".222",".305",".306","0.611","18","18","6","1","2.88","8"
"Kochanowicz, Jack",686799,2024,23,"11","65.1",266,247,68,47,14,0,7,25,10,9.4,3.8,".275",".417",".325","0.742","29","30","2","6","3.99","2"
"Berríos, José",621244,2025,31,"31","166.0",698,632,160,102,30,2,26,138,56,19.8,8,".253",".430",".320","0.750","77","86","9","5","4.17","13"
"Irvin, Cole",608344,2023,29,"24","77.1",336,305,78,51,15,1,11,68,21,20.2,6.3,".256",".420",".315","0.735","38","42","1","4","4.42","0"
"Gomber, Austin",596295,2023,29,"27","139.0",603,552,164,100,35,3,26,87,43,14.4,7.1,".297",".513",".351","0.864","85","88","9","9","5.50","8"
"McFarland, T.J.",519008,2024,35,"79","56.2",235,210,53,37,12,0,4,39,17,16.6,7.2,".252",".367",".316","0.683","24","28","2","4","3.81","6"
"Berríos, José",621244,2023,29,"32","189.2",782,717,173,113,33,2,25,184,52,23.5,6.6,".241",".397",".300","0.697","77","82","11","12","3.65","12"
"Jarvis, Bryce",686826,2024,26,"44","59.1",258,218,52,37,9,0,6,38,33,14.7,12.8,".239",".362",".349","0.711","21","25","1","2","3.19","2"
"Abbott, Andrew",671096,2024,25,"25","138.0",586,529,127,73,28,1,25,114,52,19.5,8.9,".240",".439",".309","0.748","57","60","10","10","3.72","10"
"Walter, Brandon",687888,2025,28,"9","53.2",212,204,46,27,8,1,10,52,4,24.5,1.9,".225",".422",".251","0.673","20","20","1","3","3.35","3"
"Rogers, Trevor",669432,2024,26,"25","124.1",562,491,140,86,37,3,14,97,56,17.3,10,".285",".458",".357","0.815","68","74","2","11","4.92","14"
"Holmes, Clay",605280,2023,30,"66","63.0",262,234,51,39,9,1,2,71,23,27.1,8.8,".218",".291",".294","0.585","20","22","4","4","2.86","2"
"Francis, Bowden",670102,2025,29,"14","64.0",288,251,71,46,5,1,19,54,27,18.8,9.4,".283",".538",".361","0.899","43","46","2","8","6.05","0"
"Gray, Sonny",543243,2023,33,"32","184.0",754,689,156,111,34,3,8,183,55,24.3,7.3,".226",".319",".288","0.607","57","59","8","8","2.79","8"
"Festa, David",701581,2025,25,"11","53.1",229,204,49,32,7,0,10,53,19,23.1,8.3,".240",".422",".316","0.738","32","35","3","4","5.40","5"
"Gore, MacKenzie",669022,2025,26,"30","159.2",679,602,152,103,28,1,20,185,63,27.2,9.3,".252",".402",".325","0.727","74","75","5","15","4.17","13"
"Bergert, Ryan",686701,2025,25,"19","76.1",323,284,61,39,13,1,8,73,35,22.6,10.8,".215",".352",".302","0.654","31","32","2","2","3.66","2"
"Singer, Brady",663903,2023,26,"29","159.2",702,634,182,113,44,5,20,133,49,18.9,7,".287",".467",".341","0.808","98","102","8","11","5.52","11"
"Flaherty, Jack",656427,2025,29,"31","161.0",681,614,147,92,31,1,23,188,59,27.6,8.7,".239",".406",".311","0.717","83","85","8","15","4.64","7"
"Swanson, Erik",657024,2023,29,"69","66.2",262,240,52,35,8,1,8,75,21,28.6,8,".217",".358",".280","0.638","22","22","4","2","2.97","8"
"Miller, Erik",669062,2024,26,"73","67.1",284,244,50,32,9,2,7,87,38,30.6,13.4,".205",".344",".313","0.657","29","33","4","5","3.88","8"
"Bednar, David",670280,2025,30,"64","62.2",251,230,46,32,8,2,4,86,19,34.3,7.6,".200",".304",".263","0.567","16","18","6","5","2.30","7"
"Heaney, Andrew",571760,2024,33,"32","160.0",693,634,159,105,30,1,23,159,41,22.9,5.9,".251",".410",".307","0.717","76","84","5","14","4.28","8"
"Wheeler, Zack",554430,2023,33,"32","192.0",787,734,168,111,35,2,20,212,39,26.9,5,".229",".364",".274","0.638","77","82","13","6","3.61","3"
"Cleavinger, Garrett",664076,2025,31,"67","61.1",243,217,40,25,5,1,9,82,18,33.7,7.4,".184",".341",".267","0.608","16","17","2","6","2.35","2"
"Buehler, Walker",621111,2025,30,"26","126.0",564,490,130,91,16,1,22,92,60,16.3,10.6,".265",".437",".357","0.794","69","73","10","7","4.93","19"
"Verlander, Justin",434378,2024,41,"17","90.1",396,358,98,67,14,2,15,74,27,18.7,6.8,".274",".450",".331","0.781","55","56","5","6","5.48","8"
"Festa, Matt",670036,2025,32,"63","54.2",226,199,44,33,6,1,4,56,15,24.8,6.6,".221",".322",".288","0.610","25","29","5","4","4.12","8"
"Pallante, Andre",669467,2024,25,"29","121.1",509,458,110,81,21,0,8,94,48,18.5,9.4,".240",".338",".315","0.653","51","55","8","8","3.78","26"
"Tonkin, Michael",543859,2024,34,"57","79.1",340,297,70,49,14,1,6,85,30,25,8.8,".236",".350",".318","0.668","32","43","4","4","3.63","8"
"Jiménez, Joe",641729,2023,28,"59","56.1",238,219,51,29,12,1,9,73,14,30.7,5.9,".233",".420",".284","0.704","19","22","0","3","3.04","8"
"Medina, Luis",665622,2023,24,"23","109.2",495,427,109,61,31,3,14,106,57,21.4,11.5,".255",".440",".352","0.792","66","73","3","10","5.42","7"
"Phillips, Tyler",663969,2025,27,"54","77.2",313,287,65,46,10,1,8,52,24,16.6,7.7,".226",".352",".291","0.643","24","26","2","1","2.78","1"
"Brieske, Beau",689225,2024,26,"46","67.2",282,246,55,36,11,3,5,69,30,24.5,10.6,".224",".354",".310","0.664","27","31","4","5","3.59","5"
"Gonzales, Marco",594835,2023,31,"10","50.0",215,195,55,36,14,0,5,34,18,15.8,8.4,".282",".431",".340","0.771","29","32","4","1","5.22","1"
"Wacha, Michael",608379,2023,31,"24","134.1",553,505,113,65,32,1,15,124,43,22.4,7.8,".224",".380",".288","0.668","48","49","14","4","3.22","4"
"Varland, Louis",686973,2025,27,"74","72.2",296,266,65,41,17,1,6,75,22,25.3,7.4,".244",".383",".304","0.687","24","27","4","3","2.97","6"
"Payamps, Joel",606303,2024,30,"68","59.0",235,212,39,21,10,1,7,59,18,25.1,7.7,".184",".340",".253","0.593","20","23","3","7","3.05","3"
"Soto, Gregory",642397,2025,30,"70","60.1",279,241,62,49,9,0,4,70,24,25.1,8.6,".257",".344",".349","0.693","28","33","1","5","4.18","12"
"Rodríguez, Randy",678495,2024,24,"35","52.1",221,196,47,31,10,2,4,53,18,24,8.1,".240",".372",".311","0.683","25","29","3","2","4.30","4"
"Brown, Ben",676962,2024,24,"15","55.1",222,197,41,27,9,0,5,64,19,28.8,8.6,".208",".330",".276","0.606","22","22","1","3","3.58","5"
"Brown, Hunter",686613,2024,25,"31","170.0",712,645,156,120,16,2,18,179,60,25.1,8.4,".242",".357",".310","0.667","66","71","11","9","3.49","20"
"Castillo, Luis",622491,2025,32,"32","180.2",745,689,168,108,34,3,23,162,46,21.7,6.2,".244",".402",".297","0.699","71","76","11","8","3.54","13"
"Neris, Héctor",593576,2024,35,"62","59.1",260,225,55,34,11,2,8,64,28,24.6,10.8,".244",".418",".331","0.749","27","31","10","5","4.10","5"
"Junis, Jakob",596001,2024,31,"24","67.0",253,241,49,28,12,1,8,51,8,20.2,3.2,".203",".361",".237","0.598","20","22","4","0","2.69","6"
"Cano, Yennier",666974,2023,29,"72","72.2",283,266,60,40,16,0,4,65,13,23,4.6,".226",".331",".270","0.601","17","19","1","4","2.11","7"
"Jax, Griffin",643377,2025,30,"73","66.0",283,257,64,44,12,1,7,99,21,35,7.4,".249",".385",".307","0.692","31","33","1","7","4.23","6"
"Ober, Bailey",641927,2024,28,"31","178.2",709,655,136,75,29,5,27,191,43,26.9,6.1,".208",".391",".261","0.652","79","81","12","9","3.98","3"
"Faucher, Calvin",676534,2024,28,"53","53.2",235,199,49,34,11,4,0,63,26,26.8,11.1,".246",".342",".339","0.681","19","25","2","3","3.19","5"
"Harvey, Hunter",640451,2024,29,"49","50.2",219,197,51,26,19,1,5,55,16,25.1,7.3,".259",".442",".330","0.772","25","28","2","4","4.44","13"
"Waldichuk, Ken",686610,2023,25,"35","141.0",639,550,149,84,39,2,24,132,71,20.7,11.1,".271",".480",".360","0.840","84","93","4","9","5.36","7"
"Kikuchi, Yusei",579328,2025,34,"33","178.1",772,689,180,120,35,1,24,174,74,22.5,9.6,".261",".419",".333","0.752","79","87","7","11","3.99","11"
"Eflin, Zach",621107,2025,31,"14","71.1",309,289,88,51,19,0,18,50,13,16.2,4.2,".304",".557",".336","0.893","47","48","6","5","5.93","2"
"Junis, Jakob",596001,2025,32,"57","66.2",274,249,64,46,11,2,5,55,18,20.1,6.6,".257",".378",".315","0.693","22","24","4","1","2.97","5"
"Snell, Blake",605483,2024,31,"20","104.0",418,373,65,45,13,1,6,145,44,34.7,10.5,".174",".263",".263","0.526","36","38","5","3","3.12","13"
"Hjelle, Sean",663546,2024,27,"58","80.2",337,314,84,64,9,1,10,75,14,22.3,4.2,".268",".398",".308","0.706","35","37","3","4","3.90","4"
"Morejon, Adrian",670970,2024,25,"60","63.2",272,246,63,40,17,2,4,71,21,26.1,7.7,".256",".390",".314","0.704","20","24","3","2","2.83","9"
"Walker, Ryan",676254,2025,29,"68","61.1",266,236,60,41,14,1,4,60,18,22.6,6.8,".254",".373",".326","0.699","28","32","5","7","4.11","0"
"Rogers, Tyler",643511,2025,34,"81","77.1",299,288,66,54,7,1,4,48,7,16.1,2.3,".229",".302",".248","0.550","17","20","4","6","1.98","5"
"López, Pablo",641154,2024,28,"32","185.1",772,715,180,121,33,0,26,198,41,25.6,5.3,".252",".407",".298","0.705","84","90","15","10","4.08","11"
"Allen, Logan",671106,2025,26,"30","156.2",676,600,157,108,31,0,18,122,62,18,9.2,".262",".403",".334","0.737","74","84","8","11","4.25","8"
"Ragans, Cole",666142,2025,27,"13","61.2",257,232,53,32,13,1,7,98,20,38.1,7.8,".228",".384",".293","0.677","32","33","3","3","4.67","3"
"Bello, Brayan",678394,2024,25,"30","162.1",702,622,157,107,31,0,19,153,64,21.8,9.1,".252",".394",".330","0.724","81","84","14","8","4.49","12"
"Ashcraft, Graham",668933,2023,25,"26","145.2",624,558,148,98,23,4,23,111,52,17.8,8.3,".265",".444",".338","0.782","77","78","7","9","4.76","10"
"Graveman, Kendall",608665,2023,32,"68","66.1",282,238,51,33,8,1,9,66,36,23.4,12.8,".214",".370",".329","0.699","23","27","5","6","3.12","5"
"Cabrera, Génesis",650893,2024,27,"69","62.2",271,235,63,42,11,0,10,50,29,18.5,10.7,".268",".443",".348","0.791","25","31","3","3","3.59","14"
"Hoffman, Jeff",656546,2023,30,"54","52.1",208,183,29,18,7,1,3,69,19,33.2,9.1,".158",".257",".244","0.501","14","16","5","2","2.41","9"
"Irvin, Jake",663623,2023,26,"24","121.0",530,462,118,79,17,2,20,99,54,18.7,10.2,".255",".431",".340","0.771","62","66","3","7","4.61","5"
"Nelson, Ryne",669194,2023,25,"29","144.0",619,559,159,88,37,10,24,96,46,15.5,7.4,".284",".515",".334","0.849","85","87","8","8","5.31","2"
"Muñoz, Andrés",662253,2024,25,"60","59.1",232,202,31,22,3,0,6,77,26,33.2,11.2,".153",".257",".259","0.516","14","16","3","7","2.12","6"
"Darvish, Yu",506433,2025,38,"15","72.0",296,269,66,36,15,1,14,68,19,23,6.4,".245",".465",".310","0.775","43","44","5","5","5.38","10"
"Neris, Héctor",593576,2023,34,"71","68.1",273,236,41,27,7,0,7,77,31,28.2,11.4,".174",".292",".277","0.569","13","16","6","3","1.71","9"
"Beck, Tristan",663941,2023,27,"33","85.0",354,330,83,58,15,0,10,68,21,19.2,5.9,".252",".388",".300","0.688","37","40","3","3","3.92","2"
"Leiter Jr., Mark",643410,2023,32,"69","64.1",269,233,48,27,12,2,7,77,24,28.6,8.9,".206",".365",".299","0.664","25","27","1","3","3.50","9"
"Rogers, Tyler",643511,2024,33,"77","70.1",290,273,67,46,14,0,7,51,6,17.6,2.1,".245",".374",".278","0.652","22","23","3","4","2.82","7"
"Williams, Trevor",592866,2023,31,"30","144.1",658,593,178,110,32,2,34,111,52,16.9,7.9,".300",".533",".358","0.891","89","97","6","10","5.55","9"
"Boyle, Joe",671212,2025,25,"13","52.0",226,195,43,25,12,0,6,58,28,25.7,12.4,".221",".374",".327","0.701","27","33","1","4","4.67","11"
"Junis, Jakob",596001,2023,30,"40","86.0",367,335,90,54,23,1,12,96,21,26.2,5.7,".269",".451",".318","0.769","37","42","4","3","3.87","5"
"Luzardo, Jesús",666200,2024,26,"12","66.2",274,248,61,39,12,1,9,58,22,21.2,8,".246",".411",".311","0.722","37","37","3","6","5.00","5"
"Beeks, Jalen",656222,2025,31,"61","57.1",231,208,42,25,11,0,6,47,20,20.3,8.7,".202",".341",".277","0.618","24","26","5","3","3.77","5"
"Coulombe, Danny",543056,2023,33,"61","51.1",210,195,45,35,6,0,4,58,12,27.6,5.7,".231",".323",".282","0.605","16","17","5","3","2.81","11"
"Lively, Ben",594902,2023,31,"19","88.2",383,355,96,60,14,2,20,79,25,20.6,6.5,".270",".490",".324","0.814","53","53","4","7","5.38","7"
"Flaherty, Jack",656427,2024,28,"28","162.0",649,605,135,88,18,5,24,194,38,29.9,5.9,".223",".388",".273","0.661","57","61","13","7","3.17","11"
"Holton, Tyler",663947,2025,29,"70","78.2",312,287,65,43,7,0,15,64,17,20.5,5.4,".226",".408",".266","0.674","32","34","6","5","3.66","3"
"Barlow, Scott",605130,2025,32,"75","68.1",303,250,50,33,8,1,8,75,45,24.8,14.9,".200",".336",".333","0.669","32","35","6","3","4.21","13"
"Spence, Mitch",687765,2025,27,"32","84.2",375,342,96,60,20,0,16,66,26,17.6,6.9,".281",".480",".337","0.817","48","57","3","6","5.10","5"
"Webb, Logan",657277,2024,27,"33","204.2",841,783,202,152,35,4,11,172,50,20.5,5.9,".258",".355",".302","0.657","79","83","13","10","3.47","21"
"Banks, Tanner",621383,2023,31,"32","61.0",255,232,59,32,13,4,10,51,16,20,6.3,".254",".474",".310","0.784","30","32","1","4","4.43","8"
"Lugo, Seth",607625,2024,34,"33","206.2",836,773,177,119,36,6,16,181,48,21.7,5.7,".229",".353",".281","0.634","69","75","16","9","3.00","5"
"Seabold, Connor",657756,2023,27,"27","87.1",408,366,116,67,27,3,19,67,28,16.4,6.9,".317",".563",".372","0.935","73","76","1","7","7.52","1"
"Faucher, Calvin",676534,2025,29,"65","60.1",255,225,53,40,4,1,8,59,24,23.1,9.4,".236",".369",".314","0.683","22","27","4","4","3.28","4"
"Peralta, Freddy",642547,2025,29,"33","176.2",723,643,124,80,23,0,21,204,66,28.2,9.1,".193",".327",".277","0.604","53","54","17","6","2.70","12"
"Zerpa, Angel",672582,2024,24,"60","53.2",240,216,59,44,8,1,6,49,20,20.4,8.3,".273",".403",".339","0.742","23","24","2","0","3.86","1"
"Hudson, Bryan",663542,2024,27,"43","62.1",231,208,28,13,7,1,7,62,17,26.8,7.4,".135",".279",".209","0.488","12","12","6","1","1.73","3"
"Irvin, Cole",608344,2024,30,"29","111.0",492,450,132,81,28,5,18,78,29,15.9,5.9,".293",".498",".340","0.838","63","71","6","6","5.11","2"
"Yamamoto, Yoshinobu",808967,2024,25,"18","90.0",368,340,78,48,21,2,7,105,22,28.5,6,".229",".365",".275","0.640","30","32","7","2","3.00","3"
"Ryan, Joe",657746,2025,29,"31","171.0",689,633,138,80,32,0,26,194,39,28.2,5.7,".218",".392",".275","0.667","65","69","13","10","3.42","21"
"Cantillo, Joey",676282,2025,25,"34","95.1",401,357,78,50,18,0,10,108,42,26.9,10.5,".218",".353",".299","0.652","34","39","5","3","3.21","4"
"Littell, Zack",641793,2023,27,"28","90.0",379,360,94,60,20,1,13,74,12,19.5,3.2,".261",".431",".291","0.722","41","43","3","6","4.10","1"
"Domínguez, Seranthony",622554,2023,28,"57","50.0",224,195,48,37,4,0,7,48,22,21.4,9.8,".246",".374",".339","0.713","21","25","5","5","3.78","4"
"Morton, Charlie",450203,2025,41,"33","142.0",654,557,152,95,31,3,23,149,72,22.8,11,".273",".463",".367","0.830","92","94","9","11","5.83","10"
"Pérez, Martín",527048,2024,33,"26","135.0",590,533,151,101,28,0,22,107,49,18.1,8.3,".283",".460",".349","0.809","68","71","5","6","4.53","4"
"Puk, A.J.",640462,2024,29,"62","71.1",294,262,51,28,17,1,5,88,28,29.9,9.5,".195",".324",".276","0.600","25","31","4","9","3.15","5"
"Kikuchi, Yusei",579328,2023,32,"32","167.2",700,646,165,110,27,1,27,181,48,25.9,6.9,".255",".426",".311","0.737","72","78","11","6","3.86","14"
"Gaddis, Hunter",683769,2024,26,"78","74.2",278,259,43,23,14,2,4,66,14,23.7,5,".166",".282",".219","0.501","13","16","6","3","1.57","1"
"Shuster, Jared",694363,2023,24,"11","52.2",230,201,53,34,10,2,7,30,26,13,11.3,".264",".438",".348","0.786","34","34","4","3","5.81","9"
"Soto, Gregory",642397,2023,28,"69","60.1",250,224,47,31,10,0,6,65,22,26,8.8,".210",".335",".284","0.619","31","34","3","4","4.62","2"
"Martinez, Seth",661527,2024,29,"44","52.2",222,199,49,29,12,1,7,36,18,16.2,8.1,".246",".422",".321","0.743","21","24","3","2","3.59","4"
"Ureña, José",570632,2024,32,"33","109.0",463,414,105,72,19,1,13,70,39,15.1,8.4,".254",".399",".321","0.720","46","51","5","8","3.80","10"
"Bednar, David",670280,2023,28,"66","67.1",277,247,53,36,12,2,3,80,21,28.9,7.6,".215",".316",".281","0.597","15","22","3","3","2.00","1"
"King, Michael",650633,2025,30,"15","73.1",308,277,62,38,12,0,12,76,26,24.7,8.4,".224",".397",".299","0.696","28","31","5","3","3.44","0"
"Mejia, Juan",675848,2025,24,"55","61.1",261,226,52,31,13,2,6,68,25,26.1,9.6,".230",".385",".319","0.704","27","34","2","2","3.96","2"
"Estévez, Carlos",608032,2024,31,"54","55.0",212,198,38,26,5,2,5,50,12,23.6,5.7,".192",".313",".241","0.554","15","18","4","5","2.45","3"
"Lee, Dylan",669276,2024,29,"52","59.2",240,221,49,30,11,1,7,76,17,31.7,7.1,".222",".376",".276","0.652","14","19","4","2","2.11","1"
"Luzardo, Jesús",666200,2023,25,"32","178.2",741,677,162,94,43,3,22,208,55,28.1,7.4,".239",".409",".301","0.710","71","79","10","10","3.58","11"
"Ashcraft, Graham",668933,2024,26,"15","77.1",350,316,89,63,15,0,11,57,27,16.3,7.7,".282",".434",".349","0.783","45","50","5","5","5.24","4"
"Kerkering, Orion",689147,2024,23,"64","63.0",257,229,51,37,12,0,2,74,17,28.8,6.6,".223",".301",".297","0.598","16","20","5","3","2.29","6"
"Schmidt, Clarke",657376,2023,27,"33","159.0",694,630,169,103,41,1,24,149,46,21.5,6.6,".268",".451",".326","0.777","82","91","9","9","4.64","8"
"Buehler, Walker",621111,2024,29,"16","75.1",344,308,89,56,15,2,16,64,28,18.6,8.1,".289",".506",".356","0.862","45","52","1","6","5.38","12"
"Lange, Alex",656638,2023,27,"67","66.0",288,232,43,25,12,0,6,79,45,27.4,15.6,".185",".315",".328","0.643","27","30","7","5","3.68","7"
"Nelson, Ryne",669194,2024,26,"28","150.2",630,583,155,93,36,9,17,126,34,20,5.4,".266",".446",".308","0.754","71","73","10","6","4.24","2"
"Corbin, Patrick",571578,2024,34,"32","174.2",764,697,208,134,42,7,25,139,54,18.2,7.1,".298",".486",".348","0.834","109","114","6","13","5.62","24"
"Puk, A.J.",640462,2023,28,"58","56.2",242,224,54,34,10,0,10,78,13,32.2,5.4,".241",".420",".286","0.706","25","29","7","5","3.97","8"
"Harris, Hogan",663687,2025,28,"48","64.2",277,239,54,37,12,0,5,65,33,23.5,11.9,".226",".339",".319","0.658","23","26","2","1","3.20","8"
"Pagán, Emilio",641941,2023,32,"66","69.1",273,248,45,26,12,2,5,65,21,23.8,7.7,".181",".306",".246","0.552","23","26","5","2","2.99","2"
"Wilson, Steven",621051,2025,30,"59","55.1",241,209,50,36,7,0,7,51,22,21.2,9.1,".239",".373",".311","0.684","21","21","2","2","3.42","8"
"Cannon, Jonathan",686563,2025,24,"22","103.2",466,417,116,68,25,4,19,86,38,18.5,8.2,".278",".494",".344","0.838","67","69","4","10","5.82","12"
"Irvin, Jake",663623,2024,27,"33","187.2",769,710,173,103,38,3,29,156,52,20.3,6.8,".244",".428",".299","0.727","92","97","10","14","4.41","5"
"Santos, Gregory",666619,2023,23,"60","66.1",289,267,69,58,8,1,2,66,17,22.8,5.9,".258",".318",".315","0.633","25","29","2","2","3.39","10"
"Pagán, Emilio",641941,2025,34,"70","68.2",270,244,41,20,11,0,10,81,22,30,8.1,".168",".336",".241","0.577","22","26","2","4","2.88","3"
"Bachar, Lake",669199,2025,30,"53","71.0",296,258,55,33,9,3,10,75,30,25.3,10.1,".213",".388",".298","0.686","31","34","8","2","3.93","4"
"Taillon, Jameson",592791,2024,32,"28","165.1",675,633,154,107,24,2,21,125,33,18.5,4.9,".243",".387",".280","0.667","60","67","12","8","3.27","14"
"Lawrence, Justin",664875,2023,28,"69","75.0",326,277,65,45,12,3,5,78,36,23.9,11,".235",".354",".334","0.688","31","37","4","7","3.72","8"
"Kremer, Dean",665152,2024,28,"24","129.2",553,493,110,73,19,0,18,123,51,22.2,9.2,".223",".371",".297","0.668","59","72","8","10","4.10","6"
"Bido, Osvaldo",674370,2025,29,"26","79.2",363,313,93,57,16,1,19,68,35,18.7,9.6,".297",".537",".370","0.907","52","56","2","5","5.87","13"
"Beck, Tristan",663941,2025,29,"31","56.2",232,211,47,30,8,2,7,41,16,17.7,6.9,".223",".379",".280","0.659","29","29","1","0","4.61","3"
"Winckowski, Josh",670174,2024,26,"40","76.0",336,298,81,56,15,0,10,60,26,17.9,7.7,".272",".423",".334","0.757","35","44","4","2","4.14","4"
"Suarez, Ranger",624133,2025,29,"26","157.1",651,602,154,113,25,2,14,151,38,23.2,5.8,".256",".374",".305","0.679","56","57","12","8","3.20","6"
"Scherzer, Max",453286,2023,38,"27","152.2",621,570,126,76,22,0,28,174,45,28,7.2,".221",".407",".282","0.689","64","65","13","6","3.77","9"
"Finnegan, Kyle",640448,2024,32,"65","63.2",271,245,61,45,4,3,9,60,24,22.1,8.9,".249",".400",".315","0.715","26","31","3","8","3.68","8"
"Maton, Phil",664208,2023,30,"68","66.0",274,237,49,31,12,0,6,74,25,27,9.1,".207",".333",".304","0.637","22","27","4","3","3.00","3"
"Oviedo, Johan",670912,2023,25,"32","177.2",781,678,161,96,41,5,19,158,83,20.2,10.6,".237",".397",".330","0.727","85","91","9","14","4.31","9"
"Ferguson, Tyler",621053,2025,31,"56","58.0",246,201,43,31,5,3,4,54,34,22,13.8,".214",".328",".332","0.660","30","32","4","2","4.66","6"
"Wesneski, Hayden",669713,2023,25,"34","89.1",379,339,82,49,12,1,20,83,32,21.9,8.4,".242",".460",".311","0.771","46","50","3","5","4.63","2"
"Cleavinger, Garrett",664076,2024,30,"68","60.0",266,225,52,41,3,2,6,71,31,26.7,11.7,".231",".342",".338","0.680","25","29","7","5","3.75","14"
"Svanson, Matt",694335,2025,26,"39","60.1",234,206,33,23,5,2,3,68,20,29.1,8.5,".160",".248",".244","0.492","13","14","4","0","1.94","1"
"Assad, Javier",665871,2023,25,"32","109.1",449,402,93,59,18,3,13,94,41,20.9,9.1,".231",".388",".306","0.694","37","38","5","3","3.05","8"
"Hendricks, Kyle",543294,2023,33,"24","137.0",578,542,138,92,30,3,13,93,27,16.1,4.7,".255",".393",".293","0.686","57","68","6","8","3.74","23"
"Ferguson, Caleb",657571,2025,28,"70","65.1",270,236,54,41,11,0,2,51,22,18.9,8.1,".229",".301",".307","0.608","26","27","5","4","3.58","10"
"Weissert, Greg",669711,2024,29,"62","63.1",263,237,65,49,9,0,7,58,20,22.1,7.6,".274",".401",".324","0.725","22","32","4","2","3.13","5"
"Olson, Reese",681857,2024,24,"22","112.1",465,421,100,70,21,2,7,101,33,21.7,7.1,".238",".347",".295","0.642","44","51","4","8","3.53","9"
"Erceg, Lucas",668674,2023,28,"50","55.0",251,208,51,31,18,1,1,68,36,27.1,14.3,".245",".356",".371","0.727","29","33","4","4","4.75","0"
"Woo, Bryan",693433,2024,24,"22","121.1",472,454,96,67,15,0,14,101,13,21.4,2.8,".211",".337",".237","0.574","39","41","9","3","2.89","4"
"Quantrill, Cal",615698,2024,29,"29","148.1",656,571,156,101,26,6,23,110,69,16.8,10.5,".273",".461",".361","0.822","82","83","8","11","4.98","14"
"France, J.P.",641585,2023,28,"24","136.1",581,524,138,98,20,1,19,101,47,17.4,8.1,".263",".414",".322","0.736","58","64","11","6","3.83","9"
"Whitlock, Garrett",676477,2025,29,"62","72.0",293,262,54,44,8,0,2,91,24,31.1,8.2,".206",".260",".283","0.543","18","21","7","3","2.25","7"
"Contreras, Roansy",672710,2024,24,"49","68.1",298,259,63,38,14,0,11,56,31,18.8,10.4,".243",".425",".330","0.755","33","36","2","4","4.35","10"
"Steele, Justin",657006,2024,28,"24","134.2",555,506,111,76,23,0,12,135,37,24.3,6.7,".219",".336",".276","0.612","46","54","5","5","3.07","9"
"Strider, Spencer",675911,2023,24,"32","186.2",763,696,146,92,29,3,22,281,58,36.8,7.6,".210",".355",".279","0.634","80","85","20","5","3.86","19"
"Vargas, Carlos",672841,2025,25,"70","77.0",331,297,81,58,12,1,10,54,23,16.3,6.9,".273",".421",".337","0.758","34","39","5","5","3.97","6"
"Nelson, Ryne",669194,2025,27,"33","154.0",619,572,124,73,25,9,17,132,41,21.3,6.6,".217",".381",".273","0.654","58","62","7","3","3.39","1"
"Ashcraft, Braxton",677952,2025,25,"26","69.2",292,264,63,43,16,1,3,71,24,24.3,8.2,".239",".341",".306","0.647","21","22","4","4","2.71","5"
"Stanek, Ryne",592773,2025,33,"65","56.0",255,221,56,38,10,1,7,58,32,22.7,12.5,".253",".403",".345","0.748","33","39","4","6","5.30","1"
"Gray, Jon",592351,2023,31,"29","157.1",656,582,149,110,16,1,22,142,54,21.6,8.2,".256",".400",".325","0.725","72","75","9","8","4.12","12"
"Abreu, Bryan",650556,2023,26,"72","72.0",287,248,44,29,9,0,6,100,31,34.8,10.8,".177",".286",".274","0.560","14","17","3","2","1.75","4"
"Severino, Luis",622663,2025,31,"29","162.2",705,630,162,111,35,0,16,124,50,17.6,7.1,".257",".389",".324","0.713","82","93","8","11","4.54","10"
"Crawford, Kutter",676710,2024,28,"33","183.2",759,695,155,89,30,2,34,175,51,23.1,6.7,".223",".419",".284","0.703","89","97","9","16","4.36","7"
"Ottavino, Adam",493603,2023,37,"66","61.2",261,221,46,31,8,0,7,62,29,23.8,11.1,".208",".339",".320","0.659","22","24","1","7","3.21","22"
"Liberatore, Matthew",669461,2023,23,"22","61.2",275,241,66,37,22,2,5,46,25,16.7,9.1,".274",".444",".349","0.793","36","42","3","6","5.25","6"
"García, Yimi",554340,2023,32,"73","66.0",282,257,67,47,11,1,8,79,15,28,5.3,".261",".405",".315","0.720","30","35","3","4","4.09","6"
"Scherzer, Max",453286,2025,40,"17","85.0",358,332,87,47,21,0,19,82,23,22.9,6.4,".262",".497",".313","0.810","49","49","5","5","5.19","7"
"Yarbrough, Ryan",642232,2025,33,"19","64.0",264,242,58,37,7,1,13,55,19,20.8,7.2,".240",".438",".299","0.737","31","31","3","1","4.36","7"
"Doval, Camilo",666808,2025,27,"69","65.1",278,238,51,38,9,0,4,72,35,25.9,12.6,".214",".303",".321","0.624","26","34","4","3","3.58","11"
"Hill, Tim",657612,2024,34,"62","67.0",291,266,77,68,7,0,2,31,19,10.7,6.5,".289",".338",".338","0.676","25","32","4","0","3.36","3"
"Wilson, Bryse",669060,2023,25,"53","76.2",314,284,60,33,16,2,9,61,22,19.4,7,".211",".377",".271","0.648","22","26","6","0","2.58","4"
"Taillon, Jameson",592791,2023,31,"30","154.1",655,604,156,100,28,1,27,140,41,21.4,6.3,".258",".442",".308","0.750","83","96","8","10","4.84","13"
"Matthews, Zebby",805673,2025,25,"16","79.1",354,323,94,67,15,0,12,88,24,24.9,6.8,".291",".449",".335","0.784","49","50","5","6","5.56","5"
"Herz, DJ",687792,2024,23,"19","88.2",382,340,76,53,11,1,11,106,36,27.7,9.4,".224",".359",".303","0.662","41","45","4","9","4.16","2"
"Skubal, Tarik",669373,2023,26,"15","80.1",310,292,58,40,11,3,4,102,14,32.9,4.5,".199",".298",".242","0.540","25","28","7","3","2.80","4"
"Martin, Davis",663436,2025,28,"26","142.2",601,541,136,84,29,3,20,104,48,17.3,8,".251",".427",".317","0.744","65","74","7","10","4.10","14"
"Cole, Gerrit",543037,2024,33,"17","95.0",390,355,78,52,14,1,11,99,29,25.4,7.4,".220",".358",".290","0.648","36","38","8","5","3.41","15"
"Cruz, Fernando",518585,2024,34,"69","66.2",288,250,54,30,14,1,9,109,35,37.8,12.2,".216",".388",".314","0.702","36","36","3","8","4.86","11"
"Gausman, Kevin",592332,2023,32,"31","185.0",763,700,163,100,43,1,19,237,55,31.1,7.2,".233",".379",".291","0.670","65","72","12","9","3.16","21"
"Montero, Keider",672456,2024,23,"19","98.1",412,378,100,65,14,2,19,77,31,18.7,7.5,".265",".463",".325","0.788","52","54","6","6","4.76","6"
"Gilbert, Tyler",656457,2025,31,"46","51.0",215,186,40,24,11,0,5,49,24,22.8,11.2,".215",".355",".310","0.665","22","24","4","2","3.88","8"
"Ferrer, Jose A.",678606,2025,25,"72","76.1",324,294,81,62,12,2,5,71,16,21.9,4.9,".276",".381",".326","0.707","38","41","4","4","4.48","3"
"Wood, Alex",622072,2023,32,"29","97.2",429,373,98,61,24,4,9,74,42,17.2,9.8,".263",".421",".347","0.768","47","52","5","5","4.33","4"
"Hicks, Jordan",663855,2024,27,"29","109.2",481,423,112,75,23,2,12,96,47,20,9.8,".265",".414",".349","0.763","50","54","4","7","4.10","11"
"Miller, Bobby",676272,2024,25,"13","56.0",258,226,69,44,7,1,17,52,30,20.2,11.6,".305",".571",".391","0.962","53","53","2","4","8.52","5"
"Nicolas, Kyle",693312,2024,25,"51","54.2",244,205,51,40,7,0,4,55,32,22.5,13.1,".249",".341",".357","0.698","24","30","2","2","3.95","0"
"Woo, Bryan",693433,2023,23,"18","87.2",371,331,75,48,12,2,13,93,31,25.1,8.4,".227",".393",".305","0.698","41","44","4","5","4.21","8"
"Lynch IV, Daniel",663738,2025,28,"57","67.2",289,254,66,46,12,0,8,45,26,15.6,9,".260",".402",".341","0.743","23","24","6","2","3.06","0"
"Banda, Anthony",607455,2025,31,"71","65.0",269,229,45,26,10,1,8,61,35,22.7,13,".197",".354",".305","0.659","23","23","5","1","3.18","9"
"Strahm, Matt",621381,2024,32,"66","62.2",237,217,36,20,12,0,4,79,11,33.3,4.6,".166",".276",".224","0.500","13","14","6","2","1.87","2"
"Díaz, Edwin",621242,2024,30,"54","53.2",216,192,36,24,4,1,7,84,20,38.9,9.3,".188",".328",".273","0.601","21","23","6","4","3.52","22"
"Falter, Bailey",663559,2024,27,"28","142.1",589,531,138,86,34,1,17,97,45,16.5,7.6,".260",".424",".315","0.739","70","72","8","9","4.43","18"
"Thornton, Trent",663423,2024,30,"71","72.1",294,265,63,38,16,1,8,77,19,26.2,6.5,".238",".396",".299","0.695","29","32","4","3","3.61","7"
"Fleming, Josh",676596,2023,27,"12","51.2",221,199,56,38,8,1,9,25,19,11.3,8.6,".281",".467",".339","0.806","27","29","2","0","4.70","1"
"Parker, Mitchell",680730,2024,24,"29","151.0",646,595,154,103,31,2,18,133,43,20.6,6.7,".259",".408",".309","0.717","72","82","7","10","4.29","4"
"Mikolas, Miles",571945,2025,36,"31","156.1",669,622,169,94,42,4,29,100,37,14.9,5.5,".272",".492",".313","0.805","84","87","8","11","4.84","12"
"Bernardino, Brennan",657514,2025,33,"55","51.2",225,190,39,30,8,0,1,43,27,19.1,12,".205",".263",".309","0.572","18","23","4","3","3.14","4"
"Mikolas, Miles",571945,2023,34,"35","201.1",860,802,226,145,50,5,26,137,39,15.9,4.5,".282",".454",".319","0.773","107","110","9","13","4.78","12"
"Soriano, José",667755,2024,25,"22","113.0",468,407,91,65,17,1,8,97,45,20.7,9.6,".224",".329",".311","0.640","43","50","6","7","3.42","2"
"Kimbrel, Craig",518886,2024,36,"57","52.1",232,192,40,25,7,1,7,73,31,31.5,13.4,".208",".365",".329","0.694","31","35","7","5","5.33","15"
"Roupp, Landen",694738,2024,25,"23","50.1",217,190,43,28,13,0,2,47,26,21.7,12,".226",".326",".323","0.649","20","21","1","2","3.58","3"
"Garrett, Braxton",666129,2023,25,"31","159.2",659,617,154,93,37,4,20,156,29,23.7,4.4,".250",".420",".294","0.714","65","68","9","7","3.66","14"
"Henriquez, Ronny",678692,2025,25,"69","73.0",303,267,53,33,12,0,8,98,27,32.3,8.9,".199",".333",".278","0.611","18","23","7","1","2.22","17"
"Schwellenbach, Spencer",680885,2024,24,"21","123.2",500,468,106,61,27,4,14,127,23,25.4,4.6,".226",".391",".271","0.662","46","49","8","7","3.35","4"
"Kahnle, Tommy",592454,2025,35,"66","63.0",267,235,51,33,8,2,8,50,31,18.7,11.6,".217",".370",".311","0.681","31","32","1","5","4.43","0"
"Doval, Camilo",666808,2024,26,"62","59.0",271,224,54,32,15,2,5,78,39,28.8,14.4,".241",".393",".353","0.746","32","35","5","3","4.88","12"
"Luzardo, Jesús",666200,2025,27,"32","183.2",758,696,167,118,33,0,16,216,57,28.5,7.5,".240",".356",".299","0.655","80","85","15","7","3.92","22"
"Lee, Dylan",669276,2025,30,"74","68.1",266,249,53,33,7,0,13,76,14,28.6,5.3,".213",".398",".254","0.652","25","27","2","4","3.29","2"
"Stephan, Trevor",663986,2023,27,"71","68.2",294,257,63,39,17,1,6,75,26,25.5,8.8,".245",".389",".323","0.712","31","35","7","7","4.06","13"
"Bradford, Cody",674003,2024,26,"14","76.1",308,293,64,41,9,4,10,70,13,22.7,4.2,".218",".379",".253","0.632","30","32","6","3","3.54","8"
"Alzolay, Adbert",640470,2023,28,"58","64.0",253,231,52,38,8,1,5,67,13,26.5,5.1,".225",".333",".278","0.611","19","23","2","5","2.67","6"
"Herget, Jimmy",623474,2025,31,"59","83.1",347,309,72,50,15,1,6,81,26,23.3,7.5,".233",".346",".303","0.649","23","24","1","2","2.48","6"
"Kirby, George",669923,2025,27,"23","126.0",524,480,121,85,20,1,15,137,29,26.1,5.5,".252",".392",".300","0.692","59","60","10","8","4.21","9"
"Barnes, Jacob",606930,2024,34,"63","66.0",277,252,67,43,13,1,10,55,20,19.9,7.2,".266",".444",".314","0.758","32","36","8","3","4.36","7"
"Winn, Keaton",676775,2024,26,"12","55.1",238,209,56,32,10,5,9,48,20,20.2,8.4,".268",".493",".338","0.831","44","44","3","8","7.16","7"
"Rodriguez, Eduardo",593958,2023,30,"26","152.2",621,563,128,86,25,2,15,143,48,23,7.7,".227",".359",".289","0.648","56","59","13","9","3.30","10"
"Martinez, Nick",607259,2023,32,"63","110.1",461,413,99,76,11,0,12,106,40,23,8.7,".240",".354",".311","0.665","42","45","6","4","3.43","12"
"Vest, Will",676684,2024,29,"69","70.1",289,261,61,48,9,1,3,63,18,21.8,6.2,".234",".310",".285","0.595","22","23","3","4","2.82","3"
"Kelly, Zack",677161,2024,29,"49","56.2",241,212,44,26,8,0,10,61,27,25.3,11.2,".208",".387",".303","0.690","25","31","6","3","3.97","6"
"Chivilli, Angel",683409,2025,22,"43","58.2",275,246,76,51,12,0,13,43,23,15.6,8.4,".309",".516",".382","0.898","46","49","1","5","7.06","4"
"Sears, JP",676664,2025,29,"27","135.2",583,534,143,76,36,1,30,117,36,20.1,6.2,".268",".507",".319","0.826","76","79","9","11","5.04","4"
"Kinley, Tyler",641755,2024,33,"67","64.0",285,246,61,34,14,2,11,72,33,25.3,11.6,".248",".455",".338","0.793","44","44","6","1","6.19","11"
"Kittredge, Andrew",552640,2025,35,"54","53.0",208,194,41,26,6,2,7,64,11,30.8,5.3,".211",".371",".251","0.622","20","22","4","3","3.40","8"
"Dollander, Chase",801403,2025,23,"21","98.0",441,381,103,70,14,1,18,82,49,18.6,11.1,".270",".454",".359","0.813","71","76","2","12","6.52","17"
"Brash, Matt",666374,2023,25,"78","70.2",308,269,65,51,9,2,3,107,29,34.7,9.4,".242",".323",".325","0.648","24","26","9","4","3.06","5"
"Voth, Austin",608723,2024,32,"68","61.0",248,226,46,28,8,1,9,61,18,24.6,7.3,".204",".367",".271","0.638","25","31","2","5","3.69","5"
"McHugh, Collin",543521,2023,36,"41","58.2",268,239,70,55,10,0,5,47,22,17.5,8.2,".293",".397",".362","0.759","28","34","4","1","4.30","3"
"López, Reynaldo",625643,2023,29,"68","66.0",278,241,50,36,5,1,8,83,34,29.9,12.2,".207",".336",".307","0.643","24","25","3","7","3.27","7"
"Hoffman, Jeff",656546,2024,31,"68","66.1",265,244,48,31,9,2,6,89,16,33.6,6,".197",".324",".253","0.577","16","20","3","3","2.17","3"
"López, Jorge",605347,2024,31,"52","53.0",216,196,46,31,9,0,6,50,18,23.1,8.3,".235",".372",".306","0.678","17","19","2","3","2.89","6"
"Martinez, Nick",607259,2024,33,"42","142.1",570,539,128,81,32,2,13,116,18,20.4,3.2,".237",".377",".267","0.644","49","56","10","7","3.10","10"
"Sterner, Justin",686993,2025,28,"59","65.0",266,234,47,32,5,0,10,70,21,26.3,7.9,".201",".350",".283","0.633","23","24","4","3","3.18","14"
"Hanifee, Brenan",669724,2025,27,"54","60.0",260,243,65,46,14,2,3,40,14,15.4,5.4,".267",".379",".312","0.691","20","31","3","3","3.00","5"
"Maeda, Kenta",628317,2024,36,"29","112.1",485,442,124,76,25,1,22,96,31,19.8,6.4,".281",".491",".331","0.822","76","80","3","7","6.09","11"
"Englert, Mason",669438,2023,23,"31","56.0",253,230,67,39,14,2,12,41,17,16.2,6.7,".291",".526",".343","0.869","34","39","4","3","5.46","7"
"Henry, Cole",669371,2025,25,"57","52.2",241,196,43,28,8,0,7,52,32,21.6,13.3,".219",".367",".358","0.725","25","27","1","2","4.27","10"
"Gilbert, Logan",669302,2023,26,"32","190.2",770,724,169,102,36,2,29,189,36,24.5,4.7,".233",".409",".270","0.679","79","82","13","7","3.73","14"
"Olson, Reese",681857,2023,23,"21","103.2",422,386,83,53,13,3,14,103,33,24.4,7.8,".215",".373",".277","0.650","46","49","5","7","3.99","4"
"Rutledge, Jackson",671131,2025,26,"63","73.1",331,293,87,56,14,1,16,65,25,19.6,7.6,".297",".515",".361","0.876","47","49","4","2","5.77","5"
"Gordon, Colton",676467,2025,26,"20","86.0",379,352,103,58,23,1,21,72,19,19,5,".293",".543",".329","0.872","51","54","6","4","5.34","3"
"Lively, Ben",594902,2024,32,"29","151.0",632,577,139,86,26,4,23,118,49,18.7,7.8,".241",".419",".305","0.724","64","67","13","10","3.81","12"
"Miller, Mason",695243,2025,26,"60","61.2",234,202,28,18,3,2,5,104,28,44.4,12,".139",".248",".246","0.494","18","19","1","2","2.63","4"
"Cole, Gerrit",543037,2023,32,"33","209.0",821,761,157,110,26,1,20,222,48,27,5.8,".206",".322",".259","0.581","61","64","15","4","2.63","7"
"Greene, Hunter",668881,2025,25,"19","107.2",420,391,75,37,22,1,15,132,26,31.4,6.2,".192",".368",".246","0.614","33","35","7","4","2.76","9"
"Foley, Jason",671345,2024,28,"69","60.0",250,224,51,37,8,1,5,46,20,18.4,8,".228",".339",".293","0.632","21","28","3","6","3.15","9"
"Bird, Jake",656234,2025,29,"48","55.1",248,217,60,40,12,1,7,66,25,26.6,10.1,".276",".438",".355","0.793","34","37","4","2","5.53","2"
"Morgan, Eli",669212,2023,27,"61","67.1",299,273,73,52,11,1,9,75,24,25.1,8,".267",".414",".328","0.742","30","37","5","2","4.01","11"
"Clase, Emmanuel",661403,2024,26,"74","74.1",270,253,39,31,6,0,2,66,10,24.4,3.7,".154",".202",".190","0.392","5","10","4","2","0.61","1"
"Johnson, Pierce",572955,2025,34,"65","59.0",238,215,52,35,8,1,8,59,19,24.8,8,".242",".400",".303","0.703","20","21","3","3","3.05","8"
"Uribe, Abner",682842,2025,25,"75","75.1",298,263,51,43,4,0,4,90,27,30.2,9.1,".194",".255",".284","0.539","14","18","3","2","1.67","0"
"Clevinger, Mike",605182,2023,32,"24","131.1",549,496,121,75,27,3,16,110,40,20,7.3,".244",".407",".310","0.717","55","56","9","9","3.77","27"
"Sandlin, Nick",680704,2023,26,"61","60.0",239,209,38,19,7,0,12,66,24,27.6,10,".182",".388",".270","0.658","25","28","5","5","3.75","7"
"Skenes, Paul",694973,2024,22,"23","133.0",514,475,94,69,14,1,10,170,32,33.1,6.2,".198",".295",".257","0.552","29","31","11","3","1.96","6"
"Anderson, Chase",502624,2023,35,"19","86.1",372,329,90,60,11,2,17,64,33,17.2,8.9,".274",".474",".350","0.824","52","53","1","6","5.42","4"
"Cano, Yennier",666974,2024,30,"70","60.0",249,223,54,38,9,1,6,65,24,26.1,9.6,".242",".372",".317","0.689","21","24","4","3","3.15","7"
"Springs, Jeffrey",605488,2025,32,"32","171.0",713,647,153,89,36,0,28,138,54,19.4,7.6,".236",".422",".295","0.717","78","90","11","11","4.11","20"
"Muñoz, Roddery",682610,2024,24,"18","82.2",379,327,89,44,17,2,26,70,42,18.5,11.1,".272",".575",".359","0.934","60","66","2","7","6.53","6"
"Lodolo, Nick",666157,2025,27,"29","156.2",642,592,138,92,23,1,22,156,31,24.3,4.8,".233",".387",".285","0.672","58","60","9","8","3.33","14"
"Abreu, Bryan",650556,2024,27,"78","78.1",325,285,59,39,10,1,9,103,32,31.7,9.8,".207",".344",".299","0.643","27","27","3","3","3.10","13"
"Bido, Osvaldo",674370,2024,28,"16","63.1",259,224,43,28,12,0,3,63,26,24.3,10,".192",".286",".295","0.581","24","25","5","3","3.41","6"
"Slaten, Justin",686580,2024,26,"44","55.1",224,211,47,36,6,1,4,58,9,25.9,4,".223",".318",".259","0.577","18","21","6","2","2.93","2"
"Peralta, Wandy",593974,2023,31,"63","54.0",227,189,36,26,2,1,7,51,30,22.5,13.2,".190",".323",".319","0.642","17","19","4","2","2.83","1"
"Cameron, Noah",702070,2025,25,"24","138.1",556,509,109,72,17,2,18,114,43,20.5,7.7,".214",".361",".279","0.640","46","46","9","7","2.99","2"
"Iglesias, Raisel",628452,2024,34,"66","69.1",259,238,38,27,5,2,4,68,13,26.3,5,".160",".248",".211","0.459","15","19","6","2","1.95","2"
"Syndergaard, Noah",592789,2023,30,"18","88.2",391,358,104,62,17,3,22,56,19,14.3,4.9,".291",".539",".340","0.879","64","65","2","6","6.50","34"
"Stanek, Ryne",592773,2023,31,"55","50.2",213,190,42,26,8,0,8,51,21,23.9,9.9,".221",".389",".300","0.689","23","24","3","1","4.09","2"
"Sánchez, Cristopher",650911,2025,28,"32","202.0",807,754,171,124,35,0,12,212,44,26.3,5.5,".227",".321",".275","0.596","56","58","13","5","2.50","10"
"Miley, Wade",489119,2023,36,"23","120.1",490,443,99,60,22,1,16,79,38,16.1,7.8,".223",".386",".287","0.673","42","44","9","4","3.14","2"
"Peterson, David",656849,2025,29,"30","168.2",723,643,166,118,35,2,11,150,65,20.7,9,".258",".370",".331","0.701","79","84","9","6","4.22","4"
"Burnes, Corbin",669203,2025,30,"11","64.1",265,233,49,29,13,0,7,63,26,23.8,9.8,".210",".356",".297","0.653","19","23","3","2","2.66","2"
"Ruiz, José",614179,2024,29,"52","51.0",217,196,51,35,8,0,8,52,17,24,7.8,".260",".423",".318","0.741","21","23","5","1","3.71","1"
"Martinez, Nick",607259,2025,34,"40","165.2",683,621,158,91,44,1,22,116,42,17,6.1,".254",".435",".304","0.739","82","86","11","14","4.45","12"
"Germán, Domingo",593334,2023,30,"20","108.2",444,401,83,42,19,2,20,114,34,25.7,7.7,".207",".414",".277","0.691","55","61","5","7","4.56","12"
"Phillips, Evan",623465,2023,28,"62","61.1",234,215,38,24,7,1,6,66,13,28.2,5.6,".177",".302",".233","0.535","14","19","2","4","2.05","3"
"Ross, Joe",605452,2024,31,"25","74.0",321,287,72,55,10,0,7,66,29,20.6,9,".251",".359",".319","0.678","31","35","3","6","3.77","2"
"Wainwright, Adam",425794,2023,41,"21","101.0",484,438,151,93,36,2,20,55,41,11.4,8.5,".345",".573",".400","0.973","83","89","5","11","7.40","4"
"Montgomery, Jordan",656756,2023,30,"32","188.2",777,718,177,111,45,3,18,166,48,21.4,6.2,".247",".393",".295","0.688","67","75","10","11","3.20","14"
"Liberatore, Matthew",669461,2024,24,"60","86.0",358,323,81,50,20,0,11,76,28,21.2,7.8,".251",".415",".312","0.727","42","44","3","4","4.40","7"
"Pallante, Andre",669467,2023,24,"62","68.0",302,266,76,54,16,0,6,43,30,14.2,9.9,".286",".414",".362","0.776","36","37","4","1","4.76","15"
"Law, Derek",571882,2024,33,"75","90.0",365,333,82,63,11,1,7,76,24,20.8,6.6,".246",".348",".294","0.642","26","31","7","4","2.60","7"
"Vodnik, Victor",680767,2024,24,"64","73.2",320,280,72,55,6,4,7,65,37,20.3,11.6,".257",".382",".345","0.727","35","37","5","4","4.28","3"
"Boyd, Matthew",571510,2025,34,"31","179.2",718,656,154,107,25,3,19,154,42,21.4,5.8,".235",".369",".288","0.657","64","69","14","8","3.21","5"
"Thompson, Zack",668868,2023,25,"25","66.1",287,256,69,46,15,0,8,72,25,25.1,8.7,".270",".422",".336","0.758","33","35","5","7","4.48","2"
"Armstrong, Shawn",542888,2024,33,"57","66.2",295,266,77,52,17,2,6,66,25,22.4,8.5,".289",".436",".354","0.790","36","38","3","3","4.86","9"
"Okert, Steven",595345,2023,31,"64","58.2",247,218,50,26,14,1,9,73,24,29.6,9.7,".229",".427",".310","0.737","29","31","3","2","4.45","9"
"Dreyer, Jack",676263,2025,26,"67","76.1",307,276,56,36,14,2,4,74,24,24.1,7.8,".203",".312",".263","0.575","25","26","3","2","2.95","5"
"Walker, Taijuan",592836,2024,31,"19","83.2",381,338,107,63,20,0,24,58,37,15.2,9.7,".317",".589",".386","0.975","66","68","3","7","7.10","6"
"Rodriguez, Eduardo",593958,2024,31,"10","50.0",224,202,56,33,14,1,8,47,19,21,8.5,".277",".475",".341","0.816","28","29","3","4","5.04","2"
"Thompson, Ryan",657044,2024,32,"67","66.1",272,252,64,47,8,4,5,52,15,19.1,5.5,".254",".377",".296","0.673","24","26","7","5","3.26","17"
"Soriano, George",666277,2023,24,"26","52.0",228,197,46,31,9,0,6,52,23,22.8,10.1,".234",".371",".326","0.697","22","26","0","0","3.81","0"
"Mize, Casey",663554,2024,27,"22","102.1",452,417,121,86,20,4,11,78,29,17.3,6.4,".290",".436",".336","0.772","51","57","2","6","4.49","11"
"Megill, Tylor",656731,2023,27,"25","126.1",567,500,141,98,25,0,18,105,58,18.5,10.2,".282",".440",".362","0.802","66","76","9","8","4.70","11"
"Erceg, Lucas",668674,2025,30,"61","61.1",249,227,54,40,9,1,4,48,18,19.3,7.2,".238",".339",".305","0.644","18","19","8","4","2.64","3"
"Bradford, Cody",674003,2023,25,"20","56.0",234,216,56,28,15,2,11,51,12,21.8,5.1,".259",".500",".296","0.796","33","33","4","3","5.30","2"
"Banks, Tanner",621383,2025,33,"69","67.1",267,250,56,39,6,2,9,61,12,22.8,4.5,".224",".372",".261","0.633","23","24","6","2","3.07","4"
"Verlander, Justin",434378,2023,40,"27","162.1",669,615,139,89,30,2,18,144,45,21.5,6.7,".226",".369",".283","0.652","58","63","13","8","3.22","11"
"Manaea, Sean",640455,2025,33,"15","60.2",263,241,62,37,11,1,13,75,12,28.5,4.6,".257",".473",".310","0.783","38","38","2","4","5.64","4"
"Ortiz, Luis",682847,2023,24,"18","86.2",400,344,99,71,14,1,13,59,48,14.8,12,".288",".448",".372","0.820","46","50","5","5","4.78","5"
"Sale, Chris",519242,2025,36,"21","125.2",510,463,102,72,15,4,11,165,32,32.4,6.3,".220",".341",".285","0.626","36","38","7","5","2.58","23"
"Falter, Bailey",663559,2023,26,"18","80.2",347,326,94,59,17,1,17,60,20,17.3,5.8,".288",".503",".329","0.832","48","55","2","9","5.36","9"
"Gomber, Austin",596295,2024,30,"30","165.0",696,653,178,105,39,4,30,116,38,16.7,5.5,".273",".482",".312","0.794","87","89","5","12","4.75","13"
"Smith, Shane",681343,2025,25,"29","146.1",616,542,117,74,23,3,17,145,58,23.5,9.4,".216",".363",".305","0.668","62","70","7","8","3.81","14"
"Estrada, Jeremiah",669093,2025,26,"77","73.0",304,269,58,36,9,1,12,108,27,35.5,8.9,".216",".390",".291","0.681","28","31","4","5","3.45","4"
"Woodruff, Brandon",605540,2025,32,"12","64.2",257,239,45,29,7,0,9,83,14,32.3,5.4,".188",".331",".242","0.573","23","26","7","2","3.20","6"
"Woods Richardson, Simeon",680573,2025,24,"23","111.1",471,418,96,62,16,1,17,107,46,22.7,9.8,".230",".395",".308","0.703","50","53","7","4","4.04","8"
"Gilbert, Logan",669302,2025,28,"25","131.0",535,494,104,63,20,1,20,173,31,32.3,5.8,".211",".377",".266","0.643","50","53","6","6","3.44","10"
"Evans, Logan",688138,2025,24,"16","81.1",350,313,82,52,15,2,13,59,31,16.9,8.9,".262",".447",".335","0.782","39","45","6","5","4.32","4"
"Keller, Mitch",656605,2024,28,"31","178.0",773,697,182,110,38,11,23,166,50,21.5,6.5,".261",".446",".321","0.767","84","90","11","12","4.25","33"
"Blach, Ty",621389,2023,32,"20","78.0",352,315,104,71,16,2,15,50,24,14.2,6.8,".330",".537",".381","0.918","48","51","3","3","5.54","2"
"Weathers, Ryan",677960,2023,23,"15","57.2",257,223,68,40,15,1,12,43,29,16.7,11.3,".305",".543",".383","0.926","42","44","1","8","6.55","2"
"Holmes, Grant",656550,2025,29,"22","115.0",492,426,100,68,15,1,16,123,54,25,11,".235",".387",".328","0.715","51","52","4","9","3.99","2"
"Toussaint, Touki",657053,2023,27,"20","87.0",384,310,69,49,9,1,10,85,57,22.1,14.8,".223",".355",".349","0.704","48","48","4","7","4.97","9"
"Finnegan, Kyle",640448,2025,33,"56","57.0",229,204,45,30,8,3,4,55,18,24,7.9,".221",".348",".283","0.631","22","24","4","4","3.47","6"
"Buttó, José",676130,2024,26,"30","74.0",294,246,41,26,9,0,6,79,38,26.9,12.9,".167",".276",".287","0.563","21","21","7","3","2.55","3"
"Lorenzen, Michael",547179,2025,33,"27","141.2",606,557,149,90,30,4,25,127,39,21,6.4,".268",".470",".320","0.790","73","76","7","11","4.64","8"
"Maton, Phil",664208,2025,32,"63","61.1",249,214,42,27,12,0,3,81,24,32.5,9.6,".196",".294",".296","0.590","19","21","4","5","2.79","8"
"Snell, Blake",605483,2023,30,"32","180.0",742,636,115,78,22,0,15,234,99,31.5,13.3,".181",".286",".293","0.579","45","47","14","9","2.25","25"
"Skubal, Tarik",669373,2024,27,"31","192.0",753,705,142,99,24,4,15,228,35,30.3,4.6,".201",".311",".247","0.558","51","54","18","4","2.39","3"
"McKenzie, Triston",663474,2024,26,"16","75.2",340,288,69,39,10,1,19,74,49,21.8,14.4,".240",".479",".351","0.830","43","46","3","5","5.11","9"
"Hamilton, Ian",641656,2023,28,"39","58.0",239,209,45,33,9,1,2,69,26,28.9,10.9,".215",".297",".310","0.607","17","19","3","2","2.64","2"
"Pressly, Ryan",519151,2024,35,"59","56.2",244,220,58,37,17,0,4,58,18,23.8,7.4,".264",".395",".322","0.717","22","25","2","3","3.49","3"
"Milner, Hoby",571948,2024,33,"61","64.2",268,244,63,44,11,2,6,64,14,23.9,5.2,".258",".393",".299","0.692","34","38","5","1","4.73","3"
"Crochet, Garrett",676979,2024,25,"32","146.0",595,555,123,78,25,2,18,209,33,35.1,5.5,".222",".371",".271","0.642","58","61","6","12","3.58","17"
"Rogers, Tyler",643511,2023,32,"68","74.0",309,280,66,44,14,1,7,60,19,19.4,6.1,".236",".368",".289","0.657","25","27","4","5","3.04","5"
"Gallen, Zac",668678,2025,29,"33","192.0",813,737,176,104,37,4,31,175,66,21.5,8.1,".239",".426",".303","0.729","103","109","13","15","4.83","14"
"Silseth, Chase",681217,2023,23,"16","52.1",221,193,41,23,9,0,9,56,26,25.3,11.8,".212",".399",".312","0.711","23","26","4","1","3.96","3"
"Allard, Kolby",663465,2025,27,"33","65.0",266,245,64,45,13,1,5,42,14,15.8,5.3,".261",".384",".300","0.684","19","22","2","2","2.63","5"
"Keller, Mitch",656605,2023,27,"32","194.1",825,752,187,122,38,2,25,210,55,25.5,6.7,".249",".404",".308","0.712","91","97","13","9","4.21","12"
"López, Jorge",605347,2023,30,"61","59.0",266,231,67,40,15,0,12,49,22,18.4,8.3,".290",".511",".366","0.877","39","42","6","2","5.95","7"
"Vásquez, Randy",681190,2025,26,"28","133.2",570,506,125,89,19,1,16,78,52,13.7,9.1,".247",".383",".323","0.706","57","59","6","7","3.84","10"
"Blanco, Ronel",669854,2024,30,"30","167.1",676,599,114,63,26,3,22,166,68,24.6,10.1,".190",".354",".273","0.627","52","56","13","6","2.80","7"
"Scott, Tanner",656945,2025,30,"61","57.0",237,213,54,34,7,2,11,60,17,25.3,7.2,".254",".460",".318","0.778","30","33","1","4","4.74","1"
"Ryan, Joe",657746,2024,28,"23","135.0",538,507,110,61,24,6,19,147,23,27.3,4.3,".217",".400",".257","0.657","54","59","7","7","3.60","11"
"Holton, Tyler",663947,2024,28,"66","94.1",354,330,57,38,10,2,7,77,17,21.8,4.8,".173",".279",".222","0.501","23","25","7","2","2.19","3"
"Rodríguez, Randy",678495,2025,25,"50","50.2",198,182,34,24,6,0,4,67,11,33.8,5.6,".187",".286",".247","0.533","10","12","3","5","1.78","7"
"Lorenzen, Michael",547179,2023,31,"29","153.0",624,567,138,91,26,1,20,111,47,17.8,7.5,".243",".399",".302","0.701","71","76","9","9","4.18","2"
"Greene, Hunter",668881,2024,24,"26","150.1",611,526,96,62,19,3,12,169,57,27.7,9.3,".183",".298",".283","0.581","46","47","9","5","2.75","14"
"Leiter, Jack",683004,2025,25,"29","151.2",646,571,127,84,25,0,18,148,67,22.9,10.4,".222",".361",".309","0.670","65","69","10","10","3.86","17"
"Bender, Anthony",669622,2025,30,"51","50.0",204,181,32,21,7,1,3,42,21,20.6,10.3,".177",".276",".270","0.546","12","13","3","5","2.16","11"
"Hendricks, Kyle",543294,2025,35,"31","164.2",695,638,167,102,37,3,25,114,43,16.4,6.2,".262",".447",".311","0.758","87","92","8","10","4.76","24"
"Jansen, Kenley",445276,2025,37,"62","59.0",234,212,37,23,5,1,8,57,19,24.4,8.1,".175",".321",".245","0.566","17","18","5","4","2.59","13"
"Singer, Brady",663903,2024,27,"32","179.2",762,693,175,116,34,3,22,170,54,22.3,7.1,".253",".405",".315","0.720","74","77","9","13","3.71","3"
"Falter, Bailey",663559,2025,28,"26","125.1",518,464,115,68,27,1,19,81,46,15.6,8.9,".248",".433",".315","0.748","62","68","7","7","4.45","12"