"last_name, first_name","player_id","year","player_age","xba","xslg","woba","avg_swing_speed","fast_swing_rate","swords","exit_velocity_avg","launch_angle_avg","sweet_spot_percent","barrel_batted_rate","hard_hit_percent","z_swing_percent","z_swing_miss_percent","oz_swing_percent","oz_swing_miss_percent","iz_contact_percent","whiff_percent","swing_percent","f_strike_percent","groundballs_percent","flyballs_percent","linedrives_percent","popups_percent"
"Canning, Griffin",656288,2023,27,".233",".422",".315","71.1",18.7,7,"91","12.8",31.5,9.8,44.2,66.4,17.5,29,56,82.5,29.1,48.4,60.3,43,30.1,20.5,6.5
"Scott, Tanner",656945,2024,29,".200",".298",".241","71.9",24.1,11,"84.3","11.1",30.4,4.7,27.5,70,25.1,31.9,50.8,74.9,32.7,51.8,68.7,52,18.1,21.6,8.2
"Herrin, Tim",682120,2024,27,".206",".330",".236","70.8",15.9,8,"86.9","7.4",28.3,6.9,36.5,62.7,18.9,31.2,50.3,81.1,29.3,47,62.1,51.6,22.6,18.9,6.9
"Muller, Kyle",666205,2023,25,".310",".548",".417","71.9",25.9,3,"92.1","12.8",35.4,10.9,49.6,71.3,13.5,24.1,45.3,86.5,21.2,48.4,53.2,43.4,28.1,23.4,5.1
"Meyer, Max",676974,2025,26,".263",".453",".341","72.7",31.7,10,"91.9","8.7",30.3,9.2,48.2,64.8,15.7,27.7,58.5,84.3,27.4,47.4,62.8,49.7,24.6,20.5,5.1
"Holmes, Clay",605280,2025,32,".245",".395",".302","72.1",27.5,22,"89.7","4.4",30.5,6.8,42.3,61.2,11.8,29.4,42.3,88.2,22.1,44.8,60.3,55.9,18.2,21.6,4.2
"Spiers, Carson",686730,2024,26,".254",".476",".379","72.1",27.2,10,"88.9","17.4",36.2,10.4,38.9,67.2,13.6,26.1,44.4,86.4,21.4,48,62.7,35.9,32.6,23.5,8.1
"Corbin, Patrick",571578,2025,35,".268",".439",".328","72.4",29.9,19,"89.2","14.4",34.7,8.4,40.4,65.1,15.9,29.6,48.6,84.1,26.9,46.3,65.5,41,27.4,25.5,6.1
"Romero, JoJo",668941,2024,27,".267",".465",".305","71.6",22.3,9,"89.9","7.9",34.5,10.5,39.8,61.8,13.3,26.4,52.4,86.7,25.4,43.7,66.3,49.7,24,24,2.3
"Suter, Brent",608718,2024,34,".268",".423",".305","71.2",19.9,8,"86.1","13.8",33.7,7.3,30.2,71.1,12.2,28.9,39.6,87.8,20.2,49.8,63,41.5,27.8,23.4,7.3
"Mantiply, Joe",573009,2024,33,".227",".384",".265","71.4",18.9,9,"88.1","5.4",26.2,7.6,41.9,69,19.9,38.5,39.5,80.1,27.5,52.8,63.6,54.1,25.6,18,2.3
"Berríos, José",621244,2024,30,".262",".447",".308","71.8",24.2,26,"89.6","13.4",36.3,7.8,41.8,64.5,13.3,29.5,37.8,86.7,21.1,46.7,64.8,43.2,26,24.1,6.7
"Jansen, Kenley",445276,2024,36,".207",".369",".253","71.1",18.8,8,"90.4","22.3",36.3,11.1,37,67.4,19.9,24.9,53.6,80.1,27,49.4,68.1,31.1,36.3,22.2,10.4
"Brazobán, Huascar",623211,2023,33,".208",".331",".308","72.1",25.2,2,"85.4","7.9",31.2,7,28,65.1,21.1,34,47.7,78.9,31.7,47.6,62,51.6,17.2,23.6,7.6
"Moore, Matt",519043,2023,34,".212",".372",".296","70.8",19.9,8,"88.4","16.4",32.1,7.9,36.7,71.5,21.2,34.9,42.2,78.8,28.2,53.1,55.3,35,33.6,22.9,8.6
"Baz, Shane",669358,2025,26,".230",".386",".330","71.8",24.9,27,"89","10.7",32.3,9.5,39.4,67.2,17.1,29.3,47.9,82.9,25.8,49.2,62.3,47,22.7,21.6,8.7
"Mahle, Tyler",641816,2025,30,".253",".413",".265","71.8",24.6,4,"88.5","14.4",37.8,8,37.1,69.4,19.1,27.9,34.8,80.9,23.2,49.9,65,38.6,26.7,27.1,7.6
"Yates, Kirby",489446,2024,37,".146",".218",".186","71.2",21.6,9,"87.5","15.2",16.5,4.1,33.1,67.6,28.6,32.8,42.9,71.4,33.6,49.3,64.4,45.5,34.7,13.2,6.6
"Farmer, Buck",571656,2024,33,".236",".404",".293","71.3",22.1,9,"88.3","18.1",36.8,8.3,35.8,64.2,17.4,29.3,43.3,82.6,26.1,45.9,63.6,36.8,28,23.3,11.9
"Wheeler, Zack",554430,2024,34,".194",".333",".256","71.2",20.3,18,"86.5","13.5",32.6,8.3,33.6,69.1,21.4,33.8,39.7,78.6,27.5,51.2,64,43.1,26,20.9,9.9
"Corbin, Patrick",571578,2023,33,".298",".520",".353","72.3",26.6,13,"90.7","11.7",37.9,9.3,44,65.4,11.8,27.1,43.1,88.2,21.4,45.7,65.4,45.3,25.3,24.5,5
"Okert, Steven",595345,2025,33,".185",".326",".233","71.5",21.8,5,"88.4","25.3",29.2,7,32.7,71.7,24.8,27.3,57.6,75.2,32.8,51.3,59.3,25.7,36.8,24,13.5
"Pivetta, Nick",601713,2025,32,".229",".424",".256","71.8",23.7,25,"90.3","19.1",36.4,10.9,45,65,19.1,28.2,38.8,80.9,24.6,47.7,63.4,34.1,33.3,23.4,9.2
"Scott, Tayler",605463,2024,32,".215",".320",".275","70.5",16.4,11,"88","13.5",33.3,3.5,35.7,64.7,22.1,27.6,43.7,77.9,29.5,44.2,56.9,42.1,26.3,24,7.6
"Stroman, Marcus",573186,2023,32,".261",".389",".285","72.4",31,1,"90.3","3",30.7,5,41.4,66.6,13.1,26.8,41.9,86.9,22.4,45.1,57.9,57.4,16.2,24.2,2.2
"Fairbanks, Pete",664126,2025,31,".220",".339",".269","71.7",23.6,9,"90.2","14.3",28.9,4.8,42.8,68.1,15.9,29,55.5,84.1,26.1,50.6,61.1,45.8,24.7,21.1,8.4
"Freeland, Kyle",607536,2024,31,".274",".488",".357","72.4",28.5,16,"90.3","15.2",34.7,10.6,40.7,70.6,9.8,28.9,35.3,90.2,17.1,50,65.7,40.2,24.6,27,8.2
"Fisher, Braydon",680755,2025,24,".206",".351",".248","71.2",18,9,"88.1","16.5",29.7,7.6,36.4,58.4,18.4,29.4,52,81.6,29.9,43.6,60.2,36.4,33.1,19.5,11
"Stone, Gavin",694813,2024,25,".253",".407",".304","71.7",26.5,13,"88.2","11.2",32.5,6.4,36.2,70.4,18,31.1,39.4,82,24.7,50.4,62.1,44.7,25.6,24.9,4.7
"Estévez, Carlos",608032,2023,30,".232",".385",".320","71.4",20.5,2,"90.4","20.4",33.5,6.6,44.3,72.6,23.3,27.1,41,76.7,27.5,51.9,65.9,31.7,25.7,28.1,14.4
"Sborz, Josh",622250,2023,29,".211",".368",".291","71.8",23.6,2,"89.9","12",30.8,8.5,40.8,63.6,26.1,31.4,57.8,73.9,37.2,47.1,60.5,46.9,23.8,21.5,7.7
"Imanaga, Shota",684007,2024,30,".232",".398",".279","71.9",23.4,17,"88.6","17.8",36,8.6,39.3,75.3,20,34.8,47.6,80,28.3,55.7,68,37.2,32.9,21.3,8.6
"Sandoval, Patrick",663776,2023,26,".256",".403",".318","71.5",21.6,9,"87.6","9.4",38,7,35.1,65.8,18.7,29.1,46.2,81.3,27.7,46.6,59,47,18.9,27.9,6.3
"Carrasco, Carlos",471911,2023,36,".300",".520",".390","72.7",31.4,3,"91.5","8.7",37.5,10.7,48.2,69.4,14,28.1,46.7,86,24.7,46.9,59,45.6,21.5,28.3,4.6
"Warren, Will",701542,2025,26,".252",".426",".321","72",25,14,"91","12.2",36,10.9,45.3,62,17.8,24.7,40.7,82.2,24.6,42.8,63.7,42.8,25.5,26.2,5.5
"López, Pablo",641154,2023,27,".213",".343",".294","71.4",23.3,23,"87.1","12.6",32.4,6.3,34.8,69.2,21.4,34.3,48,78.5,30.3,51.7,68.9,45.4,25.3,22.8,6.7
"Hader, Josh",623352,2023,29,".156",".234",".239","70.7",15.4,3,"87","20.5",33.6,4.4,28.3,70.8,24.8,33.6,47.2,75.2,33.1,50.1,57.6,37.2,31.9,20.4,10.6
"Middleton, Keynan",641871,2023,29,".212",".363",".296","71.6",27.2,1,"85.3","4.2",25,8.1,31.5,72.8,24.4,33.1,58.3,75.6,36,51.6,65.1,56.5,23.4,16.9,3.2
"Peralta, Wandy",593974,2025,33,".252",".386",".293","72.6",28.2,10,"87.6","3.7",29.4,6.9,36.2,68.5,19.3,31.1,47.6,80.7,29,48.5,65.2,59.6,17.9,20.6,1.8
"Rogers, Trevor",669432,2025,27,".225",".376",".226","72.2",26.5,7,"89.7","13.1",31.5,7.6,48.4,71.3,20.2,29.9,41.5,79.8,25.6,52.9,66,46.4,24.6,20.1,9
"Quantrill, Cal",615698,2023,28,".285",".489",".339","71.3",20.3,3,"87.9","13.4",37.2,8.4,39.2,70.8,14.8,26.6,28.3,85.2,18.9,47,62.2,40.4,24.7,27.6,7.3
"Thompson, Mason",666168,2023,25,".254",".397",".345","71.4",24.1,0,"86.6","7.2",30,5.3,35.9,61.5,13.2,25.7,42.5,86.8,21.6,43.9,62.1,50.6,21.2,21.8,6.5
"Weaver, Luke",596133,2024,30,".197",".370",".256","71.2",22.2,10,"89.1","16.5",36.4,8.6,38.4,72.7,28.2,31.9,42.9,71.8,33.5,49.7,62.8,37.4,32.8,21.7,8.1
"Holderman, Colin",670059,2024,28,".210",".376",".307","70.7",18.8,5,"87.6","15.7",37.2,10.9,38,66,19.1,25.8,55.3,80.9,29.5,45.6,62.3,40.1,24.1,24.8,10.9
"deGrom, Jacob",594798,2025,37,".221",".391",".259","71.9",24,39,"90.1","16",33.1,9.2,41.9,70.9,19.6,32.4,53.6,80.4,30.2,51.7,63.7,38.1,33.1,22.3,6.5
"Armstrong, Shawn",542888,2025,34,".202",".339",".224","72",26,8,"88","19.1",32.6,7.1,34.2,66.7,20.3,24.5,37.9,79.7,24.4,47.6,68.7,35.9,33.7,20.1,10.3
"Assad, Javier",665871,2024,26,".259",".445",".330","72",27.3,16,"89.1","13.3",36,8.8,39.8,62.4,12.6,23.4,31.4,87.4,17.9,42.5,58.8,43.8,27.6,22.9,5.6
"Molina, Anthony",683627,2024,22,".308",".482",".349","71.5",20.7,3,"90.4","11.2",38.7,8,45.7,72.6,11.7,22.1,43,88.3,18.8,47.7,63.9,41.2,18.6,33.2,7
"Ryan, Joe",657746,2023,27,".220",".409",".316","72.1",26.1,5,"90","20.4",34,8.7,41.6,74.1,22.9,33,36.9,77.1,26.8,55.1,67.3,33.1,34.7,23,9.2
"Povich, Cade",700249,2025,25,".269",".495",".349","72",25.5,13,"91.2","13",36.5,11.3,46.9,62.8,16.1,26.5,43.8,83.9,24.2,44.9,60.2,42.3,26.4,24.5,6.7
"Blach, Ty",621389,2024,33,".312",".575",".413","72",26.7,4,"90.7","13.2",37.8,12.2,42.6,69.2,10.5,29.3,25.8,89.5,14.8,50.1,70.3,41.5,30.4,24.8,3.3
"Chapman, Aroldis",547973,2023,35,".169",".275",".258","70.8",21.1,2,"86.5","10.4",34.9,9.2,33,64.9,35.4,23.5,62.3,64.6,42.2,44.9,56.3,47.7,18.3,24.8,9.2
"Junk, Janson",676083,2025,29,".277",".453",".295","72.4",27.5,5,"91.6","14.7",35.1,8.5,47.3,70.5,14.5,30.5,28.7,85.5,18.2,52.5,67.6,41.4,24.9,26.9,6.8
"Birdsong, Hayden",806185,2024,22,".229",".414",".321","71.1",21.9,10,"92","13.8",32.8,8.9,50,63.1,18.3,25.9,52.5,81.7,29.8,42.6,55.2,41.1,33.3,22.2,3.3
"Peralta, Freddy",642547,2024,28,".222",".386",".305","71.1",20.3,25,"87.6","17.3",35.3,8.7,36.9,70.4,22.7,28,47.9,77.3,31.1,46.9,61.4,37.4,29.5,23.5,9.6
"Webb, Logan",657277,2025,28,".247",".385",".303","71.9",26.5,31,"89.7","5.7",32.8,8.3,40.2,63.1,13.8,29.7,47.2,86.2,24.7,46.2,68.5,54.2,16.9,25.6,3.3
"Estrada, Jeremiah",669093,2024,25,".187",".286",".239","71.1",21.9,6,"89.2","17.5",35.8,5.2,37.3,72.1,28.2,33.5,54.4,71.8,36,53.7,67.7,35.1,31.3,25.4,8.2
"Steele, Justin",657006,2023,27,".247",".368",".291","71.5",21.8,18,"87.8","9.3",33.4,5.4,36.6,71.5,15.8,31.9,44.9,84.2,24,52.9,65.5,50.3,19.5,24.1,6
"Sale, Chris",519242,2023,34,".208",".387",".306","71.2",23.8,5,"87.9","15.6",33.5,8.4,34.6,63.6,21.6,33.6,44.1,78.4,29.7,48.1,63.5,38.4,31.2,22.8,7.6
"Ortiz, Luis",682847,2024,25,".238",".433",".287","71.7",23.7,13,"89","13.9",34.9,8.8,37.7,70,14.5,24.5,40.7,85.5,21,48.1,58.8,39.9,30.7,21.9,7.5
"Floro, Dylan",571670,2023,32,".252",".341",".335","70.8",15.1,3,"87.1","5.2",32.4,2.9,37.1,63.5,18.2,30,35.1,81.8,24,46,68,54.7,14.1,27.6,3.5
"Woodruff, Brandon",605540,2023,30,".203",".334",".241","71.1",20.9,10,"89","18.3",32.9,6.8,41.6,67,22,30,45.1,78,28.3,50.1,66.4,37.3,29.8,23.6,9.3
"Suarez, Robert",663158,2025,34,".237",".402",".235","71.5",22.9,3,"90.5","15.5",37.5,9.1,42.6,73.2,20.9,30.3,33.3,79.1,24,54.3,65.9,36.9,26.7,27.8,8.5
"Díaz, Alexis",664747,2024,27,".204",".334",".300","71.8",22.3,6,"88.5","22.6",31.3,6.7,38,68.7,20,25,43.7,80,26.6,46.2,54.4,32.7,28,22.7,16.7
"Irvin, Jake",663623,2025,28,".273",".506",".355","72",25.2,15,"90.4","12.8",34.8,11.9,47.1,63.2,11.7,26.6,37.2,88.3,18.2,46.8,64.9,43.5,27.9,23.2,5.4
"Suter, Brent",608718,2025,35,".250",".425",".316","71",18.5,2,"85.8","13.5",33.9,7.8,32.9,67.2,17.7,25.6,34.6,82.3,21.4,48,66.2,45.4,28.9,21.1,4.6
"Patrick, Chad",694477,2025,26,".240",".395",".307","71.5",20.8,15,"89.4","18.5",40.1,8.1,42.2,70.8,19.8,29,32.9,80.2,23.5,50.1,65.6,31.9,28.9,29.2,9.9
"Speier, Gabe",642100,2023,28,".239",".388",".278","71.4",22.6,9,"88.5","6.9",30.4,8.7,42,67.4,18.4,39.7,49.7,81.6,30.8,52.8,79.3,55.8,20.3,21,2.9
"Williams, Gavin",668909,2025,25,".231",".405",".299","71.8",23.9,34,"90.4","9.8",35.3,9,44.3,65.5,17.9,26.1,51.8,82.1,27.7,45.7,57.7,46.1,26.7,22.2,4.9
"Lynn, Lance",458681,2023,36,".247",".461",".347","72.1",24.9,9,"88.7","17",35.2,10.4,39.3,74.1,22,28.3,44.9,78,28.8,50.1,64.2,36.3,30.6,24.1,9.1
"Rodón, Carlos",607074,2025,32,".206",".351",".266","72.5",29.6,25,"88.6","12.8",32.3,7.5,38.9,64.6,19.7,29.2,50.5,80.3,30.3,45.5,62,44,27.6,21.6,6.7
"Ginn, J.T.",669372,2025,26,".227",".388",".344","72.6",29,8,"88.4","7.8",26.2,9.8,44.5,62.1,16.1,27.5,51.7,83.9,28.7,42.9,54.5,52.3,20.7,20.3,6.6
"Roupp, Landen",694738,2025,26,".248",".408",".325","71.8",24.9,14,"88.4","9.8",36.5,8.9,36.5,60.5,16.8,28.8,40.9,83.2,25.2,43.8,61.1,46,24.2,24.8,4.9
"Ferguson, Caleb",657571,2024,27,".244",".380",".322","71",19.2,6,"88.2","9.9",35.9,6.5,37.3,65.5,17.2,29.4,46.8,82.8,26.6,47.1,69.8,46.4,20.9,28.1,4.6
"Brown, Hunter",686613,2023,24,".235",".416",".340","71",21.8,5,"90.8","6.9",30,10.9,44.4,65.3,14.8,27.5,48.5,85.2,24.8,46.4,58.3,52.2,22.2,20.8,4.7
"Gibaut, Ian",664139,2023,29,".233",".368",".298","69.9",13.9,8,"86.7","16.2",34.3,6,31.9,69.3,19.8,32.1,39.1,80.2,25.5,51.7,67.7,40.7,28.7,23.1,7.4
"Pérez, Martín",527048,2023,32,".267",".446",".335","71.3",25.7,0,"89","10.9",33.1,7.6,37.2,65,12.1,28.1,28.3,87.9,17.5,45.3,63.8,46.1,25.3,22.9,5.6
"Smith, Burch",572143,2024,34,".265",".442",".328","71",19.5,8,"90.7","12.9",34.8,9.4,44.8,72.5,16.1,26.9,34.8,83.9,20.7,51.3,66,44.8,27.6,22.7,5
"Bivens, Spencer",702352,2025,31,".247",".395",".322","71.6",23.2,10,"87.5","7.2",28.6,7.1,37.3,67.3,11.3,29.4,31.1,88.7,17,49.1,65.5,52.8,20.6,19.4,7.1
"Sandlin, Nick",680704,2024,27,".221",".425",".328","71.4",18.5,7,"91.3","18.3",29,11,42.8,69.8,24,28.8,52.5,76,33.7,47.1,64.5,40,31,18.6,10.3
"Glasnow, Tyler",607192,2024,30,".193",".332",".258","71.5",23,16,"89","9.3",32.5,8.5,40.1,66.7,19.7,27.3,62.6,80.3,30.9,48.4,64.2,48.3,23.7,21.1,6.9
"Vesia, Alex",681911,2025,29,".185",".346",".269","71.1",20.7,11,"88.5","24.9",38.5,10.8,37.7,69,26.1,29.3,43,73.9,30.7,50.2,62,30.8,29.2,20.8,19.2
"Schreiber, John",670167,2025,31,".245",".416",".305","72",26.1,6,"88.5","15.2",35,9.3,38.3,67,19.6,26.3,34.4,80.4,23.4,47.7,61,39.9,27.9,23.5,8.7
"Wacha, Michael",608379,2025,33,".257",".421",".299","71.9",25.8,27,"87.5","17.7",36.7,7.4,34.6,70,16,28.3,36.2,84,21.3,50.4,63.3,37.8,27.2,25.2,9.8
"Santillan, Tony",663574,2025,28,".244",".404",".280","71.4",20,9,"91.8","17.4",35.1,8.4,45.5,71.1,19.3,25.2,51.7,80.5,27,49.7,64.8,37.7,23,28.8,11
"Fried, Max",608331,2023,29,".215",".316",".279","71.4",18.2,3,"86.5","4.8",23.7,3.8,32.7,68.5,17.2,29,45.8,82.8,27.2,46.5,58.5,59.2,18,19,3.8
"McArthur, James",663704,2024,27,".268",".436",".344","70.9",17.6,12,"90.2","7.1",34.3,8.3,40.3,64.7,16.4,30,53.7,83.6,28.3,47.3,66.5,53.6,18.8,23.2,4.4
"Spence, Mitch",687765,2024,26,".248",".420",".340","72",25.5,18,"89.5","9.6",30.9,8.4,41.7,70.8,12,31.7,44.6,88,22.5,50.6,61.3,48.4,23.8,21.9,5.9
"Alvarado, José",621237,2024,29,".234",".374",".288","71.4",22.1,1,"89.5","12.6",31.3,6.6,41,67.3,18.7,27.8,49.7,81.3,28.4,46.6,60.5,45.8,20.5,24.7,9
"Ray, Robbie",592662,2025,33,".219",".385",".299","71.9",25.4,20,"91","17.7",35.4,9.6,44.7,71,19.4,27.7,49.3,80.6,27.8,49.3,59.1,36.6,33.1,23.4,6.9
"Morton, Charlie",450203,2023,39,".244",".403",".318","72",26.7,10,"88.9","9.9",36.8,7.8,39.1,60.7,18.6,28.2,56.5,81.4,32.2,42.9,59.8,44.2,25.2,26.1,4.6
"King, Michael",650633,2024,29,".223",".364",".284","71.5",22.6,23,"85.7","13.8",35.2,6.2,30.3,60.7,20.9,30.5,45.6,79.1,29.3,45.4,66.1,41.5,23.7,25.9,8.8
"Romero, JoJo",668941,2025,28,".220",".343",".265","71.6",22.1,11,"87.3","5.1",28.6,7.1,35.1,58.7,17.7,24.6,48.8,82.3,27,41.5,59.5,57.1,18.5,17.3,7.1
"Morejon, Adrian",670970,2025,26,".222",".310",".208","72",25.5,10,"85.9","5.1",30.2,4,30.7,60.4,16.2,32.2,41.8,83.8,23.8,48,69.1,54.3,19.6,19.1,7
"Fulmer, Michael",605242,2023,30,".236",".377",".320","71.4",28.4,5,"86.4","15.4",37.3,6.3,30.3,65.7,17.8,29.6,63.2,82.2,33.5,46.2,63.7,39.4,27.5,24.6,8.5
"Birdsong, Hayden",806185,2025,23,".228",".420",".338","72",26,13,"89.8","20",36.2,9.6,46.8,65.2,17.3,25.3,52.8,82.7,28.4,43.7,54,34,30.3,24.5,11.2
"Yarbrough, Ryan",642232,2024,32,".243",".395",".273","70.9",18.7,6,"86","14.3",33.6,6.2,29.4,66.5,18.4,27.2,28,81.6,21.1,47.4,62.8,41.5,26,22.5,10
"Mize, Casey",663554,2025,28,".236",".413",".319","72.4",28.4,10,"90","14",36.1,9.1,42.5,68.9,19.1,28.5,37.2,80.9,24.1,49.6,67.9,40.3,29.2,23.8,6.7
"Freeland, Kyle",607536,2025,32,".282",".473",".341","72.9",32.4,33,"91.1","12.7",36.8,9.4,47.3,69.3,11.6,29.7,47.5,88.4,21,51.3,68.5,41.6,25.3,28.7,4.4
"Maton, Phil",664208,2024,31,".235",".393",".290","70.8",17.8,3,"86.5","12.9",32.6,7,33.1,67.1,22.3,29.9,35.5,77.7,26.7,47.2,56.1,47.1,21.5,22.7,8.7
"Weaver, Luke",596133,2025,31,".193",".359",".269","72",24.2,8,"90","22",35.7,8.3,39.9,73.2,25.5,32.8,42.9,74.5,31,52.6,64.8,27.4,39.9,23.2,9.5
"Pressly, Ryan",519151,2023,34,".234",".401",".269","71.7",24.6,3,"91.3","6.7",27.7,9,43.5,67.7,15.3,35,60.2,84.7,31.4,50.7,68.7,54.8,23.2,19.8,2.3
"Farmer, Buck",571656,2023,32,".216",".410",".303","70.7",16.9,3,"87.8","19.8",28.2,8.7,35,66.9,23.2,29,45.2,76.8,30.3,47,62.5,33.5,32.5,20.4,13.6
"Gaddis, Hunter",683769,2025,27,".227",".384",".293","71.4",20,13,"90.1","17.4",34.1,9.5,39.1,70.6,22.3,32.8,52,77.7,32.2,50.9,66.5,37.4,30.7,22.9,8.9
"Teheran, Julio",527054,2023,32,".263",".469",".324","73.2",33.9,2,"89.8","14.7",39.4,10,42.1,68.9,16,27.2,32.2,84,20.6,48.1,64.9,40.7,27.1,25.3,6.8
"Garcia, Robert",676395,2024,28,".205",".297",".270","71.3",20.2,5,"87.7","11.5",29.6,3.1,30.2,66.5,23.7,33.6,42.3,76.3,29.4,51.1,70.1,47.2,17,25.8,10.1
"Kirby, George",669923,2023,25,".258",".427",".284","71.6",23.7,3,"89.2","12.4",32,7.5,40.9,70.9,17.2,32.9,39.1,82.8,22.9,54.5,69.5,44.6,25.7,22.1,7.5
"Gott, Trevor",641627,2023,30,".238",".357",".309","71.7",23.7,7,"88.2","13.4",33.5,4.5,36.4,64,18.3,26.1,34.6,81.7,23.2,44.6,57.8,41.5,22.7,26.7,9.1
"Bielak, Brandon",656232,2023,27,".263",".462",".357","72.7",36.9,2,"90.5","8.8",30,10.4,48.4,66.7,15.9,26.8,40.1,84.1,23.7,45,51.3,51.2,22.4,22,4.4
"Houck, Tanner",656557,2023,27,".240",".398",".323","72.2",24.8,7,"90.2","6.5",31.2,6.6,43.8,66.5,18.8,29.3,50,81.2,28.8,47.3,61.3,53.3,20.8,21.5,4.4
"Blackburn, Paul",621112,2023,29,".259",".414",".340","71.7",23.3,10,"87.2","12.2",38,5.8,33.2,66.3,13.3,29.8,41.9,86.7,23.8,45.7,58.6,41.5,23.6,29.4,5.4
"Cano, Yennier",666974,2025,31,".234",".351",".342","72.3",27.6,5,"88.1","6.1",27.1,4.7,35.3,62.3,14.4,29.1,41.9,85.6,23.5,45.2,59.2,55.9,17.6,21.8,4.7
"Hendricks, Kyle",543294,2024,34,".273",".432",".339","71.5",23,9,"85.9","13",36.4,7.4,33.4,64.4,13.4,29.6,29.6,86.6,18.9,46.2,68.4,45.6,23.3,23,8.1
"Rodriguez, Eduardo",593958,2025,32,".259",".431",".353","72",27.1,24,"88.2","16.3",35.8,8.2,35.2,66.6,17.7,29.2,34.2,82.3,23,47.1,58.9,38.9,23.9,27.4,9.8
"Williams, Gavin",668909,2024,24,".245",".394",".315","71.1",19.4,10,"90.8","13.2",32.1,6.9,44,69.2,19.1,29,38.6,80.9,24.8,49.2,62.7,40.8,26.1,26.1,6.9
"Lord, Brad",695418,2025,25,".270",".437",".319","71.3",21.5,12,"88.5","10.1",34.4,7.1,41.8,70.2,18,25.3,32.1,82,21.3,50,60.1,49,19.9,25.5,5.6
"Cortes, Nestor",641482,2023,28,".214",".398",".323","72.5",26.7,0,"89.6","26.6",33,7.4,41.5,70.7,20.3,26.1,36.1,79.7,24.2,49.4,66.5,26.1,36.4,21.6,15.9
"Rogers, Taylor",573124,2024,33,".213",".338",".309","70.3",15,8,"86.7","12.3",32.3,6.2,32.9,61.1,17.3,21.2,43,82.7,23.3,42.5,63.9,46,23.6,21.7,8.7
"Grove, Michael",675627,2024,27,".218",".366",".308","71.4",25.1,9,"87.6","10.5",30.9,9.4,33.8,63.9,16.6,28.6,49.2,83.4,26.6,46.3,57.4,45.3,22.3,23,9.4
"Verlander, Justin",434378,2025,42,".252",".419",".320","71.6",23.7,23,"88.6","18.2",37.3,8.1,37,68.6,19.3,28.1,38.7,80.7,24.8,48.8,62.2,35.5,30,25.3,9.2
"Young, Brandon",687064,2025,26,".242",".439",".372","71.9",26.5,7,"89.4","13.3",32.1,10.2,42.2,69,16.8,27.8,33.3,83.2,21.6,48.2,62.1,44.9,28.9,20.3,5.9
"Quintana, Jose",500779,2025,36,".269",".463",".308","72",25.2,13,"88.7","13.1",35,9.7,41.7,61.8,11.8,26.9,31.8,88.2,18.4,43.2,59.7,42.7,27.2,24,6.1
"Adam, Jason",592094,2024,32,".204",".350",".224","71.9",24.8,9,"88.5","13.8",29.7,6.4,37.8,70.7,26.4,33,60.1,73.6,38.4,50.3,61.1,43,27.3,19.8,9.9
"Allen, Logan",671106,2023,24,".253",".420",".326","71.7",22.9,3,"88.9","12.6",34.2,7.6,39.1,68.2,16.1,28.4,41.7,83.9,24,47.7,63.3,42.7,25.3,24.7,7.3
"Schreiber, John",670167,2024,30,".228",".318",".287","71",17.5,6,"89","10.2",25.3,3.9,37,67.7,16.4,25.7,33.9,83.6,21.6,45.6,56.5,52.6,18.8,19.5,9.1
"Leclerc, José",600917,2023,29,".183",".337",".261","71.6",25,9,"85.9","25.1",29.4,8.1,32.4,72.2,24.6,31.6,52.7,75.4,35.6,48,54.5,28.7,35.3,19.9,16.2
"Yates, Kirby",489446,2023,36,".203",".393",".282","70.3",13.7,7,"90.6","16.8",34.8,10.6,40.2,67.7,20.9,27.9,49.7,79.1,30.8,45.5,57.5,37.9,31.1,22,9.1
"Rainey, Tanner",663432,2024,31,".234",".488",".335","71.8",25.3,7,"91.1","25.8",33.8,14.3,42.9,71.5,18.5,26.7,46.4,81.5,26,49.1,56.1,28.6,39.6,19.5,12.3
"Fujinami, Shintaro",660261,2023,29,".237",".411",".332","71.5",21.9,3,"90.4","13.9",33.3,7.7,44.6,68.6,25.5,23,43.3,74.5,30.1,45.4,52.2,39.2,27,25.7,8.1
"Alcantara, Sandy",645261,2025,29,".262",".437",".311","72.3",28.1,17,"90.7","9.4",33,8.6,45,67.9,13.7,29,39.9,86.3,20.9,49.5,63,46.6,24.1,24.6,4.7
"Manaea, Sean",640455,2024,32,".225",".388",".275","71",18.6,23,"88.6","16.3",37,7.5,37.8,68.5,19,28.6,43.9,81,26.1,49,59.8,37.8,29.1,24.9,8.1
"Harris, Hogan",663687,2024,27,".260",".442",".320","71",18,8,"88.9","15.6",36.5,7.2,39.4,61.6,14.6,23.7,40.9,85.4,21.1,44.2,63.3,38,29.8,25,7.2
"Anderson, Tyler",542881,2025,35,".254",".480",".341","72.2",27.7,17,"88","21",41.8,11,36.6,69.2,17.8,29.8,40.8,82.2,25,49,59.6,29.4,34.9,25.5,10.1
"Vesia, Alex",681911,2024,28,".153",".324",".246","71.5",25.6,10,"87.5","30",29.3,12.1,35,70,26.3,26.7,43.5,73.7,31.3,47.5,60,25.7,37.9,15.7,20.7
"Topa, Justin",623437,2023,32,".230",".325",".269","70.5",15.2,4,"87.5","2.6",26.9,3,36.5,62.8,14.2,26.8,34.6,85.8,19.5,46.6,65.8,57.4,16.2,22.3,4.1
"Mears, Nick",683232,2025,28,".259",".466",".266","71.1",18.8,15,"90.4","16.6",39.8,10.6,42.9,71.8,14.7,33.5,52.8,85.3,25,54.9,65.2,34.8,34.8,23.6,6.8
"Schlittler, Cam",693645,2025,24,".230",".384",".291","72",28.4,9,"89","14.5",41.3,8.2,40.2,69.3,19.9,28.2,43.6,80.1,26.1,50.1,62.5,36.4,26.6,30.4,6.5
"Hill, Rich",448179,2023,43,".275",".479",".359","71.6",21.9,6,"89.4","14.3",37.3,10.1,39.9,63.8,13.8,25,35,86.2,19.3,45.4,59.7,39,25.6,27.6,7.8
"Detmers, Reid",672282,2025,25,".231",".363",".295","71",18.3,20,"90.1","9.9",32.7,8.2,42.8,63.4,22.6,33.9,54.4,77.4,32.7,49.7,62.2,45.3,23.3,27.7,3.8
"Suarez, José",660761,2024,26,".254",".413",".371","71.7",23.7,10,"89","13.4",37.3,8.5,47.7,68,16,29,48.4,84,27.5,46,57.1,39.9,22.2,30.1,7.8
"Romano, Jordan",605447,2023,30,".211",".362",".281","70.7",19,3,"89","16.6",34,7.3,36.7,68.8,22.8,33.2,60.8,77.2,35.9,50.3,59.7,38,26.7,24.7,10.7
"Blalock, Bradley",687134,2025,24,".322",".591",".423","71.8",25.1,7,"91.4","12.8",36.5,12.2,45.9,71.2,9.9,23.2,34.7,90.1,15.9,47.5,54.9,40.5,31.1,25.7,2.7
"Chavez, Jesse",445926,2024,40,".260",".419",".315","71.7",18.9,2,"87.3","11.1",37.6,6.3,35.4,63.5,13.7,22.3,25.8,86.3,17,42.3,61.2,43.4,27.5,25.9,3.2
"Ober, Bailey",641927,2023,27,".222",".412",".294","71.9",23.9,6,"88.2","20",33.4,9.6,35.7,73.2,22.7,33.6,41.3,77.3,28.7,53.1,66,34.7,35.2,20.8,9.4
"Cabrera, Edward",665795,2025,27,".238",".394",".303","72",26,28,"90.3","9.4",31.1,8.6,46.4,60.6,15.3,30.3,56.2,84.7,29.4,45.1,62.7,47.5,24.7,24.4,3.5
"Minter, A.J.",621345,2023,29,".215",".362",".283","71.8",23.3,2,"87.9","17.7",36.9,7,36.3,70.8,20.7,30.8,55.1,79.3,31.4,50.4,61.2,36.3,28,27.4,8.3
"Nola, Aaron",605400,2024,31,".243",".398",".310","71.7",24.5,30,"88.5","12",35.4,7.2,38.2,66.7,15.9,32.1,42.6,84.1,25.2,48.6,66.6,44.6,24.4,24.6,6.5
"Marsh, Alec",679525,2024,26,".261",".461",".325","71.5",22.4,21,"89.7","15",38,9.6,40.9,67.4,14.4,27.4,46.4,85.6,23.5,47.6,61.5,38.8,26.5,25.7,9.1
"Matsui, Yuki",673513,2025,29,".228",".397",".318","72.1",28.2,17,"88.5","20.6",30.5,9,37.3,71.7,20.4,29.4,51.2,79.6,30.3,49,57.4,32.2,36.7,19.8,11.3
"Cease, Dylan",656302,2023,27,".239",".386",".321","71.5",24.1,27,"90","15.4",36.8,6.2,41.6,68.6,18.7,28.2,55.5,81.3,31,46.3,61.1,36.8,27.2,27.9,8.1
"Webb, Jacob",657097,2023,29,".213",".357",".294","70.7",16.3,8,"88.1","15",32.6,5,39.7,70.4,28.1,33.1,40.5,71.9,32.2,51.2,62.8,37.6,31.2,24.8,6.4
"VerHagen, Drew",572403,2023,32,".216",".383",".314","71.8",22.6,4,"88.1","15.5",30.1,8.1,36.4,65.3,21.3,28.2,51.3,78.7,30.6,46.4,61.3,41,31.8,20.2,6.9
"Manaea, Sean",640455,2023,31,".238",".401",".306","71.1",17.2,9,"89.4","13",35.8,8.7,36.4,70.6,17.7,26.9,42.8,82.3,24.2,49.8,62.1,42.4,24.3,26.2,7.2
"Kelly, Merrill",518876,2023,34,".241",".394",".294","72.3",29.9,6,"89.6","11.8",35.1,7.8,41.8,68.3,18.1,33,42.3,81.9,27,49.1,61,45.7,23.6,24,6.7
"Martinez, Justin",679885,2024,22,".216",".288",".269","70.7",17.4,10,"86.4","-0.3",27.9,2.8,31.8,65.6,23.3,30.5,57.3,76.7,34.5,47.5,63,60.3,12.8,23.5,3.4
"Sugano, Tomoyuki",608372,2025,35,".289",".524",".342","72.4",28.3,10,"90","14.5",38.5,11.8,39.8,66.1,10.1,29,36.5,89.9,18.5,47,57.2,40.8,28.6,24.2,6.5
"Bassitt, Chris",605135,2025,36,".252",".400",".324","71.5",22.6,28,"87.7","10.5",34.5,8.5,36.6,66.8,18.5,25.2,36.9,81.5,23.3,46.8,59.6,46.1,21.6,24.2,8.1
"Hentges, Sam",656529,2023,26,".262",".388",".292","71.3",20.6,6,"91.6","0.9",32.9,5.4,49,62.8,14.3,26.5,59.5,85.7,27.4,45,56.1,57.7,16.1,25.5,0.7
"Clase, Emmanuel",661403,2023,25,".232",".359",".265","70.6",16.8,3,"88.4","1.9",29.4,5,37.6,71.5,17.3,30.9,56.5,82.7,27.4,53.4,56.7,56.6,19,20.8,3.6
"Jackson, Andre",656578,2023,27,".265",".480",".310","71.5",20.8,4,"90.8","14.5",39.2,10.8,44.3,69.6,20.4,25.8,35.7,79.6,24.4,48.3,60.7,36.9,29,26.1,8
"Kremer, Dean",665152,2023,27,".264",".458",".317","71.7",24.7,6,"89.7","12.7",36.9,8.9,40.3,69.2,18.5,26.3,38.4,81.5,24,47.7,62.6,40.2,26.8,28,5
"Robertson, David",502085,2024,39,".210",".332",".257","71.1",19.3,7,"88.7","9.9",31.1,5.5,37.8,61.8,22,25.6,47.1,78,29.5,43.4,59.7,47,26.2,22.6,4.3
"Bieber, Shane",669456,2023,28,".280",".453",".307","70.7",14.1,1,"91.6","9.5",34.4,7.8,47.8,64.4,11.7,29,50.5,88.3,24.3,46.1,67.4,47.5,22,26.1,4.4
"Gordon, Tanner",685299,2025,27,".294",".530",".374","72.1",26.6,6,"90.1","17",42.4,11.4,41.2,73.6,13.4,27.1,33.8,86.6,18,53.2,65.9,35.3,29.4,28.2,7.1
"Kelly, Merrill",518876,2024,35,".262",".483",".311","72.7",30.6,7,"90.5","11",33.5,10.7,40.9,68,12.6,30.6,38.2,87.1,21.3,48.2,63,42.8,29.8,23.3,4.2
"Sands, Cole",663485,2025,27,".235",".404",".296","71.7",23,7,"89.4","12.4",32.1,9.9,41.5,66.7,15.3,27.7,41.2,84.7,22.2,48.5,60.9,43.9,25.9,22.6,7.5
"Robertson, David",502085,2023,38,".202",".350",".289","72",26.6,2,"89.3","15.2",30.1,6.1,37.4,62.4,22.3,28.7,49.4,77.7,31.2,45,64,44.2,26.4,19.6,9.8
"Jax, Griffin",643377,2024,29,".186",".312",".227","70.9",15.6,22,"88.2","6.3",23.9,8,38.7,65.8,24.4,38.3,60.8,75.6,37.8,52.1,71.3,52.1,23.9,17.8,6.1
"Bender, Anthony",669622,2024,29,".229",".341",".296","71",19.4,7,"87.7","8.7",32,4.8,40.8,57.8,13.1,27.2,42.9,86.9,22.2,42.9,55.9,51.7,19,23.1,6.1
"Akin, Keegan",669211,2024,29,".180",".320",".255","70.7",16.5,8,"88.3","18.5",29.7,7.7,37.4,66.3,22.9,25.7,50.7,77.1,30,47.2,63.6,38.5,27.7,20.5,13.3
"Webb, Logan",657277,2023,26,".251",".397",".283","71.9",25.5,9,"90.7","0.6",28.4,6.9,46,62.4,11.3,32.5,39,88.7,20.8,47.4,65.3,62.7,14.9,20.5,1.9
"Yamamoto, Yoshinobu",808967,2025,26,".199",".305",".244","71.8",24.2,20,"88.3","7.7",28.3,5.7,39.7,64,18.9,29.6,50.4,81.1,28.9,46.7,61.8,53.7,22.1,19.7,4.5
"Francis, Bowden",670102,2024,28,".217",".391",".272","71.7",24,12,"89.1","18.9",35.5,8.7,36.2,72.5,16.5,27.1,36.3,83.5,21.2,51.7,61.3,34.5,33.1,22,10.5
"Palencia, Daniel",694037,2025,25,".225",".354",".284","70.9",19.2,16,"90.1","14.4",38.2,4.4,48.5,71.5,21.3,27.1,46.7,78.7,27.5,51,59.8,39.7,25.7,27.2,7.4
"Montero, Keider",672456,2025,24,".260",".446",".337","71.8",23.3,10,"89.1","14.5",37.7,8.1,39.4,64.5,12.4,28.3,39.4,87.6,19.8,47.7,64,41.2,27.1,25.4,6.3
"Burke, Brock",656271,2023,26,".267",".454",".322","70.2",11,2,"89.7","15.8",31,8.6,40.1,77,17.4,30.3,38,82.6,22.2,56.6,63.2,39.6,32.6,20.3,7.5
"Hancock, Emerson",676106,2024,25,".287",".500",".339","72.1",26.2,5,"88.5","16.5",39.6,9.9,46,71.4,17.6,27.6,33.6,82.4,21.9,50,63.9,35.6,28.7,27.7,7.9
"Alexander, Jason",669920,2025,32,".271",".444",".341","72.6",30.9,1,"89.8","10.8",35.1,8.3,45.9,64,19.5,22.2,40.3,80.5,24.6,43.8,67.9,44.6,24.4,25.2,5.8
"Skenes, Paul",694973,2025,23,".202",".321",".247","71.2",20.4,20,"87.6","12.2",29.4,5.8,40.1,68.2,23.3,30.5,45.8,76.7,30.1,49.6,60.8,44.6,24.9,22.8,7.7
"Stanek, Ryne",592773,2024,32,".203",".368",".307","71.2",18,8,"90.2","19",34.2,9.6,41.8,72.6,27.3,32,45.7,72.7,33.2,51.5,66.5,33.6,38.4,20.5,7.5
"DeSclafani, Anthony",543101,2023,33,".282",".492",".328","72.3",32.6,0,"90.1","11.4",34.6,8.3,45.1,67.4,11,27.2,41.9,89,20.3,46.7,61.8,42.2,24.4,27.3,6
"Chapman, Aroldis",547973,2025,37,".175",".278",".177","71.7",24.5,15,"88.8","18.9",34.4,5.5,36.7,76.8,29.1,34.6,53.1,71.2,35.8,57.3,70.6,38.3,28.1,23.4,10.2
"Bummer, Aaron",607481,2023,29,".217",".304",".313","70.2",12.8,5,"89.2","-2",27,2.7,44.6,53.5,19.2,27.7,56,80.8,32.5,40,60.6,60.1,16.2,21.6,2
"Zerpa, Angel",672582,2025,25,".246",".400",".330","70.6",14.1,11,"89.5","0",30.6,8.3,43,57,8.4,26.6,37.1,91.6,16.4,43.3,64.4,63.7,16.1,18.1,2.1
"Cuas, Jose",621016,2023,29,".251",".446",".339","70.5",18,5,"89.9","10.1",36.3,11.7,41.3,66.7,21.7,27.5,46.3,78.3,29.7,45.5,60.6,45.3,22.3,25.7,6.7
"Manoah, Alek",666201,2023,25,".262",".471",".370","71.6",27.4,2,"89.5","16.3",33.6,9,44.8,67.9,15.1,26,36.7,84.9,21.8,45.4,59.5,38.8,29.1,24.3,7.8
"Phillips, Evan",623465,2024,29,".223",".354",".288","70.7",16.3,6,"85.9","11.9",36.1,6.1,32.7,64.9,17.4,27.9,54.1,82.6,27.7,47.2,63.4,40.1,32.7,21.1,6.1
"Martin, Chris",455119,2023,37,".263",".348",".243","70.6",16,2,"84.5","4.1",35.9,2.1,31,73.2,21.1,38.3,28.8,78.9,23.3,58.3,77.6,50.3,15.2,30.3,4.1
"Milner, Hoby",571948,2025,34,".235",".405",".298","71.2",22.4,3,"88.4","6.7",28.3,9,36.8,59.3,10.7,24.8,29,89.3,15.5,43.6,63.8,53.8,24.1,18.9,3.3
"Feltner, Ryan",663372,2024,27,".254",".423",".320","71.5",21.6,18,"88.1","11.9",33.1,6.5,36.8,68,17.6,25.7,42.6,82.4,23.9,48.1,62.6,44.4,25.7,24.8,5.1
"Lawrence, Justin",664875,2024,29,".296",".463",".387","70.5",20.5,11,"90","5.7",32.5,7.7,42.3,64.4,14.9,23.9,41.8,85.1,22.6,43.4,53.8,52.6,18.6,27.3,1.5
"Walker, Taijuan",592836,2023,30,".245",".410",".313","72",28.3,10,"89.1","11.1",33.1,6.8,40.9,63.7,13.5,27.4,34.5,86.5,20.5,44.1,60.7,45.3,25,23.4,6.2
"Leclerc, José",600917,2024,30,".212",".353",".300","71.4",21.4,11,"87.4","18",36.2,7.4,30.7,69.2,27.2,29.8,52.3,72.8,36,47.3,55.9,37.4,29.4,24.5,8.6
"Jackson, Luke",592426,2024,32,".227",".382",".328","71.7",21.3,16,"89.2","8.4",31.8,8.8,39.9,65.7,16.9,31,52.9,83.1,29.7,47,68.9,51.4,25,20.9,2.7
"López, Pablo",641154,2025,29,".249",".398",".274","71.5",22.8,12,"88.7","14.4",39.5,6,35.3,64.7,16.1,32.1,46,83.9,25.9,48.5,60.3,38.6,27.4,27.4,6.5
"Erceg, Lucas",668674,2024,29,".221",".342",".259","71.2",20.4,11,"85.9","6.6",31.4,6.3,33.3,64.6,22.1,31.9,47.8,77.9,31,47.6,60.2,46.5,24.5,24.5,4.4
"Mlodzinski, Carmen",669387,2024,25,".226",".341",".272","70.8",14.8,10,"89.3","12.9",29.6,2.8,35.2,70.1,19.3,27.4,42.6,80.7,26.1,48.2,62.5,46.5,29.6,18.3,5.6
"Megill, Tylor",656731,2025,29,".220",".347",".303","71.6",25.7,19,"90.3","14.8",30.1,6.3,43.8,62,20.9,28.6,50.8,79.1,30.7,44.9,61.6,40.9,23.9,25.6,9.7
"Kershaw, Clayton",477132,2025,37,".250",".378",".292","73",37,9,"89.7","11.6",31.3,4.1,42.1,64.6,13.8,24.9,53,86.2,24.3,45.3,61.1,48.2,22.2,22.2,7.3
"Matsui, Yuki",673513,2024,28,".201",".335",".283","71.8",22.8,7,"88.5","18.2",30.4,6.8,37.3,72.3,19.9,33,52.8,80.1,31.9,50.4,59.4,37.9,31.1,20.5,10.6
"Ginkel, Kevin",656464,2024,30,".229",".367",".300","70.6",18.2,16,"89.8","10",35.2,5.6,40.8,68.3,18.1,31.9,47.2,81.9,27.9,49.3,63.9,42.9,25.5,27,4.6
"McGough, Scott",543518,2023,33,".235",".416",".318","72.2",25.8,4,"91.3","10.5",30.1,10.4,48.6,64.8,20.5,31.8,53.7,79.5,32,47.7,58,49.2,23,22.4,5.5
"De Los Santos, Enyel",660853,2025,29,".246",".413",".308","71.9",24.9,4,"87.6","16.8",38,8.9,40.1,71.6,24.8,28.5,45.2,75.2,30,51.6,66.2,33.3,26.6,29.7,10.4
"Williams, Trevor",592866,2025,33,".277",".435",".352","71.9",24.2,9,"90","18.1",39.6,8.4,40.7,66.6,14,26.5,34.7,86,19.8,46.7,67,35.1,30.5,27.7,6.7
"Burnes, Corbin",669203,2023,28,".221",".347",".266","71.5",22.4,9,"86.4","10.5",31,5.3,32.4,65.8,17.9,30,48.8,82.1,28.8,46.3,59.3,44.1,24.3,25.9,5.7
"Doval, Camilo",666808,2023,25,".201",".306",".262","71.2",17.9,5,"88.9","8",26.9,5,41.3,68.7,24.3,29.4,51.7,75.7,33.3,47.8,58.4,52.5,20.6,20,6.9
"Crochet, Garrett",676979,2025,26,".210",".347",".270","72",26.6,48,"87.7","10.5",32.2,7.3,37.3,69,20.6,32.6,50,79.4,29.4,51.8,63.8,49.3,23,20.8,6.9
"Smyly, Drew",592767,2024,35,".232",".373",".325","71.2",20.3,17,"89.2","19.5",34.1,6.4,38.2,68.8,15.3,27.7,49.3,84.7,25.2,48.1,62.6,36.4,29.5,24.3,9.8
"Bradish, Kyle",680694,2023,26,".235",".391",".268","71.6",22.7,13,"90","6.6",33.3,6.9,42,64.2,13.5,27.7,54.5,86.5,26,45.8,57.7,49.1,22.4,25.8,2.7
"Weems, Jordan",607179,2023,30,".221",".430",".294","71.5",20,5,"89.9","16",36.2,11.3,38.3,67.5,19.7,23.4,46,80.3,27,44.3,58.1,39,32.6,22,6.4
"Eovaldi, Nathan",543135,2023,33,".232",".399",".296","72.8",32,7,"88.9","6.4",30.1,7.9,43.1,69.9,18.9,28.6,42.4,81.1,26.4,47.8,60,51.5,21.4,22.2,4.8
"Sands, Cole",663485,2024,26,".223",".388",".259","71.2",17.9,10,"89","17.6",32.8,6.3,37,68.6,19.8,31.7,41.9,80.2,26.6,50.5,65.1,37,35.4,18.5,9
"Scott, Tanner",656945,2023,28,".203",".278",".236","71.3",24.8,10,"85.3","9",34.3,3.4,26.3,66.1,25.8,35.3,57,74.2,36.2,51.2,70.1,50.3,19.4,25.7,4.6
"Fulmer, Carson",608334,2024,30,".247",".443",".326","72.3",27.2,15,"90.6","13",34.1,9.5,44.4,64.9,15.3,30.3,45.2,84.7,25.8,46.3,61.2,42.1,28.2,25.4,4.4
"Criswell, Cooper",681867,2024,27,".259",".409",".327","71.9",25,12,"89.3","9.7",33.2,7,37.4,62.2,12.9,28.5,26,87.1,17.2,44.6,64.9,49.5,23.3,22.4,4.8
"Rea, Colin",607067,2024,33,".269",".463",".327","72.2",26.6,16,"90.4","15.2",36.3,8.7,42,67.7,15.3,24.5,30.9,84.7,19.3,46.8,64.8,39.5,30.4,24.1,5.9
"Darvish, Yu",506433,2023,36,".239",".378",".321","72.1",26.4,5,"88.4","13.7",33,6.8,38.2,64.4,17.5,27.2,44.5,82.5,25.1,46.4,60.4,42.7,21.5,27.2,8.6
"Woo, Bryan",693433,2025,25,".215",".374",".259","71.9",26.2,19,"89.1","13.8",32.5,9.1,41.8,71.8,20.1,30.1,44.5,79.9,26.2,53.2,66.5,41.4,26.8,22.9,8.9
"Kelly, Kevin",687330,2024,26,".240",".373",".268","71.4",19.7,7,"86.9","4.9",29.9,5,36.8,59.6,14.2,26.1,37,85.8,20.1,44.8,70.1,56.2,17.4,21.9,4.5
"Bassitt, Chris",605135,2023,34,".238",".409",".304","70.6",17.2,7,"87.5","13.2",36,8.3,35.3,65.6,16.6,27,36.3,83.4,21.9,47.3,63.4,42.9,27.1,23.2,6.9
"Peguero, Elvis",665625,2023,26,".236",".347",".280","72.9",33.3,4,"89","2.1",30.4,3,38.1,63.8,17.7,34.2,49.5,82.3,31.3,46.5,55.4,56,19.6,21.4,3
"Anderson, Chase",502624,2024,36,".239",".443",".329","71.7",25.4,2,"86.5","20",33,8.5,33,70.3,21,23,32.2,79,23.8,46.4,57.6,31.9,34,22.3,11.7
"Stratton, Chris",608717,2023,32,".222",".393",".283","71.3",23.2,1,"89.7","17.3",30.4,8.3,39.1,67.1,18.8,27.2,30.4,81.3,22,47.5,61.2,39.1,31.7,20.9,8.3
"Snell, Blake",605483,2025,32,".224",".322",".278","72.1",30.9,16,"86.2","5.6",35.3,5.8,34,64.1,25.8,34,50.3,74.2,35.6,47.3,64.2,50.6,17.9,26.9,4.5
"Kopech, Michael",656629,2024,28,".190",".354",".277","71.3",20.9,7,"89","16.9",34.2,10.5,40.8,64.4,25.7,28.8,49.4,74.3,32.8,46.9,63.4,38.8,38.2,17.1,5.9
"Thielbar, Caleb",573204,2025,38,".200",".321",".236","71.5",22.3,8,"87.9","19.3",29.8,6.6,31.8,65.4,20.4,32.2,41.4,79.6,26.9,49.7,64.5,39.7,30.5,16.6,13.2
"Allen, Logan",671106,2024,25,".271",".502",".390","71.7",24.5,14,"91","13.4",36,11.4,46.4,69,14,23.6,40.1,86,21.2,45,63.4,44.2,26.6,22.4,6.8
"Suarez, Ranger",624133,2024,28,".248",".371",".297","71.6",23.5,12,"86.9","6.3",32.9,5.1,34.3,66.2,12.9,30.3,39.5,87.1,21.9,47.3,64.5,53.2,18.2,24.4,4.1
"Nardi, Andrew",677053,2023,24,".187",".302",".289","71.6",21.9,4,"84.6","12.3",30.2,6.5,27.3,69.6,19.8,32.2,47.4,80.2,28.7,50.6,65.1,45.3,24.5,20.9,9.4
"Chafin, Andrew",605177,2023,33,".228",".399",".324","72",28.1,2,"86.8","13.9",38.6,9.8,32.6,60.3,17.8,31.2,50.3,82.2,31.8,43,59.8,40.2,24.2,27.3,8.3
"Soroka, Michael",647336,2024,26,".234",".407",".324","71",19.7,9,"87.6","15.8",34.7,9.7,35.2,63.6,15.6,24.9,46,84.4,24.8,43.3,55.2,41.7,27.8,20.8,9.7
"Bird, Jake",656234,2023,27,".259",".410",".320","71.3",21.6,4,"89.7","5.3",33,8.1,43.7,66.2,14,22.7,44,86,21.1,45.6,57.7,52.6,20.7,23,3.7
"Rodriguez, Grayson",680570,2024,24,".229",".396",".310","71.4",21.8,17,"89.2","13.4",36.9,7.8,39.7,68.4,21.6,30.6,50.2,78.4,30,50.2,67.8,40.6,26.9,26.3,6.3
"Hoffman, Jeff",656546,2025,32,".199",".409",".320","71.8",23.4,21,"89.3","15.7",31.4,12.8,39.5,67.4,20.7,35.1,51.5,79.3,31.6,50.7,68.2,40.7,26.7,22.1,10.5
"Johnson, Pierce",572955,2023,32,".233",".379",".335","70",12.5,8,"90.7","13.1",43.9,6.4,47.1,62.4,17.6,33.3,58.2,82.4,33.1,46.8,63.8,37.6,22.3,35,5.1
"Gil, Luis",661563,2025,27,".254",".420",".311","72.3",28.1,4,"90.5","21.3",35.5,8.3,42.6,65.1,16.4,20,40.7,83.6,21.5,44,58.2,32,29.6,26.6,11.8
"Skubal, Tarik",669373,2025,28,".206",".344",".245","71.2",21,27,"86.1","12.7",35.6,8.1,33,70.9,24.9,35.1,51.3,75.1,32.5,54.8,71.5,41.6,27.3,23.5,7.7
"Mears, Nick",683232,2024,27,".213",".360",".324","70.9",18.7,13,"88.1","14.3",38.2,7,33.1,66.1,20.9,30.4,47.6,79.1,28.5,49.5,66.3,40.8,29.9,24.2,5.1
"Montero, Rafael",606160,2025,34,".204",".328",".283","72.2",28.9,10,"88.3","11.4",25.3,7,38.6,67.7,19,31.1,46.6,81,29.3,47.1,66.5,48.7,25.9,19.6,5.7
"Javier, Cristian",664299,2023,26,".228",".451",".317","71.9",25.6,11,"89.1","23.8",38.1,9.4,38.3,69.3,19.8,29.3,42.1,80.2,27.1,48,55.3,26.1,38.8,24.2,10.9
"Kerkering, Orion",689147,2025,24,".228",".353",".300","71.8",23.9,12,"85.9","15",36.5,6.5,33.5,57.9,18.7,25.1,37.4,81.3,23.7,42.9,62.1,43.5,25.3,22.9,8.2
"Abreu, Albert",656061,2023,27,".222",".397",".332","71.5",18.7,3,"89","12.6",27.9,7.3,41.8,62.2,18.8,23.1,44.8,81.2,26.3,42,55.8,46.1,29.7,18.8,5.5
"Harvey, Hunter",640451,2023,28,".220",".384",".252","71.3",25.2,2,"89.6","11.7",32,8.5,41.2,68.8,21.8,30.4,38,78.2,26.3,50.9,61.5,43.8,31.4,20.9,3.9
"Gray, Jon",592351,2024,32,".272",".447",".309","71.7",23.8,11,"90.5","15.3",34.8,8.6,42.2,70.6,14.6,29.8,48.9,85.4,23.8,51.6,62.3,40.6,26.8,25.8,6.8
"Márquez, Germán",608566,2025,30,".287",".504",".393","72.6",32.5,20,"91.7","15.6",35.8,11.1,48.5,68.7,9.8,26.2,42.9,90.1,18.6,48,58.7,36.9,28.5,28.1,6.6
"Abbott, Andrew",671096,2023,24,".223",".399",".320","71.6",21.7,13,"91.2","21.6",36.7,9.2,42.5,66.8,18.1,27.3,43.5,81.9,25.6,46.8,59.7,29.9,35.7,25.2,9.2
"Wheeler, Zack",554430,2025,35,".189",".313",".263","71.7",24.4,32,"87.4","13.2",36.7,7.2,34.1,69.4,23.1,31.2,50.1,76.9,31.5,50.3,61.4,41.5,28.4,23.8,6.3
"Suarez, Ranger",624133,2023,27,".258",".408",".325","71.5",24.7,6,"87.8","8.1",35.3,7.5,36.1,62.1,15,29.6,38.3,85,23.1,45,61.5,48.8,21,26.4,3.8
"Kikuchi, Yusei",579328,2024,33,".235",".404",".297","71.9",26.4,29,"90.1","14.2",33.5,9.7,45,67.7,21,28,49.5,79,29,48.4,65.4,42.6,29.5,22.9,5
"Akin, Keegan",669211,2025,30,".238",".440",".318","71.1",19.4,9,"89.4","16.7",36.6,9.7,41.7,70.5,17.2,30.1,47.4,82.8,25.6,51.2,66.5,38.3,32.6,23.4,5.7
"Baz, Shane",669358,2024,25,".217",".381",".266","72.1",25.2,7,"90.5","18.1",28.3,7.3,42,73.6,16.6,24,52.2,83.4,24.6,50.2,62.7,39.3,32,19.6,9.1
"Flexen, Chris",623167,2023,28,".292",".512",".392","71.3",21.9,5,"89.4","15.1",38.6,9.4,41.4,70,15,27.4,39.8,85,22.3,48,61.8,38.9,24.9,28.6,7.7
"Knack, Landon",689017,2024,26,".224",".444",".304","71.7",25,6,"90.6","21.1",35.7,10.2,43.9,67,17.4,25.6,37.6,82.6,23.1,46,58.4,31.1,36.7,23,9.2
"Finnegan, Kyle",640448,2023,31,".260",".442",".320","71.8",28.2,5,"92.2","9.4",34,8.5,47.5,70,17.9,24.6,48.8,82.1,24.8,49.5,63.8,47.5,17.5,27,8
"Ortiz, Luis",682847,2025,26,".247",".442",".312","72.1",24.7,12,"91.8","9.4",32.9,10.3,47.7,66.9,18.8,25,57.4,81.2,28.9,46.5,63.1,46.9,24.3,23.5,5.3
"Severino, Luis",622663,2023,29,".281",".498",".390","71.8",24.2,5,"90.2","13.6",37.9,10.4,45,72,16.6,29.2,32,83.4,20.8,51.5,65.9,43.3,24.5,26.2,6
"Cronin, Declan",686539,2024,26,".238",".354",".308","71.3",22.9,12,"89.5","1.6",29.9,4.9,41.7,67.3,17,25.6,54.1,83,26.6,47.3,58.7,58.3,19.1,20.6,2
"Weissert, Greg",669711,2025,30,".220",".371",".284","71.5",22.2,5,"89.8","13.5",35.5,7.6,38.6,66.1,17.6,26.2,35.3,82.4,22.4,46.7,56.3,41.6,27.9,22.8,7.6
"Whitlock, Garrett",676477,2023,27,".268",".466",".350","71.2",19,2,"90","11.8",37.5,10.2,42.6,68.5,17.5,32.3,53.3,82.5,28.3,51.2,70.4,44,25.9,24.5,5.6
"Cease, Dylan",656302,2025,29,".214",".359",".313","71.5",23.3,37,"88.9","16.6",36.6,8.6,37.5,70.2,22.7,31,54.7,77.3,33.4,49.2,60.1,37.3,30.3,23.8,8.6
"Stratton, Chris",608717,2024,33,".251",".411",".326","71.6",19.6,7,"87.1","11",39,8.5,37.9,63.3,14.7,24.4,34.6,85.3,20.6,42.9,60.2,45.2,23.7,25.4,5.6
"Manning, Matt",666159,2023,25,".262",".502",".281","72.1",27.8,2,"90.9","16.9",33.5,10.9,43.9,65.3,16.2,22.5,28.7,83.8,18.8,46.8,62,38.5,30.5,21.3,9.6
"Wentz, Joey",666214,2025,27,".257",".421",".334","71.8",23.3,20,"90.5","15.9",36.3,9.5,42.8,69.7,14,29,46,86,23.5,49.2,61.8,38.2,27.5,27.5,6.9
"Bednar, David",670280,2024,29,".226",".422",".319","71.8",24.5,6,"90.2","17.9",30.8,9.3,39.5,69.7,22.3,31.5,39.9,77.7,27.6,50.9,61.8,36.6,30.2,22.1,11
"Barlow, Scott",605130,2024,31,".231",".367",".306","70.8",18.3,13,"86.2","9",33.3,5.8,32.6,64.5,19.4,27,57.4,80.6,33.6,42.6,58.8,47.8,21,23.9,7.2
"Valdez, Framber",664285,2023,29,".248",".411",".287","72.3",25.3,9,"91.5","4.2",30.9,8,45.6,65.1,13.8,29,56.1,86.2,26.8,47.2,58.8,55.2,18.5,23.9,2.4
"Bradley, Taj",671737,2025,24,".237",".405",".314","72.3",27.1,26,"89.2","12",31.8,7.2,39.9,68.9,16.3,26.6,45.2,83.7,23.6,48.3,58.2,43.3,26.6,22,8.1
"Koenig, Jared",657649,2025,31,".199",".324",".294","71.4",21,8,"88.7","12.9",29.5,5.1,34.7,59.3,17.2,24.1,40.9,82.8,22.9,43.9,61.4,46.6,33,16.5,4
"Burnes, Corbin",669203,2024,29,".229",".371",".273","71.5",21.7,52,"87.5","11",26.8,6.7,31.6,66.9,15.6,33.1,51.6,84.4,28.6,48.8,63.9,48.8,22.4,19.9,8.9
"Keller, Mitch",656605,2025,29,".259",".430",".313","71.5",21.8,25,"90.1","11.9",34.6,7.8,43.8,68.2,13,25.8,43.8,87,20.6,48.5,59.9,44.3,24.4,24.2,7.1
"Hader, Josh",623352,2025,31,".149",".272",".249","71",20.7,18,"88","29.2",34.2,8.1,34.2,73,26.9,37.8,66,73.1,40.5,55.1,71.7,22.5,35.1,22.5,19.8
"Sims, Lucas",608371,2023,29,".173",".333",".287","70.6",15.4,5,"87.6","27.6",32.1,8.8,32.1,67.7,23.4,27.8,52.5,76.6,33.1,45.7,55.3,24.8,39.4,21.2,14.6
"Smith, Cade",671922,2025,26,".201",".299",".255","71.1",21.5,12,"89.2","15.8",38.7,4,37,70.3,26.8,32.4,52.2,73.2,34.3,52.3,62.6,36.4,27.2,30.1,6.4
"Sale, Chris",519242,2024,35,".211",".323",".260","70.6",17.1,26,"86.5","9.6",34.9,5.6,31.2,63.9,21.7,33.5,49.4,78.3,31,49,69.1,46,24,25.8,4.2
"Machado, Andrés",600921,2023,30,".283",".517",".356","71.4",23.1,5,"87.8","10.1",38.7,11.3,39.3,68.5,17,32.1,39.3,83,24,50.6,60.5,44,29.3,24,2.7
"Newcomb, Sean",656794,2025,32,".250",".374",".306","71.5",21.2,7,"88.9","9.9",33.8,5.7,41.8,64.1,15.8,26.9,36,84.2,21.4,46.2,58.8,47.5,21.7,25.5,5.3
"Matz, Steven",571927,2025,34,".233",".404",".291","71",20.3,9,"88.4","10.7",31.6,6.3,40.5,63,12.8,29.8,35.3,87.2,18.8,48.6,65,47.7,21.5,21.9,8.9
"Peguero, Elvis",665625,2024,27,".247",".364",".317","71.7",21.5,9,"90.1","3.2",29.1,5.3,40.4,63.4,13.1,33.8,51.3,86.9,27.7,47.5,63.1,56.3,16.6,23.8,3.3
"Soto, Gregory",642397,2024,29,".235",".381",".340","70.6",16.4,8,"88.6","6.2",34.7,7.6,43.8,65,17.8,30.1,58.1,82.2,31,47.1,59.1,51.4,19.4,24.3,4.9
"Priester, Quinn",682990,2023,22,".291",".479",".394","72.5",30.5,5,"89.7","4.6",32.1,8.3,47,64,14.3,25.9,44.7,85.7,23.3,44.6,59.8,53,17.9,23.2,6
"Hill, Tim",657612,2025,35,".241",".384",".274","71.9",26.7,6,"90","-2.2",21.4,7.9,45.1,71.9,13.5,34.5,23.1,86.5,16.4,54.2,71.4,64.2,18.1,15.8,1.9
"Gilbert, Logan",669302,2024,27,".220",".373",".255","71.7",24.8,34,"89.6","12.6",33,7.2,39.3,70.3,20.4,29.9,58.7,79.6,31.7,50.4,67.9,45.2,24.4,23.8,6.6
"Gray, Sonny",543243,2024,34,".235",".401",".292","71.5",21.2,35,"89.6","11.5",38.1,8.9,37.9,65.9,17.7,30.7,56.7,82.3,29.8,48.7,63.6,44.2,24.7,26.4,4.7
"Valdez, Framber",664285,2025,31,".241",".370",".295","72.3",26.4,31,"90.8","2.7",28.1,6.7,46.3,64,15.3,29.8,52.1,84.7,26.6,47.3,61.7,59.4,16.5,21.7,2.4
"Pérez, Cionel",672335,2023,27,".240",".342",".311","71.4",20.1,5,"89.2","1.5",21.5,2.9,41.9,64.5,12.7,27.7,37.2,87.3,20,46.2,60,62.8,14.5,18.6,4.1
"Hancock, Emerson",676106,2025,26,".291",".468",".339","72.1",26.8,5,"89","13.4",35.4,7.7,42.5,71.8,15.3,26.3,34.6,84.7,20.3,49.6,65.2,43.9,25.3,24.9,6
"Green, Chad",643338,2024,33,".232",".447",".276","71.6",24.7,6,"91.3","17.2",35.1,8.8,45.9,74.3,18.5,30.8,34.9,81.5,23.3,52.6,65.4,36.5,33.1,21.6,8.8
"Hand, Brad",543272,2023,33,".253",".398",".344","70.1",12.7,5,"88.8","14.2",38,7.3,37.3,62.4,12.2,28.1,43.9,87.8,22.3,44.9,60,39.3,21.3,32.7,6.7
"Seymour, Ian",693855,2025,26,".237",".384",".274","72.7",29.8,4,"88.7","15.1",39.7,7.1,37.8,70.3,21.4,26.2,43.9,78.6,27,49.5,60.7,37.2,26.3,30.1,6.4
"Ohtani, Shohei",660271,2023,28,".201",".375",".277","71.3",19.1,0,"86.4","11.5",34,10.1,35,65.9,22.4,25.8,54.1,77.6,30.8,46.7,60.1,45.8,25.6,20.5,8.1
"Barlow, Scott",605130,2023,30,".233",".341",".299","70.4",15.2,5,"85.5","11.2",39.2,4.4,29.8,59,18.7,30.7,52.3,81.3,31.2,43.9,58.9,44.2,18.8,29.3,7.7
"Gore, MacKenzie",669022,2024,25,".249",".383",".324","71.7",22.6,23,"88","13.5",36.2,6.8,38.1,73.1,19.8,27.4,52.5,80.2,28.6,50.4,58.1,39.5,25.4,29.6,5.5
"Suárez, Albert",544150,2024,34,".241",".420",".320","71.5",21.1,10,"88.8","17",38,7.1,38.4,76.1,19.2,28,37.4,80.8,24.6,50.4,58.9,35.5,31.6,25.5,7.3
"Pfaadt, Brandon",694297,2024,25,".243",".402",".312","72.1",26,20,"89.4","14.1",33,8.1,39.4,67,17.1,29.6,46.4,82.9,25.4,49.3,70.7,42.2,28.8,22.9,6.1
"Bautista, Félix",642585,2023,28,".139",".241",".218","71.9",22.6,2,"88.6","21.4",31.3,8.1,34.3,72.9,35.4,32.6,61.3,64.6,44.3,51.2,58.6,36.4,32.3,22.2,9.1
"Elder, Bryce",693821,2025,26,".266",".448",".336","72.6",32.1,25,"90","8.5",34,7.7,43.8,65.6,10.8,28.5,47.3,89.2,22.5,46.3,59.8,48.9,25.1,23.8,2.2
"Castillo, Luis",622491,2023,30,".226",".414",".289","71.7",24.9,6,"90","15.9",31,9.4,41.8,73.4,22.9,31.3,48.2,77.1,30.6,52.1,63.7,39.5,27.6,23.9,9
"Cabrera, Génesis",650893,2023,26,".226",".420",".311","72.1",23.5,1,"91.4","17.1",29.7,11.6,47.7,71.4,22.3,30.3,45.7,77.7,29.8,49.7,58.1,38.7,31,22.6,7.7
"Adam, Jason",592094,2023,31,".215",".407",".283","70.8",20.5,1,"87.2","14.4",30.6,12.1,39.5,64.1,30,29,43.4,70,34.4,45.9,64.9,41.9,29.8,17.7,10.5
"Miller, Bobby",676272,2023,24,".227",".360",".283","71.2",22.5,8,"88.3","10.3",33.3,6,37.6,67.8,19.7,28.6,43.4,80.3,26.8,48.2,64.6,47.7,24.7,23,4.6
"Abreu, Bryan",650556,2025,28,".211",".338",".261","72.1",27,23,"90.6","16.9",35.9,8.3,45.5,65.3,28,29.9,65.6,72,41.2,46.2,57.4,35.9,24.4,30.8,9
"Strickland, Hunter",519326,2024,35,".211",".395",".286","72",27.6,3,"88.9","21.7",30.3,9,35.5,66.7,17.1,27.9,36,82.9,22.8,47,55.6,35.1,35.1,18,11.8
"Smyly, Drew",592767,2023,34,".238",".404",".348","71.7",23.1,10,"87.6","19.2",35.9,7.3,33.6,64.4,17.9,31.8,42.7,82.1,27.1,46.6,62.6,35.9,28.1,24.3,11.6
"Moll, Sam",594580,2023,31,".199",".284",".265","70.1",17.9,0,"87.7","7.9",26.4,2.5,35.6,61.2,16.8,26.5,36.9,83.2,22.5,44.6,58.8,52.1,23.3,19,5.5
"Weaver, Luke",596133,2023,29,".282",".501",".385","72.2",26.1,6,"89.3","15.4",40.2,9.8,42,69,17.7,24.8,33,82.3,21.6,47.3,60.2,35.9,27.6,29.3,7.3
"Little, Brendon",663893,2025,28,".195",".291",".273","72.7",35.2,26,"89.7","1.4",30.6,6.4,47.1,59,19.5,30,70.5,80.5,43.5,40.6,56.7,59.9,14,21.7,4.5
"Alcala, Jorge",660896,2024,28,".192",".347",".273","71.3",21.2,7,"86.6","19",32,7.2,32.7,70.3,22.5,26,44.4,77.5,28.1,48.9,64.7,35.3,31.4,19.6,13.7
"Foley, Jason",671345,2023,27,".259",".384",".275","71.2",16.9,6,"88.2","3.7",29.3,4.4,42,64,11.9,32.8,29.8,88.1,17.9,48.4,63.5,56.6,15.1,25.4,2.9
"Hudson, Dakota",641712,2023,28,".286",".491",".350","72.5",28.8,4,"90.5","4.6",30.9,8.9,45.4,70.3,12.1,24.6,42.7,87.9,20.2,47.1,54.8,51.7,21.2,24.5,2.6
"Blanco, Ronel",669854,2023,29,".238",".447",".352","71.1",20,1,"88.5","17.2",34,11.8,34.7,76.5,23,29.1,56,77,33,51.2,58.4,34.7,34.7,26.4,4.2
"Bummer, Aaron",607481,2024,30,".230",".287",".305","70",14.1,8,"86.6","0",29,1.3,32.9,58.6,19.4,28.7,40.4,80.6,26.7,43,57.4,61.3,9,25.8,3.9
"Baumann, Mike",657508,2024,28,".239",".426",".344","71.6",23.7,12,"91.1","14.5",33.9,9.2,43.7,69.9,16.2,27,46.2,83.8,24.5,48.6,57.6,39.1,33.3,22.4,5.2
"Gibson, Kyle",502043,2024,36,".259",".435",".323","71.9",25.2,18,"88.2","12",34.3,9.2,39.1,64,14.6,26.3,47.5,85.4,25.9,42.9,57.6,44.5,25.5,24.2,5.8
"Megill, Tylor",656731,2024,28,".233",".399",".304","71.2",21.6,15,"88.9","12.3",36.4,10,42.6,68.9,19.7,30.2,47.6,80.3,28.6,49,58.2,40.2,26.8,26.8,6.2
"Hoeing, Bryan",663773,2024,27,".283",".460",".259","71.5",23,7,"90.9","7.2",36.6,7.8,45.8,61.6,14.9,28.3,40.2,85.1,22.5,45.5,62.4,48.4,19,27.5,5.2
"Crawford, Kutter",676710,2023,27,".205",".380",".290","72",24.2,7,"87.8","20.4",30.5,7.7,35.3,72.9,21.5,31.9,39,78.5,26.8,52.4,62.6,35,31.9,19.1,14
"Garrett, Reed",657585,2025,32,".228",".342",".292","72.1",24.2,14,"88","12.7",36.1,4.8,40.8,61.8,18.5,31.9,49.1,81.5,30.5,45.3,64.4,42.2,24.5,27.2,6.1
"Speier, Gabe",642100,2025,30,".188",".311",".247","71.5",23.9,9,"89.7","15",26.9,9,40.7,66.1,23.7,35.5,46.7,76.3,30.9,52,69.4,40,34.5,18.6,6.9
"López, Reynaldo",625643,2024,30,".238",".402",".271","71.1",19.7,22,"89.8","13.8",37.3,8.8,42.2,67.2,17.8,30.6,49.1,82.2,27.5,49,64.3,39.6,25.4,28.8,6.3
"Ober, Bailey",641927,2025,29,".249",".462",".344","72.1",25.4,14,"89.6","22.5",33.8,10.9,39.1,68.6,16.6,33.8,40.4,83.4,24.1,51.7,65.4,30.6,34,23.1,12.4
"Muñoz, Andrés",662253,2025,26,".194",".293",".228","70.5",16.1,12,"86.9","8.8",31.9,6.5,39.9,65,24.6,31.3,58.5,75.4,36.5,47.1,60.2,51.4,21.7,23.9,2.9
"Schmidt, Clarke",657376,2025,29,".198",".339",".277","72.5",29,12,"88.1","19.6",32.5,6.6,35.4,67.3,18.5,26.5,48.4,81.5,26.6,47.6,65.8,33,31.6,24.5,10.8
"Baker, Bryan",641329,2025,30,".233",".447",".306","71.4",22.6,9,"90.6","16.7",35.1,12.6,48.3,69.8,23.6,30.1,43.6,76.4,29.1,51.1,63.9,37.9,28.2,24.7,9.2
"Hudson, Dakota",641712,2024,29,".288",".459",".360","72.2",26.4,5,"89.9","7.6",31.7,6.3,42,63.9,11.7,21.2,38.4,88.3,18.6,42.1,60.6,52.3,23.3,21.7,2.7
"Kopech, Michael",656629,2023,27,".236",".457",".363","71.3",20.3,9,"90.3","17.8",31.6,12.7,42.4,63.5,20,24.6,41.5,80,26.9,42.1,53.5,35.6,35,20.3,9
"Rodón, Carlos",607074,2023,30,".250",".478",".357","71.8",22.9,9,"91.6","22.1",37.6,12.2,41.8,76.6,19,30.5,44.3,81,26.3,53.4,59.4,27.5,39.2,25.9,7.4
"Contreras, Roansy",672710,2023,23,".274",".456",".357",,,,"90.5","15.5",37.9,8.4,44.9,67.4,16.4,29,47.2,83.6,26.5,47,61.6,39.3,29.4,24.8,6.5
"Davidson, Tucker",656353,2023,27,".288",".449",".364","72.1",28.6,1,"88.5","12.2",36.1,7.2,34.3,63.8,16,29.3,40.8,84,23.9,46.4,55.3,45.8,25.9,22.9,5.4
"Díaz, Alexis",664747,2023,26,".190",".297",".279","71.1",23.9,9,"89.8","18",29.2,6.5,41.6,71,26.2,27.8,52.5,73.8,34.8,47,54.9,39.6,27.3,21.4,11.7
"Imanaga, Shota",684007,2025,31,".233",".469",".293","72.6",28.9,16,"90.7","21.7",34.3,11.6,43.5,72.7,19.2,31.6,39.2,80.8,24.6,53.8,62.6,30,39.5,19.6,10.9
"Heaney, Andrew",571760,2023,32,".234",".432",".335","71.5",23.3,8,"90.1","14.8",31.4,10.2,38.6,68.3,18.7,30.5,41.8,81.3,26.5,48.2,67.2,41.9,31,21.4,5.7
"Kittredge, Andrew",552640,2024,34,".247",".424",".289","71.7",24,12,"88.9","11.8",33,8.5,39.5,67.9,15.6,38.9,49.5,84.4,27.8,53.5,72.6,45.5,22,26,6.5
"Weathers, Ryan",677960,2024,24,".240",".412",".303","71.7",27.1,9,"89.5","10.4",32.7,8.3,38.2,67.3,17.6,26.8,45.9,82.4,26.1,46.4,60.5,47.6,22.8,22.8,6.7
"Giolito, Lucas",608337,2023,28,".236",".449",".339","71.6",25.1,7,"89.2","18.5",33.3,11,41.6,67.5,18.8,27.1,52.6,81.2,28.8,46.8,61.3,36.1,29,23.1,11.8
"Latz, Jacob",656641,2025,29,".246",".395",".290","71.7",25.3,11,"90","17.6",33.2,6.4,42.6,68.8,19.7,28.8,53.6,80.3,29.4,49.2,60.5,37.9,26.4,25.1,10.6
"Bradley, Taj",671737,2023,22,".238",".443",".344","71.9",27,2,"91.2","17.1",37.5,10.7,46.4,71.8,19.7,27.2,40.6,80.3,25,50.7,62,36.4,24.1,27.8,11.7
"Leone, Dominic",608678,2023,31,".243",".470",".352","71.9",25.2,8,"89.7","14.7",36.4,11.9,44.4,74.4,21.6,32.4,56.2,78.4,34.1,50.7,63.9,37.1,34.4,24.5,4
"Clarke, Taylor",664199,2023,30,".246",".474",".376","71.5",24.4,2,"89.6","19.8",36.4,12.7,41.6,67.4,18.8,34.9,43.4,81.2,27.7,50.3,65.7,31.8,32.4,24.9,11
"Festa, David",701581,2024,24,".235",".411",".324","71.9",24.2,10,"89.5","15.1",41.1,8.6,38.9,66.9,19.7,31.7,45.6,80.3,28.4,48.7,63.9,36.6,25.1,29.7,8.6
"Detmers, Reid",672282,2024,24,".226",".408",".370","71.6",22.1,17,"89.9","16.2",34.3,10.7,39.3,68,21.4,29.7,47.2,78.6,29.2,48.9,62.9,39.7,33.5,20.2,6.6
"Diekman, Jake",518617,2023,36,".198",".287",".271","69.9",11.2,3,"84.6","12.4",29.3,5,27.1,58.4,23.5,23.3,33.9,76.5,26.4,41.1,54.3,46.4,25.7,20,7.9
"Law, Derek",571882,2023,32,".263",".397",".311","70.7",14.9,7,"87","14.2",38,4.8,32.5,68.7,18.9,28.9,44.5,81.1,27.1,47.8,62.1,42.2,25.3,25.9,6.6
"Gibson, Kyle",502043,2023,35,".264",".445",".326","72.2",30.1,8,"89.7","8.2",33.4,7.6,44.5,65.9,15.9,27.8,45.2,84.1,25.4,45.6,62.5,49.7,23.4,22.8,4.1
"Gallen, Zac",668678,2024,28,".242",".390",".301","71.8",25,24,"90","11.8",34.9,7.4,41,63.8,14,29.7,45.2,86,26,44.2,58.8,46.2,23.6,25.8,4.4
"Cruz, Fernando",518585,2023,33,".199",".371",".290","71",22.9,2,"89.1","17",38.7,10,41.3,70.6,23.5,31.1,55,76.5,34.5,48.9,54.5,30.7,34.7,28,7.3
"Marsh, Alec",679525,2023,25,".255",".495",".381","72",29.2,12,"89.7","14.2",40.4,9.6,41.8,64.8,18,28.7,52.4,82,29.6,45.5,60.5,36.1,32.7,27.4,3.8
"Ginkel, Kevin",656464,2023,29,".197",".336",".246","71.5",25.4,12,"88","9.5",32.1,7.5,37.1,67.3,17.6,29.2,58.2,82.4,31.2,46.8,61.8,49.7,23.3,21.4,5.7
"Canning, Griffin",656288,2024,28,".257",".448",".341","72.2",26.8,26,"90.5","14.3",32.4,8.6,41.9,70.2,14.3,29.2,45.9,85.7,24.5,48.4,58.2,41.3,30,22.5,6.1
"Dunning, Dane",641540,2024,29,".257",".470",".347","72.1",28,6,"90.4","13.6",33.8,10.9,45.8,66,17.1,25,41.2,82.9,23.7,45.5,53.1,44.7,29.6,20.8,4.9
"García, Luis",472610,2023,36,".252",".362",".313","70.8",14.6,0,"87.1","-1.1",27.2,4.9,36.4,68.8,15.2,28.5,47.4,84.8,25.4,47.5,55.6,60.9,15.8,21.7,1.6
"Brown, Hunter",686613,2025,26,".217",".339",".262","71.8",25.6,26,"86.1","10.1",31.4,5.9,32.2,62.2,19.3,29.4,43.7,80.7,27.8,44.8,55.8,48.1,23.3,22.2,6.3
"Santana, Dennis",642701,2025,29,".217",".403",".236","72.3",26.9,9,"88.9","15.9",33.2,10.5,37.4,65.5,16.9,34.6,51.3,83.1,27.3,51.6,69.3,38.9,34.2,20.5,6.3
"De Los Santos, Enyel",660853,2024,28,".245",".491",".377","71.4",17.1,6,"89.3","17.5",35.2,12.6,42.3,74,22.4,26.4,52.6,77.6,29.3,52.4,66.8,35.7,31.3,22,11
"Lugo, Seth",607625,2025,35,".256",".480",".329","72",24.7,15,"90.7","14.2",34.8,11.1,45.2,63,13.4,23.8,40.6,86.6,20.6,43.9,66.8,39.3,27.5,26.6,6.6
"Darvish, Yu",506433,2024,37,".226",".392",".286","71.5",21.8,4,"89.4","17.1",32,7.5,39.9,69.5,19.2,30.7,41.7,80.8,25.6,51.5,66.5,39.5,28.5,22.8,9.2
"Peralta, Freddy",642547,2023,27,".211",".364",".291","71.4",23.8,13,"87.6","14.6",32.3,8.6,37.7,68.8,24.2,28.8,53.8,75.8,33.6,47.8,62.4,42.8,27.1,20.5,9.5
"Poche, Colin",621363,2023,29,".188",".294",".258","72",28.2,9,"87.2","21.1",29.4,5.6,31.3,67.5,20.6,31.4,45.7,79.4,29,48.8,58.4,36.3,29.4,21.9,12.5
"Ureña, José",570632,2025,33,".292",".542",".342","72.7",31.7,3,"89.6","15.5",36.8,13,40,70.7,13.9,25.5,36.1,86.1,19.8,48.2,59,37.3,25.4,29.7,7.6
"Bellozo, Valente",678368,2025,25,".260",".510",".339","72.1",27.3,1,"89.7","22",33.8,11.7,41.4,72.2,17.8,26.4,27.1,82.2,20.2,49.9,60.9,32,38,20.3,9.8
"Gómez, Yoendrys",672782,2025,25,".249",".467",".335","71.8",24.5,9,"89.4","17.5",36.9,12.3,37.4,68.1,16.9,26.4,41.8,83.1,23.9,47.1,59.9,36.9,33.2,21.9,8
"Brazobán, Huascar",623211,2025,35,".226",".362",".294","72.3",27.4,11,"87.1","11.5",28.7,8,34.5,65.5,15.6,32.2,39.9,84.4,23.9,48.4,59.8,51.7,25.9,15.5,6.9
"Rodríguez, Yariel",684320,2024,27,".228",".372",".312","71.8",24.7,11,"87.8","16.8",28.9,6.3,37.2,66.3,16.3,27.4,45.2,83.7,25.7,45.4,56,38.5,31.4,20.1,10
"Stroman, Marcus",573186,2024,33,".268",".437",".341","72.1",24.4,19,"89.3","9.9",35.5,6.7,40.2,66.4,11.2,26.5,38.5,88.8,20.4,43.9,59.1,49.9,23.3,22.1,4.7
"Eovaldi, Nathan",543135,2025,35,".219",".358",".240","72.2",28.4,8,"88.6","9.5",31.4,7.4,38.5,68.7,21.5,30,44.2,78.5,27.7,50.7,62.1,51.2,24.9,19.8,4.1
"Myers, Tobias",668964,2025,26,".263",".430",".315","71.8",24.3,1,"90.3","15.4",32.7,6.7,44.8,70.3,18.1,27.2,31.7,81.9,21.4,51,60.5,37,27.9,26.1,9.1
"Anderson, Grant",681982,2025,28,".243",".360",".287","71.3",21.5,14,"88.8","12.2",32,5.2,38.1,66.3,21.5,29.7,52,78.5,30.9,48.1,63.5,42.8,25.8,25.3,6.2
"Pearson, Nate",663878,2024,27,".241",".443",".333","70.6",14.8,15,"90.9","16.8",38,10.2,45.5,65.2,18.9,26.4,51.5,81.1,27.8,46.6,64.9,36.9,28.3,26.2,8.6
"Boyd, Matthew",571510,2023,32,".240",".419",".322",,,,"89.3","17.6",32.5,8.4,36,68.8,22.2,32.1,47.7,77.8,30.8,49.7,64.4,38.9,31,22.2,7.9
"Civale, Aaron",650644,2025,30,".234",".423",".323","71.7",24.9,5,"88.5","19.2",34.9,9.8,39.1,63.9,16,26.3,36.3,84,21.8,45.4,64.1,34.9,31.9,22.8,10.4
"Mikolas, Miles",571945,2024,35,".274",".469",".339","72",26.2,11,"88.8","13.6",38.1,8.1,42.3,66.5,12.5,27.9,28.7,87.5,16.4,49.8,72.4,42,25.2,25,7.8
"Nola, Aaron",605400,2025,32,".246",".417",".346","72.4",24.7,13,"89.4","12.7",35.3,9.1,43.3,61.3,16.2,33.5,40.3,83.8,25.2,46.9,61.4,42.9,26.2,22.5,8.4
"Schwellenbach, Spencer",680885,2025,25,".252",".396",".266","71.6",23.8,14,"88.8","8.3",34.3,7.5,41.5,66.4,19.5,34,49.4,80.5,28.3,51.8,69.1,47.4,19.3,27.1,6.2
"Wesneski, Hayden",669713,2024,26,".232",".434",".293","71.8",25.8,19,"87.6","10.8",32.6,9.3,36.8,62,11.4,30.1,53.6,88.6,25.7,45.6,67.5,44,26.9,20.7,8.3
"Canning, Griffin",656288,2025,29,".252",".435",".303","72.4",28.7,13,"91.2","7.8",31.8,9.4,45.7,64.6,15.3,26.7,50.6,84.7,25.5,45.8,59.3,51.6,22,22.4,4
"Meyer, Max",676974,2024,25,".240",".461",".381","72.6",32.6,9,"90.6","10.1",27.2,13.9,47.8,70.4,12.8,26.1,51.9,87.2,23.9,47.5,60.1,50.6,25,18.3,6.1
"Sandoval, Patrick",663776,2024,27,".257",".399",".329","71.8",23,15,"87.9","11",32.9,5.1,36.3,65.1,18.4,27.1,46.2,81.6,26.5,46.2,55.5,45.7,23.9,26.1,4.3
"Pfaadt, Brandon",694297,2025,26,".285",".494",".339","72.4",29.4,32,"90.8","12.5",39.1,10.9,45.8,67.7,14,30.3,40.7,86,22.1,49.2,64.3,42.3,23.9,28.4,5.4
"Freeland, Kyle",607536,2023,30,".290",".520",".360","72.6",32.6,8,"90.2","14.3",35,8.7,43.5,71.6,10.4,29,35,89.6,17.2,51,65.3,40.9,29.6,24.4,5
"Cueto, Johnny",456501,2023,37,".251",".493",".362","71.8",22,2,"88.2","16.9",37.3,10.6,36.6,73.1,15.9,33.5,26,84.1,19.3,52.4,65.6,34.2,34.8,23.6,7.5
"Urquidy, José",664353,2023,28,".254",".429",".340","71.8",25.2,3,"86.6","17.4",37.9,8.9,34,72,20.1,33.3,34.4,79.9,25,51.4,57.8,36.5,27.1,24.1,12.3
"Smith, Cade",671922,2024,25,".189",".306",".235","71",18,11,"90.4","11.8",39.2,8.4,42.8,67.3,24.7,27.6,47.5,75.3,30.2,49.9,63.3,44.6,21.7,25.3,8.4
"Topa, Justin",623437,2025,34,".282",".400",".311","71.7",23.1,5,"89.3","7.7",35,5.6,44.7,62.7,10.7,29.8,35.8,89.3,18.1,47.2,66.2,47.7,17.8,27.9,6.6
"Uceta, Edwin",670955,2025,27,".219",".395",".300","72.7",30.7,13,"88.6","17.2",39.3,9.3,36.6,73.1,28.6,33.3,50.5,71.4,35.6,53,63.8,32.8,34.4,24.6,8.2
"Duran, Jhoan",661395,2025,27,".210",".297",".248","71.6",22.9,15,"89.4","-2.4",22.2,4.3,41.6,72.7,19.8,32.8,56.4,80.2,30.8,53.2,58.1,65.4,15.1,17.8,1.6
"Williamson, Brandon",682227,2023,25,".260",".449",".321","72",26.6,4,"90.1","17.2",35.8,8.2,41.2,67.3,17.2,25.2,35.8,82.8,22.1,46.6,59.9,37.8,28.4,25.6,8.2
"Brasier, Ryan",518489,2023,35,".227",".348",".248","70.6",19.7,7,"89.5","12.8",31.3,3.8,42.5,70.7,17.6,31.9,41.7,82.4,25.1,51.2,64.3,44.4,23.8,23.8,8.1
"Martinez, Adrián",661309,2023,26,".274",".452",".341","72.2",25.6,7,"88.6","13.7",42.4,10,37.6,67.8,15,26.6,40.4,85,23.1,45.5,52.7,38.2,24.7,30.6,6.5
"Kershaw, Clayton",477132,2023,35,".228",".393",".280","73",34.4,3,"89","11.8",34.7,9,39.1,69.4,18,30.7,49.8,82,28.1,49.6,68.3,47.8,23.3,21.9,7
"Strahm, Matt",621381,2025,33,".197",".330",".267","71.5",24.1,10,"89.4","29.4",33.5,4.3,38.4,68.7,17.1,33.3,40.1,82.9,23.8,52.4,63.7,23.8,36,25,15.2
"Rasmussen, Drew",656876,2025,29,".236",".375",".269","72.1",27.1,20,"90.6","10.1",29.6,6.3,43.3,66,15.1,28.6,41.1,84.9,22.2,48.6,67.4,49.5,23.1,20.9,6.5
"Rodón, Carlos",607074,2024,31,".224",".429",".320","71.9",25.4,34,"90.4","18.1",34.6,11,40.9,70.7,19.9,30.7,50.6,80.1,30.1,49.4,58.3,34.6,35.4,21.9,8
"Miller, Bryce",682243,2025,26,".274",".463",".349","71.8",25.8,4,"92.4","16.8",34.3,9.3,48.6,73.8,18.6,25.7,41.8,81.4,24.2,50.9,61.7,39.3,25.7,25.7,9.3
"Jones, Jared",683003,2024,22,".229",".410",".314","71.7",22.4,19,"89.6","14.5",36.9,9.8,44.5,70.9,22.7,30.4,49.5,77.3,30.2,51.6,62.5,39,28.7,24.4,7.9
"Cortes, Nestor",641482,2024,29,".234",".407",".307","71.9",26.3,18,"89.7","22.4",35,7.9,43.6,73,20.1,27.4,35.6,79.9,24.2,50.4,58.9,31.9,32.1,24,12.1
"Waldron, Matt",663362,2024,27,".244",".413",".323","71.5",22.7,15,"88.1","16.4",33.9,7,35,64.9,16.3,25.1,32.8,83.7,20.8,45.3,62.9,39.1,28.9,22.5,9.5
"Bassitt, Chris",605135,2024,35,".254",".407",".331","71.2",19.6,14,"87.8","14.3",36.3,7.5,37.1,65.4,17,24.6,34.2,83,21.7,45,62.4,40.9,25,26.8,7.3
"Gallegos, Giovanny",606149,2023,31,".247",".453",".322","70.5",12.4,2,"90.5","16.3",38.6,10.1,46.2,71.5,22.3,35.1,60.5,77.7,36.2,51.9,65.9,36.1,31.6,24.7,7.6
"Cosgrove, Tom",676680,2023,27,".185",".270",".238","71.1",16.7,2,"83.9","16.3",24.8,3.6,25.5,65.6,19.5,23.2,42.7,80.5,24.9,46.1,61,41.6,32.1,15.3,10.9
"Holmes, Grant",656550,2024,28,".237",".397",".287","71.7",22.9,17,"88.7","13.9",35.9,6.7,38.5,73.2,18,35.1,61.9,82,32.4,54,64.9,44.1,27.2,22.6,6.2
"Giolito, Lucas",608337,2025,30,".265",".465",".301","72",27.8,13,"90.3","16.7",38.3,9,41.1,67,15.8,26.7,41.3,84.1,22.9,47.3,62.8,39.5,27,23.8,9.7
"Gore, MacKenzie",669022,2023,24,".257",".476",".339","72",24.6,3,"89.9","14.5",35.1,12.1,43.7,69.3,19.1,29.3,47.2,80.9,27.9,48.5,58.9,39.1,28.7,26.5,5.6
"Hurter, Brant",676428,2025,26,".227",".327",".303","71.1",19.4,16,"87.7","9.7",32.2,3.5,36.8,61.5,17.8,26.6,45.3,82.2,26,44.2,60.9,50.9,19.9,24,5.3
"Ryu, Hyun Jin",547943,2023,36,".246",".394",".323","71.6",21.3,5,"87.8","11.7",29.2,7.6,36.8,65.7,17.8,30,28.5,82.2,21.1,48.1,60.7,46.2,23.4,24,6.4
"Wentz, Joey",666214,2023,25,".271",".504",".380","71.2",19.4,6,"89.9","17.4",36.6,11.5,41.5,69.8,17.5,25.4,47.7,82.5,25.5,47.8,62.2,36.9,29.1,24.2,9.8
"Armstrong, Shawn",542888,2023,32,".205",".316",".233","71.7",23.8,3,"87.5","18.1",33.3,3.6,33.3,71.2,21.5,34.7,37.1,78.5,26.3,53.8,62.8,39.1,25.4,25.4,10.1
"Fried, Max",608331,2025,31,".233",".358",".272","71.9",24.4,21,"87.2","6.9",29.6,6.9,37.2,66.6,18.5,27.6,45.9,81.5,26.6,46.9,60.3,52.6,21.2,20.1,6
"Honeywell, Brent",641703,2023,28,".273",".458",".347","71.6",23.8,0,"90.9","10.4",30.4,8.1,47.8,70,16.6,24.9,43.8,83.4,24,46.8,54,49.7,24.2,21.7,4.3
"Greinke, Zack",425844,2023,39,".286",".484",".332","71.2",20.5,1,"89.6","11.9",32.6,7.7,38.8,66.4,10.5,27.9,32.9,89.5,17.3,46.8,66.4,43.7,25.8,25.2,5.3
"Moreta, Dauri",664294,2023,27,".183",".334",".267","71.6",22.3,0,"86.7","13.3",36,8.1,33.1,65.5,24.7,23.9,57.8,75.3,33.6,44.5,58.2,40.4,24.3,24.3,11
"Kluber, Corey",446372,2023,37,".268",".547",".407",,,,"89","19.4",40,12.1,40.5,69.3,13.7,30.2,35.9,86.3,20.9,48.9,66.1,30.5,34.2,24.7,10.5
"Martin, Davis",663436,2024,27,".224",".378",".324","71.7",22.8,13,"87.9","11.9",26.2,7.6,37.9,69.2,15.9,29.5,51.1,84.1,27,48.5,63.2,46.9,26.9,17.9,8.3
"Iglesias, Raisel",628452,2023,33,".219",".376",".285","71.4",23.2,4,"88.8","12.5",35.8,6.8,37.8,73.4,22.4,35.4,51.9,77.6,32.7,53.4,66.1,43.2,27.7,23,6.1
"Díaz, Edwin",621242,2025,31,".170",".264",".234","71.4",23.4,12,"88.5","11.3",32.8,4.6,39.7,65.9,31.5,30.5,61.9,68.5,41.5,47.6,55.4,48.1,23.7,23.7,4.6
"Vodnik, Victor",680767,2025,25,".233",".394",".308","71.9",28.8,6,"91","4.1",31.4,8.6,48.6,68,17.7,22.7,49.5,82.3,26.5,44,56.1,54.3,22.1,21.4,2.1
"Lynch IV, Daniel",663738,2023,26,".265",".467",".312","72.9",28.1,0,"88.2","18.7",29.7,7.6,32,70,15.1,29.2,45.5,84.9,24.6,48.8,64.1,39.5,32.6,16.9,11
"Estes, Joey",683155,2024,22,".243",".468",".333","72",27,13,"89.5","25.4",37.2,9.7,39.6,75.6,15.1,29.8,32.5,84.9,19.2,55.5,66.4,24.9,35,25.8,14.3
"Faedo, Alex",656412,2023,27,".222",".419",".287","71.5",22.1,4,"88.8","18.2",34.4,7.7,33.9,66.1,14.5,28.2,45.8,85.5,23.5,47.7,66.4,36.1,30.6,23,10.4
"Kelly, Merrill",518876,2025,36,".250",".431",".288","72.7",33.1,33,"90.2","13.8",32.4,9.2,43.5,67.1,14.8,32.8,41.6,85.2,24.1,49.3,64.8,43.7,25.8,22.8,7.7
"Bummer, Aaron",607481,2025,31,".267",".372",".310","71",20.6,12,"89.7","2.9",33.3,3.2,39.1,58.3,11.5,29.2,43.7,88.5,22.9,43.1,56.2,55.8,16,27.6,0.6
"Merryweather, Julian",657240,2023,31,".210",".351",".291","69.9",12.6,10,"89.8","14.5",32.1,7.1,40.5,66.4,21.1,30,63.2,78.9,35.1,47.3,65.7,41.7,29.8,22,6.5
"Bazardo, Eduard",660825,2025,29,".206",".359",".252","71.5",21.7,6,"88.5","15.1",32.7,9.4,37.1,58.2,15,23.2,33.9,85,19.4,42.9,65.6,38.6,30.7,23.3,7.4
"Burke, Brock",656271,2025,28,".249",".394",".308","71.7",23.9,3,"89","8.4",31,7.1,40.8,72.9,18.9,27.2,37.9,81.1,23.4,52.4,61.8,53.3,24.5,18.5,3.8
"Paxton, James",572020,2024,35,".253",".416",".324","71.4",21.1,14,"90.5","16",32.6,8,43.1,69.3,12.5,25.8,43.3,87.5,21.1,47.2,63.6,39,29.1,23.3,8.6
"Cease, Dylan",656302,2024,28,".209",".367",".266","71.3",22.8,34,"89","14.1",32.4,8.5,38.6,68.5,22.1,30.5,52.4,77.9,32.4,48.2,59.8,40.3,30.7,22.4,6.6
"Blackburn, Paul",621112,2024,30,".264",".439",".329","71.9",26.1,7,"87.6","11",38.2,8.2,35.6,70.7,15.8,27.8,40.6,84.2,23.5,47.8,58.9,45.9,20.6,27,6.4
"Henry, Tommy",674072,2023,25,".244",".414",".324","73",31.6,2,"87.9","16.8",33.8,7.6,32.4,68.1,15.4,30.8,36.5,84.6,22.3,48.7,57,36.7,29.5,24.5,9.4
"Maeda, Kenta",628317,2023,35,".228",".411",".309","72.1",26.4,8,"90.4","18.3",38.9,8.2,42.1,67.5,17.7,31.2,49.1,82.3,28.2,48.5,61.4,33.6,33.6,26.1,6.8
"Gibson, Cade",806188,2025,27,".245",".348",".279","71.8",25.7,10,"87.9","7.2",31.3,5.6,37.5,58.2,13.2,27.5,40.6,86.8,22.3,42.5,56.6,51.9,17.5,26.3,4.4
"Varland, Louis",686973,2023,25,".246",".479",".335","70.2",15.9,1,"91","12.1",32,10.8,43.8,73.5,19.4,29.5,45.8,80.6,25.9,53.8,70,45.4,30.9,19.6,4.1
"Brown, Ben",676962,2025,25,".254",".451",".345","71.9",26.6,31,"92.4","12.7",36.8,11.4,47.3,65.2,15.3,28.7,60.8,84.7,28.3,47.9,65.5,42.9,26.7,24.8,5.7
"Shuster, Jared",694363,2024,25,".265",".428",".324","71.2",19.6,10,"87.5","17.6",37.9,7.3,31.9,72.4,15.5,25.7,42.7,84.5,23.4,47.3,57.3,35.3,26.7,27.6,10.3
"Ragans, Cole",666142,2023,25,".210",".333",".266","71.9",22.8,10,"87.8","10.6",31.8,6.4,36.9,71.2,23.4,28.4,49.3,76.6,31,49.4,59.3,44.5,26.3,24.2,5.1
"Morton, Charlie",450203,2024,40,".242",".415",".335","71.6",23.5,22,"88.7","9",33,9.3,38.4,66.3,16.1,28,48.5,83.9,26.1,46.6,59.5,47.2,23.3,25.5,4
"Suarez, Robert",663158,2024,33,".216",".366",".262","70.6",16.2,4,"89","16",30.6,7.7,40.4,77.4,21.9,30.9,31,78.1,24.3,55.6,63.6,42.1,26.8,20.8,10.4
"Parker, Mitchell",680730,2025,25,".297",".507",".342","72.1",26.9,27,"92.3","14.7",37.5,9.6,50,70.3,12.4,29.1,39.7,87.6,19.6,51.2,61.9,37.7,27.9,27.5,7
"Gray, Sonny",543243,2025,35,".250",".417",".314","72.6",29.4,42,"88.9","11",34.8,9.8,40.7,63.2,14.4,31.2,54.8,85.6,27.5,47.4,64.5,45.1,23.2,24.4,7.3
"Carrasco, Carlos",471911,2024,37,".257",".443",".360","72.1",27.2,13,"89.3","10.8",35.3,8.1,38.8,69.2,11.4,31.3,43.9,88.6,22.7,48.7,62.6,45.9,24.7,23.4,5.9
"Eovaldi, Nathan",543135,2024,34,".244",".398",".291","71.5",21.9,13,"89.3","8.8",33.5,7.7,42.6,70.3,19.4,32.3,44.5,80.6,26.8,52.2,65.7,48.9,24.5,22.7,4
"Winckowski, Josh",670174,2023,25,".240",".373",".319","70.6",15.7,6,"89.4","8.7",30.3,6.4,41,69.5,17.5,29.7,46.2,82.5,26.2,49.4,62.5,51.4,17.9,23.5,7.2
"Bello, Brayan",678394,2023,24,".251",".415",".334","71.8",24.6,8,"89.5","4.9",28,7,44.3,69.1,16.7,29.5,40.9,83.3,24.4,48.4,64.5,56.3,20.4,19.2,4.1
"Yarbrough, Ryan",642232,2023,31,".266",".440",".317","70.6",20.7,3,"85.4","16.7",32.6,6.6,29.2,67.4,17.1,33.7,35.4,82.9,22.8,51.5,67.6,39.9,26.7,23.3,10.1
"Miller, Bryce",682243,2023,24,".264",".474",".309","72.2",23.3,7,"90.7","17.8",38.7,10.9,42.1,73.6,19,28.6,40.2,81,24.3,52.8,65.9,34.5,29.6,28.3,7.5
"Scholtens, Jesse",669947,2023,29,".268",".453",".349","71.7",26.3,5,"89.3","14.1",35.5,8,37.6,67.4,14.4,26.2,34.8,85.6,20.8,45.2,65.2,41.1,28.6,24.4,5.9
"Paddack, Chris",663978,2025,29,".274",".488",".336","71.6",24,18,"90.7","16.3",35.9,10.2,45.6,71.1,15.3,31.7,32.5,84.7,20.7,51.3,65.8,37.5,28.2,24.5,9.8
"Williams, Gavin",668909,2023,23,".241",".385",".299","71.1",17.2,9,"88","14.6",34.1,5.4,38.6,68.1,23.1,26.6,39.9,76.9,27.8,47.5,63.2,38.6,26.5,28.7,6.3
"García, Luis",472610,2024,37,".234",".385",".314","71.6",22.9,9,"88.7","6.3",33.9,7.1,39.3,67.4,12.3,33.1,46.1,87.7,24,49.7,59.7,50.3,22.4,21.9,5.5
"Matz, Steven",571927,2023,32,".250",".386",".316","70.9",15,2,"89.1","11.8",31.3,4.7,38,66.3,19,27.8,41.6,81,25.3,47.8,61.2,45.9,23.7,24.4,6
"Duran, Jhoan",661395,2023,25,".182",".289",".271","69.9",14.9,5,"89.2","-3.7",21.1,7,38,72.8,26,30.2,57.8,74,35.4,51.4,59.9,66.2,15.5,14.8,3.5
"Rogers, Taylor",573124,2023,32,".205",".358",".292","71.9",22.5,3,"89.7","15.9",25.8,9.7,45.2,55.6,18.5,27.7,43.5,81.5,26.7,41.7,66.7,43.5,25.8,18.5,12.1
"Abbott, Andrew",671096,2025,26,".233",".385",".288","72.2",27.4,22,"87.8","19.3",34.8,8,33.7,69,18.2,30.2,37.6,81.8,24,50,63.5,32.9,32.9,23.5,10.6
"Leasure, Jordan",673929,2025,26,".190",".348",".312","71.6",22.9,10,"89.1","24.3",36.9,10.8,37.6,71.3,21,29.2,55.1,79,31.9,48.8,58.4,28.7,31.8,24.8,14.6
"Quantrill, Cal",615698,2025,30,".281",".517",".367","72.4",29,21,"90.4","16.9",39.4,12.4,44.3,66,12.7,28.6,36.4,87.3,20.2,46.7,61.6,34.3,30.9,28.1,6.7
"Walker, Ryan",676254,2023,27,".209",".316",".328","70.4",16.5,5,"85.1","10.9",32.7,4.4,26.4,59.6,22.6,32.4,48.1,77.4,32,45.5,58.2,44,27,22.6,6.3
"Graterol, Brusdar",660813,2023,24,".244",".335",".245","70.7",13.6,2,"87","1.9",24.2,4.6,32.5,67.2,10.8,30.7,31.8,89.2,16.6,50.7,66.1,66,16,13.4,4.6
"Smith, Will",519293,2023,33,".226",".379",".262","70.9",18.7,9,"88.2","20.4",39,7.8,38.3,69.2,18.7,33.7,47.7,81.3,28.9,50.5,65.8,30.5,33.1,27.3,9.1
"Lopez, Jacob",682052,2025,27,".211",".370",".317","71.6",23,10,"86.9","21.8",39,6.6,33.2,64.9,22.4,28.4,40.2,77.6,28.3,45.6,66.2,28.6,33.6,27.4,10.4
"Brebbia, John",605154,2024,34,".260",".451",".337","70.5",15.6,8,"88.8","19.7",39.9,10.5,37.3,68.7,20.1,32,36.4,79.9,25.5,49.7,67.8,29.4,33.3,29.4,7.8
"Povich, Cade",700249,2024,24,".229",".411",".339","71.4",19.2,7,"88.4","17.8",32.5,8.9,36.6,67.1,16.5,26.1,38.1,83.5,22.3,47.2,61.9,35.4,32.5,22.8,9.3
"Casparius, Ben",676508,2025,26,".240",".393",".312","71.1",22,12,"87.5","19.5",31.9,7.1,31.9,68.9,18.7,29.5,49.5,81.3,27.6,49.7,56.8,34,31.5,24.8,9.7
"Domínguez, Seranthony",622554,2025,30,".198",".297",".280","71.3",22.5,10,"87.5","13.4",34.7,6.9,36.8,65.6,21.4,27.8,55.9,78.6,33.3,44.6,54.2,43.1,21.5,24.3,11.1
"Burrows, Mike",681347,2025,25,".248",".425",".305","72",25.2,9,"89.2","13.8",33.1,10.8,42,67.6,19.9,27.6,46.3,80.1,27,48.7,63.2,41.3,25.3,26.8,6.7
"Smith, Drew",622098,2023,29,".221",".398",".341","72",26.7,3,"89.5","22.7",38,10.7,39.3,71.3,22.2,26.2,34.6,77.8,26,46.5,57.4,30.7,37.3,22,10
"Eflin, Zach",621107,2024,30,".248",".417",".297","71.5",22.2,22,"88.1","13.3",30,7.5,36.1,65.6,14.4,32.5,37.8,85.6,21.6,50,66.5,43.4,26.4,22.6,7.6
"Littell, Zack",641793,2025,29,".255",".459",".311","72.3",28.7,15,"90.2","14.6",32.7,9.9,40.9,69.6,14,30.8,37.5,85.9,20.4,51.8,63.4,40.7,27.8,23.3,8.2
"Schmidt, Clarke",657376,2024,28,".224",".359",".296","71.7",27,6,"89.1","16",31.7,5.9,38,63.1,22.1,27.2,44.7,77.9,29.4,44.2,62.3,40.7,27.6,23.1,8.6
"Bido, Osvaldo",674370,2023,27,".273",".384",".326","71.9",21.4,3,"87.5","17.4",37.1,4.4,37.1,63.1,16.7,27.3,36.2,83.3,22.7,45,61.9,35.8,22.6,31.4,10.1
"Buttó, José",676130,2025,27,".249",".417",".318","71.4",19.5,9,"90.1","8.6",29.8,9.4,39.8,70.4,18.5,29.3,48.1,81.5,28.8,47.2,61,48.2,23.6,23,5.2
"Sousa, Bennett",656986,2025,30,".199",".335",".261","72.2",27.3,11,"89.1","15.9",32.8,8,36.8,68.5,21.2,36.8,67.2,78.8,36.8,53,58.8,39.2,28,24,8.8
"Bernardino, Brennan",657514,2023,31,".240",".380",".313","71.4",20.4,0,"89","7.7",35.1,6.7,32.8,59.9,18,18.5,50,82,24.7,40.7,53.7,49.3,16.4,27.6,6.7
"Brito, Jhony",666745,2023,25,".247",".440",".318","71.4",21,3,"88.6","14.1",30.6,9,36.9,67,18,29.5,30,82,21.7,48.2,59.9,44.4,29.9,19.4,6.3
"Avila, Pedro",658648,2023,26,".235",".347",".304","71.3",20.1,7,"88.5","2.8",26.5,4.4,41.9,66.2,19.7,28.1,47.4,80.3,28.9,45.7,61.4,60.3,15.4,22.1,2.2
"Walker, Taijuan",592836,2025,32,".259",".439",".337","72.4",27.2,16,"89.6","13.4",32.3,7.4,41.4,63.9,12.3,25.8,34.2,87.7,18.5,45.1,61.5,44.8,24.6,22.9,7.6
"Montgomery, Jordan",656756,2024,31,".285",".452",".370","72",25.5,20,"88.6","12.2",36.6,6,41,70.4,17.7,33.3,42.1,82.3,26.9,49.6,62.8,43,24.9,27.6,4.5
"Vest, Will",676684,2025,30,".217",".315",".277","70.8",19.4,12,"88.8","6.1",24.7,4.3,41.4,66.1,18.1,29.9,45.9,81.9,26.7,48,65,58.1,18.3,18.8,4.8
"Woods Richardson, Simeon",680573,2024,23,".236",".406",".305","71.5",21.3,14,"88.4","18.5",35.7,8.2,36.2,69.6,17.2,29.4,34.9,82.8,22.3,49.8,65.7,36.2,30.9,24.2,8.7
"Kirby, George",669923,2024,26,".232",".403",".287","71.1",19.2,36,"89","14.8",30.5,8.1,36.3,73.2,17.9,31.9,39.3,82.1,24.1,53.4,66.3,42.8,26.6,21.3,9.3
"Jiménez, Joe",641729,2024,29,".183",".292",".230","71.6",23.4,14,"87.8","16.3",29.8,4.8,32.7,68.7,20.3,32.6,61.8,79.7,32.9,51.4,65.2,42.9,32.1,18.5,6.5
"Vásquez, Randy",681190,2024,25,".301",".499",".360","72.1",24.5,14,"88.7","15",38.7,8.7,39.6,70.5,12.3,27.2,37.1,87.7,18.9,49.7,60.3,39,21.9,30.3,8.7
"Gil, Luis",661563,2024,26,".205",".363",".288","72.1",26,26,"89.3","19",33.7,9.5,37.4,67.7,21.6,25.5,46.5,78.4,29,45.5,54.8,35,30,23.7,11.3
"Paxton, James",572020,2023,34,".226",".396",".328","71.4",19.5,11,"89.3","13.8",33.3,9.2,39.9,70.7,18.7,29.3,49,81.3,27.6,50,59.9,42.9,26,23.4,7.7
"Senzatela, Antonio",622608,2025,30,".319",".545",".406","71.3",23.2,16,"90.9","10.4",36.4,9.2,46,69.9,11.3,23.2,38.8,88.7,18.1,46.7,61,44.4,24.5,27.6,3.5
"Eisert, Brandon",685126,2025,27,".238",".418",".353","71.6",21.8,10,"87.8","13.2",38.6,9.4,37.1,66.5,23.4,31.1,46.7,76.6,32,46.8,58.5,40.1,30.7,23.3,5.9
"Bellozo, Valente",678368,2024,24,".247",".496",".338","72.4",30.5,3,"90","22.2",34.2,11,42.1,68.4,16.3,22.5,29.3,83.7,19.5,45.4,54.9,29.8,33.3,22.8,14
"Ragans, Cole",666142,2024,26,".213",".344",".277","71.6",22.8,17,"88.3","15.2",31.8,6.2,35.4,69.7,24.3,29.8,48.7,75.7,32,48.9,58.7,41.4,27.3,23.6,7.7
"Bubic, Kris",663460,2025,27,".221",".333",".277","72",26.9,18,"87.6","11.6",32.1,6.6,39.3,64.8,20.4,32.4,47.1,79.6,28.8,49.2,62.2,46.5,19.8,25.8,7.9
"Grove, Michael",675627,2023,26,".269",".472",".363","73",31.4,6,"90","12.6",40.6,9.2,42,66.8,14.9,31.5,54.2,85.1,27.2,49.5,61.3,39.6,23.7,30,6.8
"Cecconi, Slade",677944,2024,25,".252",".461",".366","71.2",20.6,4,"89","17.9",36,10.3,36.4,68,15.2,24.7,35,84.8,19.6,49,68.8,33.6,35.6,23.7,7.1
"Wilson, Steven",621051,2023,28,".179",".347",".289","72.1",26.6,1,"87.2","27.7",28.8,8.3,33.3,67.1,21.4,22.3,42.1,78.6,26.7,44.2,58.3,25.8,34.1,19.7,20.5
"Gallen, Zac",668678,2023,27,".250",".435",".289","72.1",26.9,11,"91.5","12.3",36.4,9.2,46.2,65.2,14.9,30,50.3,85.1,26.4,47.2,66.1,42.3,26.5,27,4.2
"Estévez, Carlos",608032,2025,32,".228",".404",".255","72.2",29.5,7,"89.1","23.4",35.4,10.6,38.1,70.3,14.9,23,34.9,85.1,19,49.4,65.5,25.4,30.2,29.6,14.8
"Pivetta, Nick",601713,2024,31,".217",".412",".306","71.4",21.8,20,"89.4","19.4",38.9,10.1,38.9,69,15.4,30,50.9,84.6,25.6,50.3,68.4,33.4,32.1,25.1,9.3
"Young, Alex",622065,2023,29,".244",".402",".324","71.6",22.6,1,"90.2","12.4",28.5,6.1,44.2,68,16.7,35.5,53.7,83.3,30.3,50.9,61.9,49.7,19.4,22.4,8.5
"Bibee, Tanner",676440,2023,24,".232",".383",".285","71.7",24.3,14,"88.9","16.6",37.8,6.1,38.1,67.4,19.9,27.4,41.8,80.1,26.3,47.2,62.1,37.3,28.4,26.1,8.1
"Greene, Hunter",668881,2023,23,".213",".389",".349","70.7",16.8,7,"90.1","17.4",34.1,9,44.1,70.3,22.6,29.3,48.7,77.4,30.7,49.2,64.5,35.9,35.5,22.1,6.6
"Kolek, Stephen",663568,2025,28,".261",".407",".280","72",26.2,9,"91.1","7.4",32.9,6.1,48,66,10.4,26.2,37.6,89.6,17.7,46.8,63.1,51.7,22.3,22.5,3.5
"Pérez, Eury",691587,2025,22,".203",".366",".275","71.9",24.9,16,"90.5","22.3",31.8,9,46.5,71,20.6,28.4,48.9,79.4,28.4,50.3,58.7,31.4,37.1,21.2,10.2
"Houck, Tanner",656557,2024,28,".256",".394",".276","71.5",22.5,17,"89.4","3.8",30.2,5.7,41.8,62.7,14.1,31.2,39.6,85.9,22.6,46.8,64.9,55.5,17.4,23.7,3.4
"Iglesias, Raisel",628452,2025,35,".211",".376",".266","71.8",24.5,8,"89","20.4",38.9,8.6,34.9,69.1,23.5,32.7,48,76.5,30.9,51.8,62.3,32,33.1,24.6,10.3
"Misiorowski, Jacob",694819,2025,23,".202",".345",".298","71.8",22.9,16,"89","15.9",40.8,7.9,37.5,67.5,21.4,28.6,53,78.6,29.7,49.8,58.1,34.9,28.3,30.3,6.6
"Olson, Reese",681857,2025,25,".244",".391",".287","71.1",21.1,20,"91.5","12",36.8,7.4,44.7,62.5,14.8,30.4,53.5,85.2,29.7,44.4,61.4,43.2,28.4,24.2,4.2
"Fedde, Erick",607200,2024,31,".242",".404",".293","71.6",23.1,15,"88.6","14.9",32.4,7.6,37.7,68.4,15.3,24.5,37.8,84.7,21.6,45.5,64.7,41.7,27.4,22.3,8.5
"Curry, Xzavion",675540,2023,24,".271",".474",".326","71.9",23.3,6,"91.7","19.6",38.4,7.5,45.2,70.4,17.1,24.2,33.3,82.9,20.8,48.9,61.1,31.8,34.1,25.6,8.5
"McCullers Jr., Lance",621121,2025,31,".242",".428",".376","72.2",27.9,11,"90.5","12.1",33.7,11.4,50,61.7,14.8,20.2,53.7,85.2,25.1,40,54.4,47.6,25.9,19.9,6.6
"McGreevy, Michael",700241,2025,24,".274",".457",".318","71.4",21,7,"90.5","9",33.2,8.8,40.1,65.6,12.8,25.3,36.5,87.2,19.2,45.9,60.5,48,24.1,24.1,3.8
"Wentz, Joey",666214,2024,26,".220",".353",".317","71.1",22.9,12,"88.1","15.5",33,7.2,36.1,68.1,18.9,29.6,50.3,81.1,29.6,47.1,59.7,41.8,25.3,23.7,9.3
"Quintana, Jose",500779,2024,35,".254",".414",".312","71.8",25.7,22,"88","10.7",32.9,6.7,38.2,64.5,12,28,38.6,88,22.2,43.1,63,48.2,24,22.2,5.5
"Cabrera, Edward",665795,2023,25,".196",".331",".315","71.8",24.4,12,"87.6","7.6",24,6.9,35.4,60.9,17.1,30.5,50.3,82.9,30.9,43.1,54.4,55.7,22,15.4,6.9
"Stephenson, Robert",596112,2023,30,".179",".363",".243","71.2",19.2,8,"87","19.4",31.5,13,32.4,68.1,29,41.3,71.6,71,46.6,53.7,68.3,34.3,31.5,21.3,13
"Civale, Aaron",650644,2024,29,".242",".408",".327","71.6",22.7,13,"89.4","17.2",36.5,7.3,39.4,64.4,13.3,27.6,40.1,86.7,21.9,45.2,63.7,35.9,29.3,26.6,8.3
"Hernández, Carlos",672578,2023,26,".249",".438",".319","71.5",22.4,6,"90.2","17.7",40.3,9.9,44.5,74.4,22.5,30,49.2,77.5,30.4,51.8,59,33,31.9,28.8,6.3
"Williams, Devin",642207,2025,30,".192",".315",".271","72",25.8,4,"89.5","11.3",32.1,9.3,35.7,67.6,31.7,34.9,47.6,68.3,37.7,50,58.7,45,25.7,22.1,7.1
"Koenig, Jared",657649,2024,30,".225",".373",".273","71.8",24.8,4,"87.5","10.5",28.2,8,35.6,63.6,17.4,27,37.2,82.6,22.4,47.5,66,47.7,24.7,19.5,8
"Rodríguez, Yariel",684320,2025,28,".227",".385",".281","71.4",22,11,"86.4","15.8",39.6,9.4,35.9,67.5,20.8,26.8,41.9,79.2,27.5,45.6,54.2,40.6,25,25.5,8.9
"Domínguez, Seranthony",622554,2024,29,".208",".414",".312","71.5",23,9,"86.9","16.3",35.4,12.2,32.9,68.7,17,26.1,51.1,83,26.4,47.4,58.8,36,31.1,22,11
"Banks, Tanner",621383,2024,32,".229",".350",".293","70.8",17.7,9,"87.5","10.8",30.2,6.3,34.1,69.4,18.8,26.8,45.2,81.2,26.1,48.2,65.7,49.3,24.9,22,3.9
"Garrett, Reed",657585,2024,31,".200",".312",".310","71.4",26.3,9,"87.5","13.5",28,5.3,37.1,64.1,24,32.8,56.7,76,37.6,45.9,62.2,44.7,24.2,21.2,9.8
"Vasil, Mike",678024,2025,25,".227",".368",".284","71.2",17,12,"89.3","8.4",30.4,7.1,38.2,62.4,15.9,22.9,45.8,84.1,24,42.5,51.4,50.7,23.2,20.7,5.4
"Strider, Spencer",675911,2025,26,".253",".455",".344","71.6",23,29,"91.3","14.8",39.5,10.6,42.7,69.4,17.6,28.9,57.8,82.4,30.6,47.6,59.2,37.5,31.5,26.1,4.9
"Soroka, Michael",647336,2025,27,".209",".351",".302","71.8",23.6,16,"89.2","14.3",27.5,6.7,40.4,62.9,15.5,25.7,46.7,84.5,23.7,45.5,59.1,44.2,29.2,17.9,8.8
"Miller, Tyson",668338,2024,28,".217",".396",".242","71.3",22.4,6,"88.2","20.3",33.3,7.9,34.5,72.4,21.5,31.8,37.8,78.5,26.5,52.1,56.2,30.9,36.4,23,9.7
"Houser, Adrian",605288,2025,32,".255",".388",".312","72.4",26.6,14,"90.2","9.3",30.3,6.1,47.6,69.1,11.1,29,35.7,88.9,18.1,49.6,61.6,48.9,20.8,23.7,6.6
"Pepiot, Ryan",686752,2025,27,".226",".401",".306","72.1",27.2,20,"90.1","15.9",36.6,9.7,42.5,69.7,20.2,28.6,41.3,79.8,26,50.1,61.1,38.7,29.7,24.3,7.2
"Fluharty, Mason",689254,2025,23,".205",".350",".271","71.4",21.3,11,"86.6","16.3",30.1,7.5,33.1,66.2,21,28.1,55.6,79,31.9,46.3,58.8,42.1,30.1,18,9.8
"Burke, Sean",680732,2025,25,".246",".457",".340","71.6",23.5,21,"89.6","17.5",39.4,10.4,42.7,66.7,18.2,26.9,42.5,81.8,25.1,46.9,56.7,36.1,32.1,25.2,6.6
"Houser, Adrian",605288,2023,30,".258",".416",".318","72.7",31.2,4,"90.5","11.2",30.9,7.1,46.3,64,13.2,26.5,32,86.8,18.7,45.2,60.7,47.1,27.1,20.6,5.1
"Quintana, Jose",500779,2023,34,".273",".430",".297","72.5",29.4,7,"88.1","11.9",36.8,5.1,32.5,65.7,12.4,30.2,37,87.6,21.6,45.5,64.6,41.9,26.5,26.5,5.1
"Helsley, Ryan",664854,2024,29,".212",".305",".243","70.7",17.9,10,"89.4","18.3",36.6,3.7,35.4,69.6,24.1,33.6,64.8,75.9,36.1,53,66.2,37.2,23.8,28,11
"Lambert, Peter",663567,2023,26,".262",".507",".367","72",27.9,5,"90.8","14.6",32.1,11.1,45.8,70.2,15.7,25.4,37.4,84.3,21.6,47.5,58.1,41,32.1,21.4,5.5
"Stripling, Ross",548389,2023,33,".287",".507",".348","71.7",20.5,4,"89.5","10.8",39.6,10.2,41.3,70.1,20.5,26.1,32.4,79.5,23.7,48.2,68,44.4,23.5,28,4.1
"Ross, Joe",605452,2025,32,".286",".520",".356","71.3",21.3,6,"89.3","11",38.1,11.9,43.5,72.2,19.2,26.2,32.4,80.8,22.4,50.8,63.6,46.4,25,23.8,4.8
"Brazobán, Huascar",623211,2024,34,".224",".323",".269","71.8",22,8,"82.3","10.4",33.3,4.3,24.6,68.5,20.1,32,47.5,79.9,30,48.5,48.8,46.4,21,24.6,8
"Chapman, Aroldis",547973,2024,36,".165",".289",".289","71",19.2,7,"90.5","11.2",31,7.1,41.3,62.1,23.7,26.4,53.1,76.3,32.3,44.5,58.3,44.4,30.2,19.8,5.6
"Lauer, Eric",641778,2025,30,".240",".419",".295","72.1",23.9,11,"90.6","21.6",38.5,8.1,41.9,67.8,17.3,26.4,42.9,82.7,23.7,48.7,67.4,29.7,34.8,26.4,9.1
"Payamps, Joel",606303,2023,29,".224",".345",".272","70.9",17.6,1,"87.8","13.8",34.2,4.8,33.7,62.7,19.8,25.7,43.5,80.2,26.9,43.8,64,47.6,22.5,21.4,8.6
"Adam, Jason",592094,2025,33,".196",".310",".256","71.9",21.8,11,"88.8","15",22.8,7,38,67.3,25,32.1,49.2,75,33.3,48.9,55.4,43.9,30.4,17,8.8
"Bradley, Taj",671737,2024,23,".227",".426",".308","71.6",22.1,17,"91.2","13.3",34.9,10.2,42.9,71.5,18.8,30.5,47.2,81.2,27.4,50.7,62.5,42.1,27.9,23.6,6.4
"Kimbrel, Craig",518886,2023,35,".186",".339",".269","70.9",22.2,4,"90.1","18.3",40.1,10.5,46.7,63.5,25.2,29.2,52.6,74.8,33.1,47.3,62.8,34.2,32.2,27.6,5.9
"Wacha, Michael",608379,2024,32,".249",".415",".300","70.9",18.8,17,"86.9","15.7",32.7,8.2,32.5,68.5,17.3,27.8,38.5,82.7,23.3,48.5,64.4,39.9,26.8,23.5,9.8
"Fernandez, Ryan",681676,2024,26,".219",".327",".291","71.5",23.9,14,"89","10.4",35.6,7.2,33.9,70.5,19,29.9,55.1,81,31.5,47.9,58.9,43.9,23.3,27.8,5
"Nelson, Kyle",669459,2023,26,".229",".416",".339","72.8",30.6,0,"89.6","16.3",39.5,9.6,39.5,70.4,17.3,34.8,58.4,82.7,31,52.5,70.2,39.5,24.8,24.2,11.5
"Lodolo, Nick",666157,2024,26,".223",".361",".309","71.8",25.6,17,"89.2","11.8",32.6,8.2,38,62.6,18,30.2,49.1,82,28.1,46.4,66.5,44.9,26.3,24.1,4.7
"Floro, Dylan",571670,2024,33,".259",".397",".285","71.5",20.3,4,"90.2","10.9",34.3,4.2,39,60,11,22.9,39.3,89,18.4,42.1,62.7,45.5,23.9,26.3,4.2
"Harrison, Kyle",690986,2024,22,".255",".444",".330","71.4",22.6,9,"90.7","14.9",34.2,10.1,44.1,65.8,17.5,25.7,39.7,82.5,23.6,46.2,57.1,40.8,29.9,22.7,6.6
"Hoeing, Bryan",663773,2023,26,".265",".488",".347","72.1",24.3,1,"90.5","10.5",35.3,9.4,44.2,63,13.4,27.4,38.8,86.6,21.9,43.8,64.9,45.1,30.4,23.2,1.3
"Turnbull, Spencer",605513,2024,31,".228",".385",".272","71.2",20.1,4,"87.8","10.7",33.1,7.2,42.4,62.9,15.2,25.4,46.8,84.8,25.4,42.6,59.5,47.5,25.2,21.6,5.8
"Duran, Jhoan",661395,2024,26,".207",".291",".292","70.5",18.7,8,"87","-3.1",28.4,3.5,36.2,69,26,28,50.8,74,32.9,49,59.5,61.7,13.5,19.9,5
"Kochanowicz, Jack",686799,2025,24,".287",".469",".379","72.5",30.4,12,"92.1","6.9",28,9.3,49.6,69.1,12.1,27,42,87.9,20.8,47.6,59.2,52.5,23.5,20,4
"Fedde, Erick",607200,2025,32,".275",".461",".344","72",26.2,18,"90.2","14.9",35.3,7.9,42.6,65.3,11.6,24.8,34,88.4,18,44.7,65.2,42.1,26.6,23.6,7.7
"Heaney, Andrew",571760,2025,34,".284",".492",".357","72.1",27.6,9,"90.2","15.1",37.7,10.2,43.6,65.1,14.6,29,32.5,85.4,19.9,47.5,60.1,37.9,27.4,28.2,6.5
"Leiter Jr., Mark",643410,2024,33,".222",".352",".308","72.1",27.5,10,"88.8","11.3",33.1,8.3,40,63.6,23.2,34.6,58.6,76.8,38.3,46.8,62.7,46.2,20.7,25.5,7.6
"Davies, Zach",605200,2023,30,".280",".457",".360","72.4",28.3,2,"89.7","11",35.2,8,42.4,61.2,13,24.1,39.9,87,22,40.3,56.5,44.3,24.6,26.1,4.9
"Ferguson, Tyler",621053,2024,30,".209",".374",".262","71.3",20.9,7,"88.2","17.3",31.9,8.4,38.7,65.5,22.4,28.5,37.8,77.6,26.8,47.9,62.9,37.8,31.1,21.8,9.2
"Avila, Pedro",658648,2024,27,".259",".412",".304","71.8",21.9,6,"89.6","9.6",39.4,5.2,41.6,67.7,16.3,27.8,43.8,83.7,25,46.4,60.5,45.5,19.9,30.7,3.9
"Myers, Tobias",668964,2024,25,".248",".422",".297","71.8",23.3,15,"89.8","16.4",36.4,8,38.7,69.8,15.4,28.7,36.1,84.6,21.3,49.6,67.1,37.7,25.2,28.4,8.7
"Holton, Tyler",663947,2023,27,".235",".391",".234","71.2",19.7,3,"86.1","12.2",35.5,6.9,32.5,65.3,18.6,31.8,45.3,81.4,26.8,49.3,68.8,45.9,23.8,24.7,5.6
"Johnson, Pierce",572955,2024,33,".221",".375",".302","71.5",24.5,9,"89.4","11.7",33.8,8.5,39.4,61,18.8,27.5,50.8,81.2,28.1,45.1,61.7,45.8,26.8,22.5,4.9
"Detmers, Reid",672282,2023,23,".250",".401",".321","72",24.1,6,"89.8","15.8",37.2,6.2,41.4,69.2,20.1,27.6,45.6,79.9,27.1,48.8,61.5,37.2,27.5,29.3,6
"Singer, Brady",663903,2025,28,".243",".410",".313","72.1",26.5,21,"90.3","14.2",36.3,9.4,40.7,63.2,15.3,25.6,45.4,84.7,24,44.4,60.8,39.7,28.4,25.5,6.5
"Ottavino, Adam",493603,2024,38,".196",".322",".305","70.8",17.9,4,"87.1","13.6",34,7.6,34.7,59.1,19.5,26.6,40.6,80.5,25.7,43.5,61.2,44.4,23.6,22.2,9.7
"Pivetta, Nick",601713,2023,30,".218",".421",".296","71.8",26.3,17,"90.5","13.4",40.1,11.8,43.8,65.5,19.3,33.1,49,80.7,29.6,48.9,61.6,36.6,32.6,26.5,4.3
"Dunning, Dane",641540,2023,28,".258",".418",".310","72.4",28.9,14,"88.8","10.8",32.5,7.5,40.2,66,14.3,27.9,41.4,85.7,22.3,47,63,47.2,24.2,22.4,6.2
"May, Dustin",669160,2025,27,".261",".451",".342","72.3",28.9,11,"90.6","12.5",34.9,9.2,44.5,63.6,13.4,25.6,37.5,86.6,20,45.3,59.6,42.7,26.2,25.7,5.3
"Wrobleski, Justin",680736,2025,24,".244",".359",".299","71.4",21.8,4,"92","6.9",30.4,3.8,47.8,66.8,18.8,28.1,43.8,81.2,24.6,50.6,62,51.1,19.6,25,4.3
"Hicks, Jordan",663855,2023,26,".207",".311",".296","71.1",20.8,5,"86.7","-0.1",27.4,5.4,35.9,55.2,18.3,28,47.2,81.7,28.2,41.4,58.1,58.9,16.1,21.4,3.6
"King, Michael",650633,2023,28,".225",".367",".281","71.1",21.9,7,"86.8","12.5",36.7,7.1,33.3,57.8,16.8,28.5,52.8,83.2,29.4,42.5,65.1,43.4,25.8,24.7,6
"Helsley, Ryan",664854,2025,30,".243",".395",".336","71",21.5,19,"91","11.4",37.4,7.4,41.7,73,17.8,30.8,60.1,82.2,29.5,53,57.8,45.4,23.9,25.8,4.9
"Bickford, Phil",641360,2023,27,".237",".431",".319","71.4",21.8,6,"90.9","22.3",34.6,10.3,42.2,72.1,22,28.8,46.3,78,29.7,48.8,66.1,29.2,33.5,23.8,13.5
"Gonsolin, Tony",664062,2023,29,".268",".513",".312","72.1",30,4,"90.2","16.2",35.9,11.4,41.8,71.3,12.9,30.4,39.1,87.1,21.5,49.4,65.3,36.3,31,24.2,8.5
"Chirinos, Yonny",630023,2023,29,".294",".512",".350","72.3",27.8,2,"91.3","9.9",34.9,9.3,45.6,70.7,13.5,26.1,29.7,86.5,17.7,48.7,60.5,46.3,21.4,27,5.3
"Kremer, Dean",665152,2025,29,".238",".413",".305","71.7",25.6,18,"88.1","15.2",32.8,8.5,35.8,67.6,16.3,30.1,38.3,83.7,22.9,49.4,65.7,40.2,28.4,23.7,7.7
"Miller, Shelby",571946,2024,33,".221",".398",".280","70.3",15.5,9,"91.1","16.8",31,7.6,41.1,69,17.6,26.9,43.9,82.4,24.3,49.3,64,40.5,30.4,20.3,8.9
"Senga, Kodai",673540,2023,30,".222",".369",".282","71.8",26,10,"89","12.8",31.5,6.8,40.6,66.9,17.5,27.5,54.3,82.5,29.7,45.2,56.9,44,24.9,21.8,9.3
"Kinley, Tyler",641755,2025,34,".220",".355",".263","71.3",21.2,17,"87","20.5",34.7,7,29.6,68.4,20.5,31.2,53,79.5,31.2,49.1,60.1,33.7,30.7,24.1,11.6
"Holderman, Colin",670059,2023,27,".232",".366",".299","71.2",16.6,3,"89.1","6.4",28.1,5,43.1,69.4,15.3,25.7,44.9,84.7,23.2,47.7,62.2,53.8,19.4,20,6.9
"Cecconi, Slade",677944,2025,26,".268",".490",".319","71.3",20,16,"91.7","13.8",37.2,12.2,49.1,67,15.5,22.7,46.5,84.5,22.5,46.5,65.3,41.4,28.2,24.2,6.2
"Rogers, Taylor",573124,2025,34,".231",".406",".329","71.4",21.6,8,"90.1","13.1",34.5,9.9,44.4,59.6,13.5,26.2,49.5,86.5,23.2,44.3,61.8,41.5,22.5,26.8,9.2
"Peterson, David",656849,2023,27,".260",".430",".357","72.4",31.9,14,"90","5.3",34.4,8.1,44.5,66.7,19.1,29.3,48.4,80.9,29.5,45.9,56.7,55.2,17.2,23.1,4.5
"Nola, Aaron",605400,2023,30,".235",".408",".303","71.6",23.3,11,"89.3","12.7",36.3,8.3,38.5,64.5,16.9,34.7,42,83.1,26,49.3,64.8,43.1,25.9,24.6,6.4
"Rea, Colin",607067,2023,32,".250",".435",".313","71.7",22.7,9,"90.4","13",34.5,7.7,43.3,67.8,16.7,27.5,42.5,83.3,24,47.9,64.6,44.1,26.3,22.7,6.8
"Cobb, Alex",502171,2023,35,".273",".446",".325","72",24.7,6,"89.8","1.3",33.1,7,43.4,61.3,12.8,30.5,37.3,87.2,21.7,44.9,65.9,57.8,16.3,24.2,1.7
"Taillon, Jameson",592791,2025,33,".241",".424",".297","71.9",24.6,19,"88.3","19.7",33,8.1,38.3,65.6,14.1,28.8,38,85.9,20.8,48.5,67.8,34.3,32.2,23.6,9.9
"Elder, Bryce",693821,2023,24,".258",".415",".309","72.3",28.9,7,"89.9","8.5",32,6,41,67,13.8,28.5,43.4,86.3,23.6,46.3,63.1,50.6,21.1,23.7,4.7
"Urías, Julio",628711,2023,26,".245",".444",".328","72.7",34.2,6,"87.2","17.8",31.2,8.7,34.5,65.4,17.3,31.7,40.2,82.7,24.2,49.5,64.5,37.5,30,21.9,10.5
"Pfaadt, Brandon",694297,2023,24,".249",".463",".362","72",25.6,7,"90.1","18.2",37.2,11.7,44,67.3,17.2,29.1,45.5,82.8,25,49.3,63.9,32.6,33.9,25.2,8.4
"Suter, Brent",608718,2023,33,".228",".320",".294","70.9",19.9,2,"84","11.9",28.7,3.3,26.3,64.2,14.2,26.1,40.3,85.8,22.2,44.3,62.7,46.9,23.9,19.6,9.6
"Lugo, Seth",607625,2023,33,".256",".447",".306","71.9",23.8,14,"90.7","9.9",34.6,9.6,44.2,64.8,14.5,25.9,42.2,85.5,21.9,46.3,63.1,45.4,24.2,26.4,4
"Leahy, Kyle",681517,2025,28,".264",".417",".281","71.3",18.3,13,"89.1","10.2",37.4,9.8,44.1,68.6,13.5,28.5,49.2,86.5,23.1,49.7,68.3,44.5,21.7,28,5.9
"Glasnow, Tyler",607192,2025,31,".203",".324",".266","71.5",24.7,19,"88.2","11.1",33.2,7.9,37.4,61.4,16.2,22.1,63.5,83.8,28.2,42.4,55.7,44.4,28.5,22,5.1
"King, John",667463,2024,29,".251",".388",".280","71.4",20,6,"88.5","1.2",27.2,6.2,36.9,69.1,10.9,31.4,32.6,89.1,17.5,50.6,70.6,61.5,16.4,20,2.1
"Milner, Hoby",571948,2023,32,".212",".349",".251","70.7",18.6,1,"86.6","10.1",33.1,6.2,35.4,56.4,16.2,29.6,28.5,83.8,20.6,42.5,65.5,50,20.8,21.9,7.3
"Tonkin, Michael",543859,2023,33,".237",".410",".283","71",20.2,7,"89.8","19.1",32,8,40,68.9,19.7,29.4,38.2,80.3,24.8,50.3,66.7,38.7,27.1,23.1,11.1
"Beeks, Jalen",656222,2024,30,".241",".380",".322","71.2",20.1,10,"87.2","13.5",30.4,4.8,33,73.5,14.6,24,46.4,85.4,23.2,47.3,56.5,44.9,23.3,22.9,8.8
"Baumann, Mike",657508,2023,27,".254",".462",".303","71.8",23.4,4,"91.3","12.4",31.6,9,45.8,69.4,16.8,27.5,45.3,83.2,25,48.3,62.4,42.9,30.5,22.6,4
"Ramírez, Erasmo",541640,2023,33,".288",".494",".372","71.9",27,2,"89.7","10",37.4,8.4,43.5,73.6,14.3,26.2,39,85.7,20.2,51.5,63.9,43.9,27.1,26.2,2.8
"Raley, Brooks",548384,2023,35,".209",".327",".289","71.6",19.8,3,"85.8","15.7",31.3,4.9,29.2,61.6,17.5,28.3,50.7,82.5,29.3,43.4,63.9,43.1,26.4,20.1,10.4
"Ferguson, Caleb",657571,2023,26,".246",".334",".321","70.8",20.9,4,"89.3","9.1",29.6,3,39.1,67.4,17.8,28.6,48.3,82.2,26.1,49.2,57,49.1,15.4,26,9.5
"Williams, Trevor",592866,2024,32,".216",".357",".248","72.1",25.7,4,"89.4","13.4",31.7,6.6,39.3,68,16.2,28.4,35.6,83.8,22.5,46.7,60,44.8,27.9,21.9,5.5
"Wilson, Bryse",669060,2024,26,".275",".486",".323","71.9",24.6,8,"89.7","16.7",37.5,9.2,44.3,68.1,15.9,25.6,35.9,84.1,20.8,48.3,66.1,37.8,28.6,24.6,8.9
"Bibee, Tanner",676440,2025,26,".227",".386",".313","71.8",24.6,28,"88.5","13.8",29.5,8,36.6,65.5,16.5,25.4,44.2,83.5,23.8,46.3,64.3,45.3,26.5,19.8,8.4
"Alexander, Tyler",641302,2024,29,".256",".474",".335","72",25.2,5,"88.4","21",36.6,9.8,37.2,67,16.7,30.8,28.5,83.3,20.1,50,67.5,32.1,34.5,25,8.3
"Anderson, Justin",605121,2024,31,".236",".431",".314","70.8",17.8,12,"87.3","15.4",39.3,8.7,35.3,67.8,18,31.2,50,82,29.7,47.4,59.9,38,32,24,6
"Eflin, Zach",621107,2023,29,".218",".382",".276","71.6",23.1,7,"87.5","9.1",29.2,9,35.1,64.5,17,34,38.8,83,24.1,49.9,65.7,50.4,22,20.2,7.3
"Flaherty, Jack",656427,2023,27,".267",".422",".356","71.5",22.4,6,"87.9","11.7",38.5,7.3,38.3,65.5,18.8,25.3,44.1,81.3,26.6,44,58.9,43,24.3,27.9,4.7
"Gusto, Ryan",687473,2025,26,".250",".446",".348","71.7",24.8,10,"90.6","17.2",32.1,9.5,45.7,69.5,18.6,24.2,40.1,81.4,23.4,49.1,64.9,36.8,29.2,24.4,9.5
"Webb, Jacob",657097,2024,30,".207",".352",".266","70.8",17.9,9,"87.4","17.7",33.8,7.9,34.4,68.5,22.2,29,40.8,77.8,27.4,49.6,59.7,34.4,31.8,23.8,9.9
"Bibee, Tanner",676440,2024,25,".235",".401",".299","71.3",20,22,"88.4","17.7",37.4,7,36.9,72.7,22.3,26.8,40.7,77.7,26.9,51,65.8,35.2,31.6,24.2,8.9
"Sánchez, Cristopher",650911,2023,26,".242",".413",".296","72.5",31.5,9,"88.8","3.9",31,8.2,40.2,61.3,14.3,34.8,48.4,85.7,26.4,48.2,66.7,57.7,19.9,20.6,1.8
"Cannon, Jonathan",686563,2024,23,".256",".426",".332","71.7",23,12,"89","14.6",38.3,7.3,36.3,67.2,14.9,28.6,36.6,85.1,21.8,47.1,59.8,38.3,25.4,28.5,7.8
"Montas, Frankie",593423,2024,31,".244",".438",".325","72.2",26.9,15,"89.3","13.5",36.2,9.2,43.1,70.6,17.7,27.7,42.5,82.3,24.9,48.7,62.9,41.2,25.1,26.5,7.1
"Harris, Hogan",663687,2023,26,".252",".468",".352","71.8",21.3,0,"90","13.8",35.2,9.2,44.9,64.3,19.6,21.4,37.6,80.4,23.1,46,58.8,39.3,27.6,25,8.2
"Lynn, Lance",458681,2024,37,".257",".461",".314","71.8",24.8,15,"88.9","17",37,10.5,39.3,73.3,20,26.1,34.5,80,24.1,48.4,62.6,36.4,27.7,27.1,8.8
"Pérez, Martín",527048,2025,34,".249",".492",".278","72.4",27.3,1,"88.2","15.1",33.1,15,39.4,60,16.7,24.9,31,83.3,20.9,42.4,66.7,38.8,31.9,19.4,10
"Lorenzen, Michael",547179,2024,32,".240",".423",".303","71.6",22.1,13,"88.5","15.1",32.2,8,39.4,67.7,16.8,23.9,38.2,83.2,22.8,44.7,61.1,41.6,26.3,22.3,9.9
"Wells, Tyler",669330,2023,28,".212",".441",".286","71.1",21,1,"89","20.7",32.1,11.7,38.7,67.5,19.4,28.4,41.9,80.6,26.4,47.2,62.1,33,35.2,20,11.7
"Peterson, David",656849,2024,28,".259",".407",".299","71.6",23.9,17,"89.3","7.2",35.7,7.3,42.7,68,16.7,28.9,45.2,83.3,25.6,47.8,63.5,50.8,21.3,23.9,3.9
"Musgrove, Joe",605397,2024,31,".245",".430",".317","71.5",25,16,"90.3","13.8",35.5,10.5,40.6,66.2,19.8,27,50.7,80.2,28.3,47.4,68.3,41.7,29.7,23.2,5.4
"Castillo, Luis",622491,2024,31,".243",".422",".305","71.3",19,25,"89.7","16.3",37,8.5,41.9,71.2,17.9,31,43.4,82.1,25.9,50.6,64.7,40.9,26.8,22.4,10
"Dobbins, Hunter",690928,2025,25,".242",".416",".310","71.2",19.2,6,"89.3","9.5",31.8,6.8,41.7,64.4,11.5,28.1,46.5,88.5,21.9,46.5,60.5,48.4,19.8,25.5,6.3
"Sears, JP",676664,2024,28,".240",".454",".324","72.6",29.7,12,"89.3","18.1",32.7,10.2,40.2,68.4,17.3,27.6,34,82.7,21.8,48.7,64.8,37.9,32,19.2,11
"Walker, Ryan",676254,2024,28,".191",".299",".233","70.4",17.1,12,"86.4","9.8",31.3,6,30.2,60.7,19.4,29.2,50.6,80.6,28.6,46,63.8,46.2,23.1,24.2,6.6
"Jax, Griffin",643377,2023,28,".212",".315",".283","70.8",16.9,6,"86.8","6.9",29,3.3,33.3,62.8,17.1,31.4,48.1,82.9,26.6,48.1,56,56.8,17.5,19.7,6
"Clarke, Taylor",664199,2025,32,".239",".416",".256","71.9",24.6,11,"89.3","13.6",29.6,7.9,40.8,65.9,13.5,29,46,86.5,23.3,47.6,66,44.1,25,22.4,8.6
"Severino, Luis",622663,2024,30,".239",".381",".308","71.6",22.6,26,"87.1","12.7",30.4,5.7,35.6,70.6,15.7,29.7,37.7,84.3,22,50.6,63.5,46.3,25.2,20.3,8.2
"Barria, Jaime",642545,2023,26,".276",".495",".357","72.6",28.3,2,"87.6","16.6",34,10.4,34,71.8,17.2,26.4,37.7,82.8,22.9,48.5,66.4,36.2,32.1,24.3,7.5
"Pepiot, Ryan",686752,2024,26,".214",".379",".290","71.7",24,26,"89.3","19.1",31.4,9.1,37.2,68.1,22.5,28.5,46.9,77.5,29.9,48,66,35.2,29,23.8,12
"Gausman, Kevin",592332,2024,33,".253",".460",".300","71.9",25.5,14,"90.2","16.1",35.5,9.7,42.4,71.1,15.9,29.8,39.1,84.1,23.4,49.9,64.4,39.3,30.1,23.6,7.1
"Alcala, Jorge",660896,2025,29,".237",".428",".393","71.2",23.6,4,"88.8","20.2",33.9,10.9,37.6,66.7,21.3,27.1,37.1,78.7,25.7,47.4,62.1,34.5,32.1,21.8,11.5
"Bernardino, Brennan",657514,2024,32,".232",".388",".322","71.1",19.7,8,"88","8.4",33.8,7,37.3,62.6,18.1,23.5,33.7,81.9,21.8,44.8,65.6,46.5,23.2,26.1,4.2
"Williams, Devin",642207,2023,28,".168",".289",".214","71.7",24,7,"85.9","8.9",35.7,7,29.6,66.7,31.2,32.6,57.5,68.8,41.8,46.9,56.7,47.8,22.6,26.1,3.5
"Keller, Brad",641745,2025,29,".197",".297",".238","71.1",20.3,11,"86.7","6.5",29.5,5.8,30.6,60.8,14.4,30.4,50.3,85.6,26.9,45.1,62.7,56.6,17.3,18.5,7.5
"Stripling, Ross",548389,2024,34,".291",".450",".344","71.9",23.6,4,"88.3","13.6",39.8,6.8,35.3,65.6,12.6,29.2,27.1,87.4,16.9,47.9,66.9,40.8,23.3,27.8,8.1
"Kaprielian, James",621076,2023,29,".242",".436",".356",,,,"89.6","22.8",36.6,7,38.7,66.7,19.7,29.7,37.1,80.3,25,48.5,64.3,32.3,33.9,24.2,9.7
"Horton, Cade",690990,2025,23,".236",".406",".273","72",25.5,14,"89.7","14.3",33.3,10,41.3,66,15.4,29.5,51.4,84.5,25.8,48.6,67.4,42.8,29.2,20.9,7.1
"Hernandez, Jose E.",669796,2023,25,".232",".419",".329","70.4",15.9,5,"89.2","16.4",34.8,8.7,34.8,64.7,20,27.1,50.8,80,29.3,45.6,59.1,39.9,29.7,21.7,8.7
"Adon, Joan",672851,2023,24,".273",".485",".361","72.4",29.7,4,"91.1","13.9",36.4,11.5,48.5,67.9,15.3,29,35.7,84.7,21.8,47.6,61.7,38.2,26.1,28.5,7.3
"King, Bryan",687911,2025,28,".223",".358",".282","70.8",20.2,9,"88.4","14.4",33,5.8,36.1,65.3,19.3,29.2,39.4,80.7,24.4,49.7,64.7,42.4,24.6,26.7,6.3
"Webb, Jacob",657097,2025,31,".217",".365",".270","71.2",21.3,5,"86.6","23",30.9,5.9,34.6,70.8,21.9,30.3,41.7,78.1,27.6,51.1,60.4,33.5,35.6,19.7,11.2
"Rea, Colin",607067,2025,34,".261",".438",".314","71.8",24.3,23,"89.8","13.6",38.8,10.3,41,66,14.8,28.5,39.2,85.2,22,47.6,68.6,40,24.3,27,8.7
"Rodriguez, Grayson",680570,2023,23,".251",".411",".320","70.8",18.6,8,"89.8","10.4",33.4,7.3,43.7,70,19.7,29.6,43,80.3,26.3,50.4,61.7,46.9,23.5,25.5,4.1
"Kelly, Kevin",687330,2023,25,".230",".339",".264","70.5",18.4,2,"87","10.3",32.3,3.6,32.8,62.3,17.2,26,35.1,82.8,22.2,44.7,63,48.2,19,25.1,7.7
"Garcia, Robert",676395,2025,29,".235",".400",".295","72.1",24.1,12,"88.6","11.9",38.2,7.9,34.3,68.6,22.3,31.7,43.5,77.7,28.6,51,71.2,39.9,32,25.3,2.8
"Liberatore, Matthew",669461,2025,25,".272",".465",".318","72.1",26.2,20,"90.6","15.3",36.3,10.6,41.1,66,11.6,29.5,40.2,88.4,20.2,48.2,63.6,39,27.4,26.8,6.8
"Hader, Josh",623352,2024,30,".173",".339",".261","71.4",20,12,"89.7","21.2",33.3,10.2,38.8,75.7,32.7,33.4,57.9,67.3,40.5,54.4,64,29.9,38.1,21.1,10.9
"Bello, Brayan",678394,2025,26,".258",".409",".297","72.1",27.8,18,"88.8","9",30.8,7.1,39.3,65.1,10.6,27.5,41.3,89.4,20.1,45.8,63,50,24,21.2,4.8
"Alcantara, Sandy",645261,2023,27,".260",".418",".301","71.7",22,7,"88.8","7",31.4,7,40.6,72.1,19.1,34.8,39.7,80.8,25.4,54.2,65,51.9,21.5,21.9,4.7
"De Los Santos, Enyel",660853,2023,27,".234",".391",".282","71.3",17.2,6,"88.7","14.3",36.8,8.2,33.3,71.3,17,27.7,54.9,83,27.4,49.7,60.2,40.4,28.7,27.5,3.5
"Valdez, Framber",664285,2024,30,".232",".349",".272","72.1",27.7,20,"90.2","0.4",26,5.3,45,61.3,14.4,28.7,54.5,85.6,27.2,45,61.9,61.7,15,21.8,1.5
"Pérez, Cionel",672335,2024,28,".219",".318",".296","71",18.3,6,"88.3","4.1",29.6,5,34,68.1,15.5,25.3,44.2,84.5,23.7,45.9,62.6,55.3,19.5,20.1,5
"Pérez, Eury",691587,2023,20,".205",".401",".303","71.8",24.4,2,"89.8","23.5",36.1,10.7,40.3,71.3,22.7,31,56.1,77.3,33.7,49.9,58.8,27.5,37.8,23.2,11.6
"Flexen, Chris",623167,2024,29,".256",".452",".355","71.6",23.6,13,"88.7","17.3",37,8.1,37.4,68.6,15.6,27.7,37.2,84.4,22.7,46,58.7,36.2,27.6,26.6,9.6
"Castro, Miguel",612434,2023,28,".231",".387",".286","71.4",24.5,8,"86.1","10.5",33.3,6.1,28.3,61.5,18.2,30.2,44.4,81.8,26.9,45.7,58.1,44.4,20,27.8,7.8
"Sheehan, Emmet",686218,2025,25,".203",".346",".251","71.7",20.4,17,"89.3","20.1",37.6,10.1,41.6,69.8,20.2,32.8,57.4,79.8,32.9,50.4,65.3,33.7,29.8,27,9.6
"Houser, Adrian",605288,2024,31,".265",".452",".350","71.8",25.2,5,"91","9.3",29.8,8.8,40.4,66.1,11.7,22.3,38.2,88.3,18.2,44.7,60.2,48.2,25.9,20.6,5.3
"Anderson, Tyler",542881,2024,34,".244",".423",".308","72.1",24.5,12,"87.2","17.6",34.1,7.9,33,71.5,20.8,29.5,43.1,79.2,27.8,49.3,58.7,38.3,29.5,23.8,8.5
"Sewald, Paul",623149,2023,33,".187",".313",".281","70.5",17.6,3,"85.9","20.9",34,5.6,29.9,68.2,25.9,28.6,38.4,74.1,29.3,49.8,64.9,32.6,37.5,19.4,10.4
"Alexander, Tyler",641302,2025,30,".280",".438",".318","71.3",22.5,7,"88.5","16.6",37.3,5.8,39.6,67.1,15.1,27.6,39.4,84.9,21.5,48.8,64.9,35.7,29.2,26,9.1
"Littell, Zack",641793,2024,28,".261",".449",".317","72",25.5,19,"89.3","18.1",36.2,9.6,39.2,70.6,14.5,31.1,44.7,85.5,23.1,51.9,66.3,34.1,27.8,28.2,9.8
"Ashcraft, Graham",668933,2025,27,".243",".337",".309","71",18.5,18,"84.8","4.7",30.3,4.1,32.3,63.4,16.5,38.2,49.5,83.5,29.8,50,61.6,58.5,12.8,23.6,5.1
"Paddack, Chris",663978,2024,28,".270",".480",".332","71.4",23.6,15,"90.4","14.3",40.6,9.9,43.1,68.1,17.5,30.2,39,82.5,24,49.4,63.5,38.5,25.8,29,6.7
"Civale, Aaron",650644,2023,28,".240",".386",".288","71.8",25.6,8,"89","16",33.5,6.6,36.4,63.4,15.3,30.3,38.3,84.7,22.7,46.9,68.7,39.8,27.5,23.8,8.9
"Mlodzinski, Carmen",669387,2025,26,".261",".396",".312","71.7",24.5,11,"90.2","8.6",34.8,6,40.1,65.2,14.6,27.8,43.2,85.4,23,46.6,62.5,48.5,20.1,25.4,6
"García, Luis",472610,2025,38,".262",".419",".320","71.3",21.2,7,"90.8","4.9",35.8,7.5,48.4,68.5,13.8,28.3,49.6,86.2,24.1,48.7,59.4,49.7,18.2,28.9,3.1
"Sánchez, Cristopher",650911,2024,27,".256",".371",".290","72",26,10,"87.4","2.4",30.2,5.4,34.5,66.9,17.1,36.4,37.4,82.9,24.3,51.6,65.8,58.3,15.6,23.7,2.3
"Gomber, Austin",596295,2025,31,".279",".553",".411","72.9",32.7,6,"88.1","18.2",38.6,14.5,39.5,69.6,9.9,23.8,37.4,90.1,15.9,49,65.1,34.5,37.3,22.3,5.9
"Lambert, Peter",663567,2024,27,".261",".400",".362","71.8",23.8,8,"88.1","16.1",38.9,6.1,36.9,71.3,13.2,24.7,47.7,86.8,22,48,63.8,36.9,24.7,31.3,7.1
"Chafin, Andrew",605177,2024,34,".221",".355",".301","70.7",16.1,10,"88.5","15",37.5,6.3,34,66.5,15.5,35.1,54.1,84.5,34.5,46.1,61.9,36.8,27.8,29.9,5.6
"Arrighetti, Spencer",681293,2024,24,".227",".393",".332","71.6",25.5,21,"88.9","16.4",38.3,7.7,39.8,66.8,18.9,26.9,50.3,81.1,27.7,47.2,61.9,36.2,27.2,28.3,8.2
"Miller, Bryce",682243,2024,25,".226",".414",".260","71.9",24.6,21,"90.3","16.3",32.8,9.7,41.2,69.8,17.3,27,43.5,82.7,24.4,48.9,62.2,38.6,33,21.2,7.2
"Montero, Rafael",606160,2023,32,".242",".422",".359","71.6",22.1,6,"87.9","11.1",33.7,9.1,41.7,72.3,26.1,29.9,38,73.9,30.1,49.1,61.4,40.6,27.3,26.2,5.9
"Cabrera, Edward",665795,2024,26,".241",".423",".317","72.3",26.9,20,"89.7","10",32.4,8.6,45.7,65.5,16.1,28.2,51.9,83.9,28,45.5,60.9,47.7,21.9,24.6,5.9
"Soriano, José",667755,2025,26,".242",".367",".309","72.3",29.1,35,"91.4","-2.8",26.8,7.2,48.2,63.3,14.8,27,54.3,85.2,27,44.8,57.9,66,12.1,20.3,1.6
"Richards, Trevor",670950,2024,31,".205",".346",".273","70.3",15.8,9,"88.3","18.8",31.1,6.8,37.9,62.7,14.7,28.4,39.6,85.3,23.4,44.2,59.2,35.6,33.9,21.5,9
"Miller, Mason",695243,2024,25,".149",".233",".218","70.4",15.8,12,"86.1","17.9",28.5,5.7,32.5,66.7,29.1,37.5,60.3,70.9,40.1,52.3,65,40.7,26.8,21.1,11.4
"Sears, JP",676664,2023,27,".243",".457",".335","72.3",27.4,9,"88.6","22.6",32.7,11.1,38.4,71.6,20.3,29.5,36.3,79.7,24.8,51,64.8,30.5,35.4,21.8,12.3
"Priester, Quinn",682990,2025,24,".237",".370",".310","72.2",26.3,25,"89","4.9",28.6,7.3,39.4,65.6,15.6,26.6,46.5,84.4,24.5,46.2,64.8,55.7,19.1,19.4,5.8
"Strahm, Matt",621381,2023,31,".209",".367",".274","70.8",19.7,3,"90.2","19.8",35.2,8.2,42,67.6,22,29.2,45.3,78,28,50.4,62.7,33.8,29.7,26,10.5
"Holmes, Clay",605280,2024,31,".224",".335",".292","71.5",24.4,9,"88.8","0.3",24.2,5.6,36.5,62.5,20.3,27.7,52,79.7,30.2,44.9,61.3,64.6,15.2,18,2.2
"Mayza, Tim",641835,2023,31,".250",".355",".279","71.6",19.5,0,"87.3","1.9",28.6,4.1,39.5,60.6,16.7,28.4,35,83.3,22.9,43.8,62.4,59.2,15.6,23.1,2
"Ashby, Aaron",676879,2025,27,".219",".302",".279","71.3",17.8,18,"89.2","-0.1",29.1,3,40,58.3,15.9,25.6,52.3,84.1,27,42,59.6,62.4,13.9,21.8,1.8
"Jackson, Luke",592426,2025,33,".239",".399",".286","71.9",23.9,8,"90.8","7.7",28,6.7,44,66.6,12.3,26.7,49,87.7,22.7,46.7,61.1,52.7,22,21.3,4
"Lyles, Jordan",543475,2023,32,".260",".483",".340","72.7",32.2,7,"89","19.8",34.6,9.9,35.5,69.6,11.9,28.4,38.3,88,20.1,48.1,59.9,33.9,33,23.1,9.9
"Santana, Dennis",642701,2024,28,".222",".347",".281","70.7",16.2,7,"86.3","14.3",37.3,4.7,32.6,66,17.7,35.3,47.9,82.3,28.2,50.7,64.1,38.3,28.5,26.4,6.7
"Pallante, Andre",669467,2025,26,".259",".402",".334","71.7",21.1,29,"89.2","1.4",28.7,6.5,39.9,68.3,13.1,25.5,44.8,86.8,22.3,45.9,62.4,59.9,18.1,19.2,3
"McClanahan, Shane",663556,2023,26,".238",".412",".295","72.3",26,3,"89.7","11.2",35.8,9.8,42.3,68.8,23.8,32.3,55.6,76.2,33.5,51.2,64,44.6,25.4,23.5,6.5
"Gray, Josiah",680686,2023,25,".251",".436",".332","72.2",27.8,2,"87.6","16.8",35,9.4,36.7,69.2,18.1,27.6,43.1,81.9,26.2,46.4,59.9,38,27.7,24.5,9.9
"Anderson, Tyler",542881,2023,33,".255",".435",".345","72",21.3,4,"87","19.1",37.6,8.2,32.3,72.1,21.1,29.5,42.6,78.9,27.8,49.7,59.9,31,33.9,26.9,8.2
"Rocker, Kumar",677958,2025,25,".279",".492",".352","71.9",26.4,15,"91.2","8.3",34.8,11.8,47.5,70.3,15.3,28.8,49.1,84.7,24.9,50,58.9,49,23,24,3.9
"Senga, Kodai",673540,2025,32,".225",".373",".313","71.8",25.8,26,"88.9","12.5",29.7,8,40.6,65.6,15.1,28.6,51,84.7,27.4,45.5,55.4,47.6,25.2,21.1,6.4
"Zeferjahn, Ryan",666171,2025,27,".217",".403",".335","71.2",18.9,15,"88.3","15.1",38.6,10.3,37.2,66.4,21.5,23.9,54.9,78.5,30.3,45.3,58.7,37.2,35.2,20.7,6.9
"Glasnow, Tyler",607192,2023,29,".213",".397",".270","71.2",22.4,15,"90.4","5.8",33.3,11.6,44.6,66.1,21.9,30.1,66.8,78.1,35.4,48.6,68.5,50.9,23.2,22.1,3.9
"Kuhl, Chad",641771,2024,31,".241",".382",".343","71.5",23.8,5,"88.4","10.2",33.8,5.8,38.3,67.6,18.7,21.4,48.7,80.9,27.1,42.2,58.6,46.1,24,25.3,4.5
"Hicks, Jordan",663855,2025,28,".266",".382",".364","71.2",21.2,10,"90","5.8",31.6,4.7,45.6,62.3,13.9,24.2,47.9,86.1,23.1,43.6,59.9,56.7,17.2,22.3,3.7
"Musgrove, Joe",605397,2023,30,".223",".345",".295","71.3",16.9,2,"87.5","11.1",32.4,5.1,33.5,64.3,15.6,35.5,43.7,84.4,26,49.4,64.7,46,24.6,23.9,5.5
"Gausman, Kevin",592332,2025,34,".238",".407",".273","72.4",28.5,20,"89.3","16.5",35,8.5,41.4,70.8,18.1,31.7,45.6,81.9,26.4,51.6,68.8,37.3,29.8,26,7
"Hudson, Daniel",543339,2024,37,".213",".431",".274","72.1",28.2,9,"90.4","18.1",30.6,12.4,49.4,77.5,24.3,24.9,55.9,75.7,32.3,50.6,62.8,38.8,35.3,17.1,8.8
"Fried, Max",608331,2024,30,".245",".365",".273","71.2",18.9,29,"86.3","3",30.4,5,34.6,63.8,15.7,28.9,41.8,84.3,24.1,45.9,64.8,59.2,16.1,21.7,2.9
"Sheehan, Emmet",686218,2023,23,".181",".381",".307","71.7",21.5,0,"89.7","20.8",34.4,10.8,42,74.3,21.2,30,49.1,78.8,29.6,51.5,54.4,33.1,38.2,20.4,8.3
"Faedo, Alex",656412,2024,28,".248",".391",".322","70.5",16.6,10,"88.3","14.8",39.4,6.3,34.4,70.8,21.1,29.4,50.6,78.9,31.1,47.9,68.3,39.4,28.1,26.9,5.6
"Cisnero, José",542585,2023,34,".247",".432",".344","71.7",21.4,7,"90.1","14.3",31.9,9.6,44.6,70.1,20.6,25.3,39.2,79.4,25.3,48.6,59.6,44,19.3,23.5,13.3
"Richards, Trevor",670950,2023,30,".198",".373",".318","70.7",17.4,9,"88.5","17.3",38.7,10.4,37.6,63.4,24.1,37.5,51,75.9,37,47.6,64.7,31.8,38.2,23.1,6.9
"Waldrep, Hurston",694462,2025,23,".251",".359",".276","72.3",30.1,11,"89.1","6.3",32.2,4,40.3,64.5,17.4,24.5,60.6,82.6,28.5,44.7,55.9,49.7,21.5,26.2,2.7
"Kochanowicz, Jack",686799,2024,23,".287",".461",".323","71.1",18.4,3,"90.3","3.6",29.1,6.3,44.4,72.7,11.5,28.5,27.6,88.5,15.2,53.7,61.3,56.5,15.2,23.3,4.9
"Berríos, José",621244,2025,31,".255",".455",".325","72.5",27.7,19,"90.3","15",32.6,11.3,42.5,65.9,13.5,28.2,39.8,86.5,22,46.1,64.3,42.3,27.4,22.1,8.2
"Irvin, Cole",608344,2023,29,".276",".491",".318","71.3",21.3,0,"88.5","12.2",39.6,10.8,34.6,68.3,14.8,30.6,35.9,85.2,20.8,50.5,61.6,41.7,28.3,23.8,6.3
"Gomber, Austin",596295,2023,29,".289",".505",".368","73.2",34.4,2,"90.5","12.8",31.3,8.9,44.3,67.9,14.3,24.2,34.6,85.7,19.1,47.5,63.3,42.8,26.8,23.6,6.8
"McFarland, T.J.",519008,2024,35,".238",".352",".293","71",18.5,11,"87.5","3.2",26.3,4.6,34.9,59.7,10.9,31.7,35.9,89.1,19.2,46.2,66.1,59.4,14.3,20.6,5.7
"Berríos, José",621244,2023,29,".257",".441",".302","71.3",20.5,14,"88.2","11.8",39.1,8.6,35.8,63.1,16.9,30.6,42.6,83.1,25.5,46.5,63,42.1,25.1,26.6,6.1
"Jarvis, Bryce",686826,2024,26,".269",".442",".314","71.1",22.2,3,"90.5","11.4",34.1,7.1,40.1,70.1,15,25.7,41.3,85,21.8,48.4,59.1,42.9,29.7,24.7,2.7
"Abbott, Andrew",671096,2024,25,".231",".411",".323","71.7",23.2,4,"88.2","21.3",36.6,9.3,33.5,68.5,15.8,26.3,40.8,84.2,22.6,47.6,61.6,34.7,32.5,21.1,11.7
"Walter, Brandon",687888,2025,28,".237",".391",".288","72.2",27.9,6,"86.2","12",30.7,7.2,38.6,66.3,15.8,33.6,43.2,84.2,24.6,50.5,67,44.4,26.8,21.6,7.2
"Rogers, Trevor",669432,2024,26,".272",".442",".350","72.2",26.2,12,"90.7","10.4",33.3,8.4,44.4,67.2,13.8,27.1,37.1,86.2,20.9,46.2,58.7,46.7,24.7,23,5.7
"Holmes, Clay",605280,2023,30,".206",".290",".265","71.6",20.7,1,"89.5","-3.4",23,2.4,43,62.2,16.8,24.5,51.6,83.2,26.2,43.9,58.8,66.7,10.9,20.6,1.8
"Francis, Bowden",670102,2025,29,".281",".501",".382","72.1",26.2,4,"91.6","20.7",34.3,12.4,52.2,69.8,15.7,23.9,45.3,84.3,23.3,46.7,62.2,33.8,30.8,23.9,11.4
"Gray, Sonny",543243,2023,33,".240",".372",".270","71.4",22.6,20,"89.1","9.6",32.9,6.9,39.2,67.5,15.2,28.4,51.4,84.8,26.1,47.7,61,48,19.8,26.9,5.3
"Festa, David",701581,2025,25,".243",".465",".322","72.3",25.1,11,"90.4","19.8",34,11.8,40.5,71.9,18,29.8,51.2,82,27.4,51.2,64.2,36.6,34,19.6,9.8
"Gore, MacKenzie",669022,2025,26,".241",".415",".318","71.4",23.5,32,"90.4","16",35.9,10.6,44.1,70.4,20,29.9,50.8,80,29.7,49.4,60.1,38.5,31.5,24.4,5.6
"Bergert, Ryan",686701,2025,25,".238",".410",".290","71.7",19,7,"90","20",40.7,7,36.4,67.2,16.6,25,44.9,83.4,23.9,46.9,60.4,29.4,36.9,28,5.6
"Singer, Brady",663903,2023,26,".271",".455",".346","72.6",26.6,7,"91","9",34.8,7.8,48.6,64.2,12.2,26.4,48.8,87.8,22.7,45.6,61.5,50.2,21.7,24,4.1
"Flaherty, Jack",656427,2025,29,".233",".406",".313","71.8",24.1,30,"89.7","16.2",37.8,10.3,43.8,64.2,17.3,29.1,46.9,82.7,27.3,45.6,64.2,37.1,29.1,26.3,7.5
"Swanson, Erik",657024,2023,29,".199",".364",".280","71.7",23.1,2,"89.2","17.1",31.3,6,40.4,69.6,26.7,33.3,43.5,73.3,32.6,50.4,60.7,40.4,36.7,16.3,6.6
"Miller, Erik",669062,2024,26,".189",".304",".296","70.6",17.2,11,"89.5","10.7",25.3,7,41.1,65.3,23.4,24.7,47,76.6,30.6,43.5,53.5,51.9,27.2,15.2,5.7
"Bednar, David",670280,2025,30,".205",".339",".249","71.1",20,11,"89.2","11.2",35.9,9,42.1,62.9,22.5,30.2,51.7,77.5,31.1,47.8,63.1,44.1,22.8,26.9,6.2
"Heaney, Andrew",571760,2024,33,".251",".442",".312","72.1",25.7,20,"89.6","18.2",37.4,8.3,40.1,70.1,17.9,30.5,45.8,82.1,26.3,50.3,63.6,34.3,30.6,27.9,7.3
"Wheeler, Zack",554430,2023,33,".227",".356",".277","71",19.3,14,"86.9","14.2",35.1,5.1,36.4,70.6,20.2,32.1,46.9,79.8,28.6,51.3,61.6,41.2,26,23.7,9.1
"Cleavinger, Garrett",664076,2025,31,".205",".333",".271","72",27.1,12,"88.8","11.8",34.6,5.9,41.2,65,25.6,31.3,61.6,74.4,36,49.5,68.3,47.1,27.9,19.1,5.9
"Buehler, Walker",621111,2025,30,".268",".450",".348","72.2",28,14,"87.9","11.8",35.8,9.5,37.8,65.6,11.7,25.7,36.6,88.3,19.2,44.6,63.5,42.5,24,27,6.5
"Verlander, Justin",434378,2024,41,".230",".396",".337","71",18.2,6,"88.6","20.9",39.1,6.9,32.5,69.9,17.2,27.1,32.1,82.8,21.3,48.7,58.3,28.7,31.8,27.7,11.8
"Festa, Matt",670036,2025,32,".232",".341",".268","71.3",19.7,9,"87.4","13.2",36,6,34,69.1,21.4,28.2,46.5,78.6,27.3,51.5,65.3,42.7,23.3,28,6
"Pallante, Andre",669467,2024,25,".231",".333",".293","71.6",22.1,17,"87.4","1.1",24.4,3.3,38.1,67.8,11.6,24.9,42.6,88.4,19.8,46.4,60.1,61.6,16.2,18.9,3.3
"Tonkin, Michael",543859,2024,34,".251",".399",".296","71.3",17.7,13,"88","12.5",35.9,7.4,35,65.6,17.1,31.2,35.9,82.9,23.7,47.2,64.6,40.1,26.3,28.1,5.5
"Jiménez, Joe",641729,2023,28,".224",".420",".302","71.7",20.9,6,"91.1","19.5",40.9,11.4,45,70.1,24.3,28.2,55.8,75.7,32.2,51.1,60.9,29.5,32.2,30.9,7.4
"Medina, Luis",665622,2023,24,".250",".413",".343","70.9",16.1,5,"89.3","11.5",36.4,6.2,41,67.5,15.6,26.4,45.7,84.4,24.5,46.1,50.9,43.8,23.5,26.9,5.9
"Phillips, Tyler",663969,2025,27,".240",".370",".284","72.1",25.2,17,"89.2","5.5",26,5.1,43.4,62.7,12.4,34.7,51.5,87.6,27.3,47.9,61.3,55.7,20.9,18.3,5.1
"Brieske, Beau",689225,2024,26,".215",".342",".291","71.3",22.1,8,"89","14.8",31.5,5.5,35.9,69.3,18.3,29.5,36.2,81.7,23.9,48.6,59.6,38.7,28.2,24.3,8.8
"Gonzales, Marco",594835,2023,31,".286",".445",".334",,,,"89.7","13.8",37.4,6.7,36.8,65.2,13.2,31.8,34.4,86.8,20.1,48.6,60.5,40.5,23.9,29.4,6.1
"Wacha, Michael",608379,2023,31,".246",".427",".291","71.2",20.7,2,"88.1","18.5",38.6,7.3,35.5,65.9,17.1,29.7,41.5,82.9,24.6,47.9,61.8,35.2,31.3,24.8,8.6
"Varland, Louis",686973,2025,27,".250",".395",".299","71.1",21.3,16,"90.2","5.3",33.5,9.1,43.7,70.2,14.6,31.9,59.2,85.4,27.1,52.5,64.1,53.3,16.8,24.4,5.6
"Payamps, Joel",606303,2024,30,".232",".431",".254","71.8",23.8,5,"89.4","15.9",34,9.6,43.6,67,22.4,28.8,38.3,77.6,27.1,48.1,63.6,39.7,26.9,23.7,9.6
"Soto, Gregory",642397,2025,30,".238",".344",".312","71.3",16.6,14,"88.9","10.5",33.9,4,37.9,62.5,19.8,31.5,50,80.2,29.9,47,62.6,44.8,24.1,24.1,6.9
"Rodríguez, Randy",678495,2024,24,".209",".355",".301","70.9",18,9,"88.1","13.4",26,7.5,37.7,67.2,21.6,30.1,46.3,78.4,29.6,48.1,56.6,41.8,32.2,20.5,5.5
"Brown, Ben",676962,2024,24,".229",".411",".268","71.3",22.6,6,"91.8","16.2",34.1,10.9,51.4,62.8,21.5,28.6,55.2,78.5,31.4,46.5,64,37.7,27.5,25.4,9.4
"Brown, Hunter",686613,2024,25,".223",".339",".296","71.4",22.3,25,"86.2","9.6",28,4.5,30.3,66,18.7,27.4,40,81.3,25.1,46.3,60.3,48.5,22,22.4,7.1
"Castillo, Luis",622491,2025,32,".245",".418",".304","71.5",21.8,22,"90.3","14.5",32.1,10.4,46.4,73.9,19.3,28.8,38.4,80.7,24.6,51.6,64.7,41.1,28.7,22.8,7.4
"Neris, Héctor",593576,2024,35,".233",".410",".324","71.2",21.4,10,"88.6","14.8",35.2,9.1,40.6,73.6,17.8,31,42.8,82.2,25.9,51,60.8,41.2,30.3,23,5.5
"Junis, Jakob",596001,2024,31,".250",".430",".259","72",25.8,8,"90","15.1",35.1,8.4,42.4,62.7,19.5,28,39.8,80.5,24.6,47.8,72.3,38.7,28.8,25.7,6.8
"Cano, Yennier",666974,2023,29,".243",".359",".261","71.5",21,3,"88.4","-2.5",30.2,5.4,38.1,68,17,32.3,44.1,83,25.5,50.4,69.1,58.9,15.3,24.3,1.5
"Jax, Griffin",643377,2025,30,".228",".359",".299","71.6",25.1,22,"89.2","6.7",38.5,9.3,44.1,64.1,20.2,38.1,63.6,79.8,37.3,50.6,67.5,46.6,20.5,28.6,4.3
"Ober, Bailey",641927,2024,28,".209",".384",".282","71.6",23.2,22,"87.5","20.4",34.8,8.3,34.3,71.5,22.9,33.5,41.7,77.1,29,52.4,67.4,34.3,35.2,20.3,10.2
"Faucher, Calvin",676534,2024,28,".230",".340",".299","71.2",19,11,"89.6","9",32.4,7.7,39.4,67,19.6,22.8,50.4,80.4,28.1,43.6,57.5,46.5,24.6,26.1,2.8
"Harvey, Hunter",640451,2024,29,".276",".465",".333","71.4",23.4,13,"90.4","10.9",37.8,9.1,48.3,68.9,22.8,31.2,37.9,77.2,27.1,51.3,63.8,45.5,17.5,32.2,4.9
"Waldichuk, Ken",686610,2023,25,".239",".423",".361","71.4",20.7,8,"88.3","14.5",34.7,7.7,38.5,69.1,16.9,27.6,43.9,83.1,25.1,47.5,56.1,41.1,28.6,22.5,7.7
"Kikuchi, Yusei",579328,2025,34,".250",".428",".327","72.5",30.2,16,"91","14.5",34.2,9.4,42.2,67.8,17,27,41.6,83,23.6,48.3,63,40.3,27.6,25.7,6.3
"Eflin, Zach",621107,2025,31,".266",".469",".378","72.3",27,12,"89.6","11.4",34,9.4,40.6,67.4,13.4,32,36.4,86.6,20.5,50.1,63.4,42.2,29.5,24.6,3.7
"Junis, Jakob",596001,2025,32,".256",".406",".301","71.7",21.9,9,"87.6","12.4",30.5,6.1,38.6,59.5,13.1,27.4,46.2,86.9,22.7,44.5,61.9,42.1,25.9,25.4,6.6
"Snell, Blake",605483,2024,31,".177",".283",".241","71.4",22.1,30,"86.5","14.6",32.9,5.7,28.9,65.3,24.2,31.6,58.6,75.8,37.7,46,64.8,42.5,26.8,21.9,8.8
"Hjelle, Sean",663546,2024,27,".247",".386",".306","70.5",18.1,13,"88.7","2.3",29.6,5.3,37.4,62.8,12.6,26.6,43.3,87.4,21.4,45.2,68.7,59.3,16.9,21,2.9
"Morejon, Adrian",670970,2024,25,".221",".349",".304","71",18.7,11,"86.6","7.1",31.8,8.4,32.4,69,18.9,31.6,49.3,81.3,27.3,52.1,62.7,51.4,20.7,21.8,6.1
"Walker, Ryan",676254,2025,29,".251",".368",".306","70.6",19.8,12,"87","5.9",31.1,5,35.6,58.4,15.9,26.1,36,84.1,21.6,43.2,58.9,50,18.9,26.7,4.4
"Rogers, Tyler",643511,2025,34,".246",".311",".241","70.7",16.5,9,"85.8","-2.9",26,2.1,33.1,70.8,10.5,29.6,36,89.5,15.9,54.6,74.2,61.6,12.8,22.7,2.9
"López, Pablo",641154,2024,28,".237",".402",".306","71.6",20.7,29,"87.9","13.3",35.9,8.2,37.5,70.8,19.2,32.9,43.7,80.8,27,51.8,67.5,44,26.6,24.9,4.6
"Allen, Logan",671106,2025,26,".247",".421",".323","72",25,10,"88.6","12.9",32.8,9.1,37.5,65.6,15.5,23.5,34.4,84.4,20.6,44.3,61.8,45.6,23.5,22.7,8.2
"Ragans, Cole",666142,2025,27,".187",".321",".295","71.5",21.5,12,"88.4","16.6",32.1,9.5,39.4,68.1,28.2,29.8,51,71.8,34.8,49.6,60.3,37.2,27,25.5,10.2
"Bello, Brayan",678394,2024,25,".254",".405",".319","71.9",23.5,23,"88.5","6.2",34.2,7.4,41.1,65.1,16.8,29.7,43.5,83.2,25.9,46.3,64.1,51.3,19.6,24.3,4.9
"Ashcraft, Graham",668933,2023,25,".268",".430",".339","71",18.3,11,"88.4","8.1",34,6.9,38.9,68,13.4,27.3,45.6,86.4,22.3,48.2,59.8,48,22.4,24.4,5.1
"Graveman, Kendall",608665,2023,32,".231",".385",".312","72.3",26.4,5,"88.6","16",32.2,6.9,35.6,64.1,20.8,27.7,44.5,79.2,29.2,43.6,63.5,38.5,28.2,24.7,8.6
"Cabrera, Génesis",650893,2024,27,".244",".401",".338","71.4",19.2,5,"89.8","14.1",33.7,7.4,41.1,71.7,19.1,27.9,42.4,81.1,26.1,48.6,55.4,43.7,24.7,22.6,8.4
"Hoffman, Jeff",656546,2023,30,".188",".281",".226","70.9",18.4,9,"88.1","14.4",24.6,2.5,30.5,69.7,21.9,34,58.8,78.1,34.6,51.2,62.8,44.9,26.3,17.8,11
"Irvin, Jake",663623,2023,26,".254",".450",".335","72.1",25.8,4,"90.4","14.7",33.1,10.3,39.6,64,12.6,22.7,33.5,87.4,17.9,43.7,56.8,42.5,30.1,20.6,6.8
"Nelson, Ryne",669194,2023,25,".263",".493",".357","72.2",29.2,2,"90.8","16.2",37.1,11.6,42.7,70.4,15.2,25.1,37.4,84.8,20.3,49.8,62.2,37.5,31.2,22.9,8.4
"Muñoz, Andrés",662253,2024,25,".177",".312",".233","70.1",14.3,16,"86.3","1.5",31,8.7,33.3,62.7,24.3,33.2,60.5,75.7,39.8,45.4,59.8,54,23,19.8,3.2
"Darvish, Yu",506433,2025,38,".218",".395",".334","72",26.6,8,"87.3","15.3",32.5,8.9,33,65.3,16.7,25.5,41.9,83.3,23,47,64.5,40.4,28.6,21.2,9.9
"Neris, Héctor",593576,2023,34,".192",".331",".259","71.7",23.5,4,"86.5","19.4",29.2,8.1,28,71.5,25.3,31.6,41.4,74.7,30.6,50.6,56.4,34.2,33.5,20.5,11.8
"Beck, Tristan",663941,2023,27,".241",".401",".298","72",25.4,4,"88.1","14.9",32.3,7.6,35.7,68.5,16.5,29,41.3,83.5,23.6,49.2,62.2,41.8,28.9,22.1,7.2
"Leiter Jr., Mark",643410,2023,32,".224",".387",".293","72.4",30.3,2,"88.2","10.2",33.1,8.8,39.4,65.4,20.1,27.7,54.9,79.9,32.3,44.3,61,46.3,22.5,26.9,4.4
"Rogers, Tyler",643511,2024,33,".237",".348",".281","70.1",14.9,4,"85.2","7.5",24.9,4.4,31.1,70.1,16,27.8,28.3,84,18.6,53,70.5,56,19.1,16.4,8.4
"Williams, Trevor",592866,2023,31,".275",".502",".377","72.5",30.7,2,"88.3","15.9",36.9,10.2,38.6,69,12.5,28.1,32.6,87.5,19,47.1,58.7,40,27.3,24.5,8.2
"Boyle, Joe",671212,2025,25,".218",".378",".312","72.5",29.8,8,"91.1","15.1",29.2,10.2,46,64.6,21.1,21,55.9,78.9,29,43.9,58.4,44.5,28.5,17.5,9.5
"Junis, Jakob",596001,2023,30,".238",".404",".328","71.8",27.2,6,"88.5","13.1",32.9,8.2,35.4,61.7,14.2,31.9,52.2,85.8,27.3,46.7,68.1,42.8,26.7,23.5,7
"Luzardo, Jesús",666200,2024,26,".253",".440",".315","72",24.9,6,"90.4","16.5",33.3,9.9,41.1,69.6,19.3,29.8,51.8,80.7,29.6,48.9,62.4,38.5,33.3,23.4,4.7
"Beeks, Jalen",656222,2025,31,".235",".398",".271","72.5",26.5,5,"88.5","12.5",29,10.5,39.5,74.5,19.3,25.4,50.8,80.7,27.7,49.2,59.4,46.9,27.8,19.8,5.6
"Coulombe, Danny",543056,2023,33,".217",".343",".269","70",12.7,7,"85.6","13.7",26.8,5.8,30.4,62.4,20.5,33.9,43.3,79.5,29.8,46.5,56.7,45.7,26.8,15.2,12.3
"Lively, Ben",594902,2023,31,".265",".474",".348","70.9",14.5,3,"89.1","14.3",38.4,8.3,36.2,64.7,14.2,24.5,39.3,85.8,20.7,45.4,60.6,39.1,26.4,28.6,5.8
"Flaherty, Jack",656427,2024,28,".232",".389",".288","71.4",23,24,"88.4","14",36.1,7.7,35.9,65,21.1,30.7,51.8,78.9,32.1,46.2,61.2,40.2,26.9,27.1,5.8
"Holton, Tyler",663947,2025,29,".250",".414",".288","71.9",25.6,17,"87.7","10.2",31.2,8.2,37.7,65.2,16,30.4,42.7,84,24.6,47.6,63.7,48.1,23.8,22.5,5.6
"Barlow, Scott",605130,2025,32,".227",".365",".301","71.6",24.1,12,"86.2","17",32.2,7.3,30.5,57.1,19.9,27.3,50.8,80.1,30.8,41.3,56.5,44.1,25.4,20.3,10.2
"Spence, Mitch",687765,2025,27,".284",".508",".350","72.1",27.9,22,"90.2","12.5",37.8,11.9,42.8,70.9,14.2,31.4,50.9,85.8,25.7,50.8,62.7,43.9,25.2,25.9,5
"Webb, Logan",657277,2024,27,".270",".421",".288","71.9",26,19,"89.8","2.5",32.1,7,46.2,60.9,11.9,33,35.7,88.1,20.8,46.2,69.6,57.2,17.3,23.2,2.3
"Banks, Tanner",621383,2023,31,".250",".453",".331","71.1",19.9,3,"90.3","16.9",35.3,9.2,37,68.2,19.4,22.9,42.3,80.6,24.8,46.4,66.5,37,33.2,24.5,5.4
"Lugo, Seth",607625,2024,34,".240",".400",".278","72",25.7,20,"88.5","10.7",32.8,8,39,65.1,13.9,27.9,42.7,86.1,22.5,46.7,64.4,44.8,25.8,24.9,4.5
"Seabold, Connor",657756,2023,27,".268",".478",".393","71.4",22.1,2,"89.2","16.5",38.6,10.1,40.5,73.8,16.3,23.5,40.4,83.7,21.5,50.3,63.4,34,32,26.5,7.5
"Faucher, Calvin",676534,2025,29,".263",".387",".302","71.5",23.7,14,"87.7","8.1",37.3,4.7,34.3,62.7,14.2,24,46.2,85.8,23.7,42.5,61.2,45,23.1,26,5.9
"Peralta, Freddy",642547,2025,29,".206",".361",".270","71.5",22.8,28,"88","18",33.9,9.3,34.5,69.3,21.6,28.5,47,78.3,30.1,46.9,63.3,37.5,28.9,22.6,11.1
"Zerpa, Angel",672582,2024,24,".259",".420",".323","70.4",12.2,2,"90.3","2.8",27.8,7.1,43.8,61.4,13.2,20.5,26.7,86.8,16,43.3,62.9,59.2,17.8,18.9,4.1
"Hudson, Bryan",663542,2024,27,".195",".342",".218","71.2",20.5,7,"87.8","14.2",35.8,6.8,36.5,66.5,13.9,24.7,46.6,86.1,21.5,47.7,59.3,39.9,24.3,26.4,9.5
"Irvin, Cole",608344,2024,30,".285",".519",".357","71.7",23.6,4,"89.9","15.3",38.8,12.7,40.9,66.4,12.8,25.5,30.7,87.2,17,48.3,66.9,40.1,29,25.3,5.5
"Yamamoto, Yoshinobu",808967,2024,25,".232",".367",".278","71.4",23.9,6,"88.4","8.4",34.2,8.3,41.3,64.3,17,31.7,48.2,83,27,48.3,62.2,48.3,20,27.9,3.8
"Ryan, Joe",657746,2025,29,".209",".397",".290","72.2",28.6,23,"90.2","18.7",33.1,11.5,41.9,69.7,21.9,25.2,40.4,78.1,26.1,49.7,66,36.9,32.2,20.3,10.6
"Cantillo, Joey",676282,2025,25,".229",".370",".289","71.4",22.2,9,"89.5","12.5",34.3,7.2,41.8,60.6,24.9,22.7,44.7,75.1,29.7,43.2,60.3,41.4,25.9,26.3,6.4
"Littell, Zack",641793,2023,27,".268",".441",".308","71.8",22.9,5,"89.6","12.8",33.9,8.3,41.9,72,13.6,31.6,40.7,86.4,21,53.4,69.3,42.2,27.3,23.5,6.9
"Domínguez, Seranthony",622554,2023,28,".243",".400",".318","72.4",31.1,3,"85.5","14.8",35.8,8.1,31.1,75.1,23,28.9,39.7,77,28,50.6,58,42.6,23,23,11.5
"Morton, Charlie",450203,2025,41,".247",".409",".360","72.2",26,31,"91.2","10.5",33.3,8.6,43.6,67.3,16.5,27.2,55,83.5,27.9,46.8,60.2,44.4,24.9,25.4,5.3
"Pérez, Martín",527048,2024,33,".274",".485",".351","72.5",28.1,5,"89","11.2",34.3,8.6,41.5,64.7,13.7,28,37.1,86.3,21,46,63.7,44.1,23.5,26.6,5.8
"Puk, A.J.",640462,2024,29,".198",".301",".265","71",20.3,14,"86.2","16.8",35.2,4,33.5,64.2,24.1,32.1,49.7,75.9,31.8,49.3,66.1,37.5,30.7,22.7,9.1
"Kikuchi, Yusei",579328,2023,32,".245",".436",".319","72.3",30,5,"90.5","13.3",37.7,9,42.4,67,18.5,29.6,50.5,81.5,28,48.7,59.4,40,25.5,26.1,8.4
"Gaddis, Hunter",683769,2024,26,".198",".343",".220","71.5",21.6,7,"88.5","18.8",29.9,5.7,36.6,69.5,19.2,30.9,40.3,80.8,25,51.6,68.2,37.6,31.4,20.6,10.3
"Shuster, Jared",694363,2023,24,".265",".445",".341","71.4",19.3,0,"89.4","18.4",34.7,6.9,38.7,68.4,15.3,23.9,38.7,84.7,21.6,45.6,62.2,35.8,29.5,22.5,12.1
"Soto, Gregory",642397,2023,28,".197",".305",".274","70.7",20.9,6,"87.4","8.4",28.6,5.6,34.8,63.7,24.6,30.7,56.4,75.4,34.2,48.1,66.4,52.2,26.1,17.4,4.3
"Martinez, Seth",661527,2024,29,".243",".397",".323","71.3",20.8,6,"88.4","16.4",31.1,6.7,40.2,67,17.4,26,36.3,82.6,23,45.7,60.2,42.1,22,24.4,11.6
"Ureña, José",570632,2024,32,".256",".421",".314","71.9",22.1,5,"89","9.8",26,7.7,39.7,71,16.4,26.4,38.6,83.6,23.1,47,55.5,50.6,24,20.6,4.9
"Bednar, David",670280,2023,28,".193",".325",".259","71.6",23,6,"88","15.6",29.5,5.2,40.5,75.4,25.6,34.5,47.2,74.4,32.8,54.1,60.1,42.2,30.1,18.5,9.2
"King, Michael",650633,2025,30,".233",".427",".305","71.5",20.3,10,"87.8","15.8",35.1,11.4,38.1,62.1,18.9,27.3,40.7,81.1,25.8,44.1,61,39.1,30.2,19.8,10.9
"Mejia, Juan",675848,2025,24,".199",".297",".309","70.8",17,19,"85.8","15.5",34,4.9,34.6,65.9,23.6,30.4,45.1,76.4,30.4,48,55,38.9,27.2,25.3,8.6
"Estévez, Carlos",608032,2024,31,".218",".404",".235","71.2",18.6,5,"90.3","19.5",38.9,10.1,42.3,72.3,22.1,24.6,40,77.9,25.6,52.3,68.8,32.2,32.9,27.5,7.4
"Lee, Dylan",669276,2024,29,".198",".342",".277","71.7",23.8,13,"87.5","16.8",35.4,7.5,32,75.1,26.7,37.4,62.9,73.3,37.7,57.4,69.9,36.1,33.3,26.5,4.1
"Luzardo, Jesús",666200,2023,25,".230",".416",".307","71.9",25.8,12,"89.5","14.5",34.7,9.5,40,67.7,19.7,31.3,54.2,80.3,31.4,48.6,59.4,41.1,28.6,21.6,8.7
"Ashcraft, Graham",668933,2024,26,".275",".444",".342","71.5",21.5,18,"90.6","8.8",31.9,7.7,42.7,72.3,13.2,26.2,46.6,86.8,22.1,49.3,56,49.2,22.7,22.7,5.4
"Kerkering, Orion",689147,2024,23,".219",".329",".271","70.6",17.5,8,"87.3","5.4",32.3,5.1,33.5,61.4,19,27.9,49,81,27.8,45.4,60.3,54.4,18.4,24.7,2.5
"Schmidt, Clarke",657376,2023,27,".252",".420",".334","71.9",25.4,14,"89.2","13.8",31.1,7.6,41,63.8,13,29.7,44.7,87,22.8,47.1,63.7,43.6,24.6,23.8,8
"Buehler, Walker",621111,2024,29,".260",".432",".370","70.9",20.2,7,"88.3","10.8",36.2,6.9,37.8,65.6,12.3,24.5,39.1,87.7,19.4,45.4,60.5,45.9,22.4,27.2,4.5
"Lange, Alex",656638,2023,27,".202",".308",".294","71.7",26.5,4,"88.6","8.5",33.1,7,36.3,56.8,19.8,31.7,59.6,80.2,39.1,41,53.7,51,21.7,22.9,4.5
"Nelson, Ryne",669194,2024,26,".263",".419",".322","71.1",20.4,18,"90.1","12",34.5,7.5,41.6,71,14.4,29.3,28.9,85.6,18.2,51.8,67.3,42.5,24.1,27.6,5.8
"Corbin, Patrick",571578,2024,34,".291",".481",".357","72.2",27.2,25,"90.8","10",37.3,8.3,46.7,69.1,12.6,29.8,42.5,87.4,22.4,48.2,65.4,47.2,20.6,27.8,4.4
"Puk, A.J.",640462,2023,28,".208",".376",".300","70.5",15.2,5,"87.3","13",27.5,8.1,32.2,63.3,26.4,29.5,50.4,73.6,33,48.2,65.4,45.6,26.8,18.1,9.4
"Harris, Hogan",663687,2025,28,".240",".353",".289","70.6",18.4,4,"88","14.9",34.8,5.6,32.6,63.9,17.5,24.1,40,82.5,23,45.6,61.7,34.8,28.7,30.3,6.2
"Pagán, Emilio",641941,2023,32,".216",".406",".241","71.5",22.8,0,"90.6","19.9",34.4,7.5,45.2,75.6,20.1,29.4,37.3,79.9,24.4,54.6,63.1,32.3,35.5,22,10.2
"Wilson, Steven",621051,2025,30,".236",".382",".296","71.4",20.1,8,"89.6","24.9",35.2,5.5,36.4,69.2,20.3,24.5,38.3,79.7,24.8,47.6,55.2,26.1,36.4,26.7,10.9
"Cannon, Jonathan",686563,2025,24,".271",".485",".358","72",24.2,15,"90.3","17.4",37.3,10.7,45.4,70.6,15.6,25.1,38.6,84.4,21.4,48.4,60.9,37.6,30.1,23.3,9
"Irvin, Jake",663623,2024,27,".249",".440",".314","71.8",24.5,16,"88.8","11.4",33,9.2,39.1,67.1,15.6,26.8,41.9,84.4,22.3,48.5,61.5,44.7,25.5,23.3,6.5
"Santos, Gregory",666619,2023,23,".245",".320",".283","71.8",22.9,1,"88.9","2.9",32.8,1.5,34.8,64.4,18.4,33.5,53.5,81.6,30,49.4,62.5,52.2,15.9,30.3,1.5
"Pagán, Emilio",641941,2025,34,".181",".346",".254","72",25.8,12,"88.9","23.7",30.3,9.1,37,73.6,21,32.6,48,79,29.2,53.2,64.4,29.1,38.8,18.8,13.3
"Bachar, Lake",669199,2025,30,".228",".441",".296","71.6",20.5,15,"90.3","17.7",38.3,10.6,41.5,63.5,21.8,30.4,46.4,78.2,30.2,46.3,59.2,35.1,28.7,25,11.2
"Taillon, Jameson",592791,2024,32,".254",".428",".289","71.9",23.1,20,"89.7","15.9",32.2,7.2,38.8,65.6,12.1,27.8,39.9,87.9,19.5,48.2,65.6,40.4,30.7,22.9,6
"Lawrence, Justin",664875,2023,28,".218",".337",".303","70.2",17.4,3,"89.5","7.8",32.2,5.4,39,57.5,15.4,24.8,45.8,84.6,24.1,41.7,61.3,48.8,18.5,26.3,6.3
"Kremer, Dean",665152,2024,28,".239",".435",".294","71.5",23.3,13,"87.4","15.1",31.1,9.8,35.4,65,17,27.4,38.3,83,23.3,46.2,62.6,42.3,29.3,18.6,9.8
"Bido, Osvaldo",674370,2025,29,".253",".487",".384","72",23.9,18,"90.4","20.1",33.1,11.8,40.9,70.1,16.4,26.4,50.6,83.6,25,49.5,63.5,30.7,37.4,23.2,8.7
"Beck, Tristan",663941,2025,29,".261",".429",".286","72.1",26.2,17,"90.1","14.7",34.7,8.7,38.2,67.8,13.7,28.1,48.1,86.3,22.9,49.1,64.2,42.2,25.4,23.7,8.7
"Winckowski, Josh",670174,2024,26,".260",".410",".327","71.3",21.2,11,"88.5","7.1",34.1,6.1,43.1,66.3,14.4,27.5,38.3,85.6,20.9,47.8,61.6,52.4,18.7,23.6,5.3
"Suarez, Ranger",624133,2025,29,".226",".351",".298","71.9",25.2,10,"86.5","12.9",29.2,5.5,31.1,64.7,15.9,30.5,36.2,84.1,22.2,47.9,66.4,48,24.8,20.4,6.8
"Scherzer, Max",453286,2023,38,".203",".384",".298","71.8",22.6,9,"88.5","20.2",32.2,8.5,36.9,70.9,20.9,30.4,47,79.1,28.6,51,69.9,33.7,32.7,22.9,10.8
"Finnegan, Kyle",640448,2024,32,".259",".430",".309","71.7",22.3,4,"91.3","10.6",31.6,7,48.1,72.4,18.2,27.3,40.3,81.8,23.1,53.2,65.8,46.5,24.6,25.7,3.2
"Maton, Phil",664208,2023,30,".187",".323",".284","71.4",20,3,"84.5","11.7",31.9,7.2,23.5,71,24.3,30.2,51.9,75.7,32.9,50,65.2,43.4,27.7,21.7,7.2
"Oviedo, Johan",670912,2023,25,".245",".407",".319","71.7",22.7,13,"88.6","11.9",32.2,7.6,40.2,69.8,16.1,24.7,52.1,83.8,26,46.5,53.9,44.6,23,25,7.2
"Ferguson, Tyler",621053,2025,31,".209",".341",".296","71.3",21,14,"87.5","19.3",33.1,6.5,31.8,67.5,20.6,28.1,37.4,79.4,26,46.7,64.3,38.3,33.1,20.8,7.8
"Wesneski, Hayden",669713,2023,25,".259",".477",".330","70.8",18.6,7,"88.7","14.1",37.3,12.3,38.1,61.7,16.7,27.1,36.9,83.3,22.7,44.6,62.4,41.2,26.5,26.2,6.2
"Cleavinger, Garrett",664076,2024,30,".229",".380",".308","71.5",23.2,12,"86.9","12.5",35,9.6,33.8,66.5,20.2,30.2,51.2,79.8,30.3,47.8,58.6,41.4,29.3,23.6,5.7
"Svanson, Matt",694335,2025,26,".201",".337",".225","70.8",17.5,11,"89.1","9.8",39.4,8.5,35.9,63.4,18.5,22.3,37.6,81.5,23.1,44.1,65.4,43,24.6,26.1,6.3
"Assad, Javier",665871,2023,25,".255",".419",".303","71.8",24.1,6,"87.6","11.4",31.2,9,41.2,64.7,13.8,23,38.8,86.2,20.8,42.9,57,47.3,22.8,21.9,8
"Hendricks, Kyle",543294,2023,33,".267",".416",".296","71.5",22,7,"85.2","11.2",33.7,6.2,31.5,62,13.7,33.9,32.5,86.3,21.1,46.7,67,47.4,21.6,23.1,7.9
"Ferguson, Caleb",657571,2025,28,".237",".330",".271","70.8",17.1,9,"84.8","5.6",35.6,3.1,27.7,64.3,13.8,29.4,40.3,86.2,21.4,47.9,58.4,49.7,18.3,27.7,4.2
"Weissert, Greg",669711,2024,29,".246",".373",".310","70.6",16.3,3,"88.9","12.8",33.5,5.9,40.5,64.1,15.2,30.7,32.2,84.8,20.3,48.3,56.2,41.1,28.1,24.9,5.9
"Olson, Reese",681857,2024,24,".245",".366",".282","71.7",22.3,17,"90.2","8.9",31.2,5.5,43.7,67.3,14.9,32.2,50.3,85.1,28.7,47.3,63.7,51.4,19,24.2,5.5
"Erceg, Lucas",668674,2023,28,".204",".305",".328","70.7",20.1,4,"86","7.9",34,6.4,33.3,62.9,20.7,23.2,46.2,79.3,28.4,41.5,56.8,44,24.1,25.5,6.4
"Woo, Bryan",693433,2024,24,".220",".351",".249","71.1",17.1,12,"88.8","15.6",29.9,4.8,35.2,70.2,16.8,29.6,46.2,83.2,23.6,53.3,73.1,42,28.7,22.5,6.8
"Quantrill, Cal",615698,2024,29,".271",".444",".358","71.5",23.3,9,"89.1","11.1",37.1,7.3,41.2,69.7,16.7,24.1,34.4,83.3,21.6,45.7,62.7,44.4,24.2,26,5.4
"France, J.P.",641585,2023,28,".264",".462",".319","71.8",24.1,2,"89.6","13.1",33.9,8.1,38.7,65.2,15.2,23.5,41.7,84.8,21.9,44.9,58.2,42.2,25.8,24.6,7.4
"Whitlock, Garrett",676477,2025,29,".200",".311",".247","71.5",22,15,"88.5","11.2",35.3,8.7,36.4,69.9,24.1,35.1,51.2,75.9,32.8,53,69.4,45.7,23.7,25.4,5.2
"Contreras, Roansy",672710,2024,24,".257",".452",".322","71.5",23.8,4,"89.8","11.3",32.9,9.7,43.5,66.1,13.2,28.1,40.1,86.8,20.9,47.5,59,45.4,30,19.8,4.8
"Steele, Justin",657006,2024,28,".212",".317",".271","71.8",24.4,19,"86.9","12.3",30.9,4.2,33.2,68.3,17.3,29.1,44.1,82.8,23.7,51.5,68.1,45.6,23,23,8.4
"Strider, Spencer",675911,2023,24,".202",".347",".279","70.9",17.3,20,"88.5","17",40.2,8.2,36.1,70.7,26.5,34.3,65,73.5,38.6,53,67.1,34.9,31.8,25.8,7.5
"Vargas, Carlos",672841,2025,25,".247",".371",".327","70.9",18.8,10,"88.6","4.6",25.9,4.9,35.2,64.6,12,28.7,38.6,88,18.9,48.7,62.4,57.1,20.2,19.8,2.8
"Nelson, Ryne",669194,2025,27,".245",".411",".284","71.4",22.1,20,"91.4","14.3",36.2,7.5,45.5,70.8,15.6,27.8,38.5,84.4,21.6,50.4,62.2,40,28.1,26.2,5.7
"Ashcraft, Braxton",677952,2025,25,".235",".350",".286","71.8",20.3,6,"88","9.1",30.8,4.6,38.5,68.4,17.2,29.4,50.3,82.8,26.2,50.2,58.1,50.8,22.1,23.1,4.1
"Stanek, Ryne",592773,2025,33,".236",".411",".330","71.5",19.7,15,"90.3","19.9",37,10.9,43.6,75.3,23.2,30,39.1,76.8,27.8,52.5,61.2,32.7,33.3,23,10.9
"Gray, Jon",592351,2023,31,".256",".419",".317","71.6",25.6,11,"89.4","13.4",35.5,6.4,39.5,69.3,17.2,32.2,46.5,82.8,26.4,50.8,66.5,40.8,26.8,25.7,6.7
"Abreu, Bryan",650556,2023,26,".191",".339",".255","71.5",19,5,"89.9","14.4",36.6,9.8,34,63.9,26.7,27.3,68,73.3,39.8,44.8,56.1,38.6,28.8,26.8,5.9
"Severino, Luis",622663,2025,31,".266",".416",".313","71.5",21.9,15,"88.3","14",35.3,6,41.9,66.9,14.4,26.3,28.9,85.6,18.3,47.3,58.9,41.9,23.7,27.2,7.2
"Crawford, Kutter",676710,2024,28,".222",".422",".304","72.3",29.9,24,"88.4","19.8",33.4,9.9,36.3,69.4,17.2,32.8,44.3,82.8,25.3,52,63.6,33.8,32.3,22.1,11.8
"Ottavino, Adam",493603,2023,37,".209",".330",".294","71.3",22.7,4,"88.6","7.2",24.1,3.7,40.7,58.6,16.1,26.8,45.8,83.9,26.1,41.9,58.8,56.2,24.7,15.4,3.7
"Liberatore, Matthew",669461,2023,23,".285",".490",".341","71.9",27.2,4,"90.1","12.1",35.7,8.5,42.7,66.3,11,23.9,39.8,89,18.7,44.9,53.6,43.7,24.6,25.1,6.5
"García, Yimi",554340,2023,32,".234",".366",".312","71.5",21.1,9,"87","10.7",31.9,6.6,35.2,67.1,23.4,29.9,48.5,76.6,31.3,48.2,63.5,47.3,20.9,24.7,7.1
"Scherzer, Max",453286,2025,40,".245",".482",".346","72.6",29.3,6,"88.3","21.5",38.2,12.4,38.2,70.1,18.6,27.6,37.6,81.4,23.6,50.1,64.8,27.5,37.1,25.1,10.4
"Yarbrough, Ryan",642232,2025,33,".256",".422",".318","71.6",22,4,"86.1","15.5",39.9,6.9,34,66.1,20.8,24.9,42.1,79.2,26.6,45.5,68.9,39.4,31.4,23.4,5.9
"Doval, Camilo",666808,2025,27,".219",".330",".285","71.6",21.4,15,"88.6","6.2",28.6,6,40.5,65.7,16.2,29.4,54.5,83.8,28.4,47.3,56,53.6,19,22.6,4.8
"Hill, Tim",657612,2024,34,".261",".328",".299","70.7",14.8,4,"88","-6.6",20.1,1.7,40.6,66.4,8.6,30.3,25,91.4,12.8,50.8,70.2,67.8,12.1,18.4,1.7
"Wilson, Bryse",669060,2023,25,".242",".411",".281","72",29.5,4,"88.6","16.9",36.7,7,35.8,70.2,12.4,26.7,34.6,87.6,18.5,48.7,61.1,37.6,31,24.9,6.6
"Taillon, Jameson",592791,2023,31,".255",".467",".322","71.1",18.8,8,"88.3","16.7",36.2,10.7,38.4,67.9,17.1,29.2,34.2,82.9,22,49.1,69.6,38.4,28.1,23.9,9.6
"Matthews, Zebby",805673,2025,25,".265",".447",".338","71.8",24.8,14,"89.2","16.5",44.2,9.9,38.8,69.4,18.5,30.2,51.1,81.5,27.5,51.1,65.8,33.1,30.6,29.3,7
"Herz, DJ",687792,2024,23,".207",".352",".294","71.7",25.2,13,"89.4","18",30.9,8.1,34.7,69.3,23.6,27.9,43.8,76.4,29.3,48.9,60.7,36.9,31.4,24.2,7.6
"Skubal, Tarik",669373,2023,26,".194",".293",".238","70.6",17.3,12,"88.5","8.7",24.6,4.2,40.3,69.4,23.1,33.5,51.3,76.9,31.3,53,62.6,51.8,19.4,19.9,8.9
"Martin, Davis",663436,2025,28,".273",".466",".322","72.3",27,22,"90.7","11.2",36,9.7,44.6,70.2,13.1,28,43.4,86.9,21.6,49.4,57.6,45.9,26.7,22.2,5.2
"Cole, Gerrit",543037,2024,33,".223",".385",".286","71.5",20.1,11,"89.7","17",31.6,7.4,39.5,68.6,17.8,27.3,43.2,82.2,24.8,48.3,67.2,38.3,27,23.8,10.9
"Cruz, Fernando",518585,2024,34,".220",".387",".307","71.3",22.1,18,"88.7","13.9",41.3,9.8,44.1,67.4,23.5,29.9,65.2,76.5,38.2,46.7,59.8,35.7,26.6,30.1,7.7
"Gausman, Kevin",592332,2023,32,".231",".406",".292","72.1",25.9,8,"89.4","12.3",36.9,9.9,43.3,68.2,19.9,32.6,45.8,80.1,28.9,49.3,63.4,42.9,26.4,24.7,6
"Montero, Keider",672456,2024,23,".282",".464",".341","71.7",23.6,11,"88.9","15.5",34.6,7.6,37.9,67.4,13.4,26.6,44.8,86.6,21.5,48.3,66.7,40.5,25.9,25.2,8.3
"Gilbert, Tyler",656457,2025,31,".220",".404",".291","71.7",23.2,10,"90","20.4",35,10,40.7,67.7,17.3,26.1,49.1,82.7,26.2,46.8,60.8,33.6,35.7,22.9,7.9
"Ferrer, Jose A.",678606,2025,25,".252",".354",".310","71.2",18.8,14,"89.1","0.8",28.3,4.8,42.2,67.5,17.1,28.6,46.5,82.9,24.8,49.8,67,64.3,13.9,20.4,1.3
"Wood, Alex",622072,2023,32,".253",".415",".335","71.5",26,4,"89.2","11.7",33.1,5.6,37.4,66.9,16.4,25.5,35.1,83.6,21.7,45.8,60.6,45.9,27.2,21.6,5.2
"Hicks, Jordan",663855,2024,27,".251",".425",".336","71.5",20.4,8,"89.6","8.9",34.7,9.4,42.2,65.4,14.6,25.1,48.2,85.4,24.6,44.3,60.7,50.8,21.6,23.1,4.6
"Miller, Bobby",676272,2024,25,".293",".535",".411","71.9",25.9,10,"91.5","10.4",34.5,11.5,47.7,70.6,18.9,24.2,36.3,81.1,23.7,46.1,54.3,44.8,25.3,24.7,5.2
"Nicolas, Kyle",693312,2024,25,".234",".366",".315","70.5",16.5,7,"90","10.8",34,8.5,40.5,70.5,18.6,25.2,50.8,81.4,28.2,45.9,57.6,43.1,26.1,26.8,3.9
"Woo, Bryan",693433,2023,23,".217",".352",".305","71.8",25.5,4,"87.4","13.9",32.5,6.3,33.8,71.8,23.7,27.9,40.6,76.3,28.1,50.9,64.4,40.8,29.2,22.1,7.9
"Lynch IV, Daniel",663738,2025,28,".253",".414",".327","71.6",20.9,4,"88.6","10.4",28.3,8,42.5,59.4,14.8,25.8,40.1,85.2,22.3,42.9,61.1,49.1,25,18.4,7.5
"Banda, Anthony",607455,2025,31,".206",".355",".285","71",20.5,15,"89.8","13.8",35.1,8.8,38.6,68.8,16.4,28.6,50.6,83.6,27.2,47.7,60.6,39.8,35.7,18.7,5.8
"Strahm, Matt",621381,2024,32,".186",".321",".221","71.3",20.7,6,"89.2","21.6",36.2,7.1,37.6,70,22,32,39.3,78,26.7,53.1,62.3,31.9,34.8,22.7,10.6
"Díaz, Edwin",621242,2024,30,".164",".292",".269","71.2",20,11,"85.9","13.9",32.1,7.3,30.3,68.4,28.6,30.7,57.9,71.4,38.1,48.9,63,44,22.9,19.3,13.8
"Falter, Bailey",663559,2024,27,".264",".465",".320","71.9",25.8,15,"90.1","17",36.6,9,41.3,67.8,13.7,27.8,36.4,86.3,19.6,49.5,58.7,37.5,28.1,25.8,8.5
"Thornton, Trent",663423,2024,30,".227",".361",".302","71",16.2,19,"87.9","16.2",31.1,7.8,37.3,68.1,17.6,32.6,48.1,82.4,27.3,50.6,68.3,39.4,27.5,24.9,8.3
"Fleming, Josh",676596,2023,27,".292",".468",".342","70.3",18.8,1,"90.7","-0.3",28.8,5.6,48.6,68.2,11.3,27.5,33,88.8,18.2,46.4,57.7,61.6,15.3,20.3,2.8
"Parker, Mitchell",680730,2024,24,".255",".443",".311","72.2",26.8,19,"89.6","15.3",35.3,8.1,38.9,71.3,14.9,30.1,41.1,85.1,22.3,51.4,64.9,38.7,28.2,26.9,6.2
"Mikolas, Miles",571945,2025,36,".271",".513",".342","71.9",24.2,9,"89.3","13.8",34,12.7,41.8,65.8,13,25.5,27.6,87,16.5,48,69.5,40.8,30.8,21.9,6.4
"Bernardino, Brennan",657514,2025,33,".210",".326",".256","71.6",25.4,7,"87.6","9.5",28.5,7.3,35.8,61,9.4,26,42.6,90.6,19.3,43.6,61.4,50.3,21.9,18.5,9.3
"Mikolas, Miles",571945,2023,34,".287",".506",".330","71.8",25.9,2,"90.4","15",38.9,9.8,43,68,13.3,27.5,26.7,86.7,16.7,49.7,68,39,27.7,26.6,6.7
"Soriano, José",667755,2024,25,".240",".379",".287","71.6",22.1,21,"89.9","-0.9",28.5,6.6,44.3,64.7,13.4,29.4,43.7,86.6,23.7,46,56.2,60.1,15.8,21.8,2.2
"Kimbrel, Craig",518886,2024,36,".216",".390",".309","71",19.1,9,"91.1","17.3",37.4,10.6,43.1,64.3,21.3,22.3,57.8,78.7,30.9,43,54.7,31.7,29.3,30.1,8.9
"Roupp, Landen",694738,2024,25,".238",".363",".294","71.1",17.2,4,"89","10.6",35,4.9,39.2,57.5,17.4,26.7,40,82.6,25.3,41,61.3,47.6,18.2,27.3,7
"Garrett, Braxton",666129,2023,25,".271",".444",".307","72.3",27.1,7,"90.2","7.4",32.2,7.8,45.1,63.3,13.6,31.2,49.1,86.4,25.4,47.2,66.3,49,20.5,26.6,3.9
"Henriquez, Ronny",678692,2025,25,".182",".350",".269","71.8",25.2,23,"88.3","15.8",33.9,10.9,42.5,65.4,21.4,35.3,59.9,78.6,36,49.4,61.9,40.8,33.9,17.2,8
"Schwellenbach, Spencer",680885,2024,24,".238",".380",".286","71.5",20.5,17,"87.6","11.7",35.2,4.9,39.8,69.5,18.3,34.2,48.8,81.7,27.4,53.1,67.2,43,25.3,24.7,7
"Kahnle, Tommy",592454,2025,35,".244",".413",".302","71.8",23.8,11,"88.3","11.5",32.4,9.2,37.3,64,16.9,25.4,44.9,83.1,25.4,43.7,56.2,47.6,23.2,21.1,8.1
"Doval, Camilo",666808,2024,26,".182",".319",".327","71.2",22.1,11,"89.5","-0.2",27.6,8.6,42.8,61.8,19.7,28.4,61,80.3,34.3,43.6,58.3,60.5,19.1,19.1,1.3
"Luzardo, Jesús",666200,2025,27,".228",".355",".290","71.8",23.7,28,"88.5","13.1",34.2,6.6,37.1,64.7,20.5,30.5,53.3,79.5,30.8,47.8,67.4,42.7,25.3,25.3,6.6
"Lee, Dylan",669276,2025,30,".202",".376",".279","72.4",28.7,11,"87.6","16.9",32.4,10.2,33.5,70.1,23.8,31.3,57.6,76.2,33.6,51.5,67.7,38.6,33,18.8,9.7
"Stephan, Trevor",663986,2023,27,".238",".415",".311","71.8",21.2,2,"89.1","14.1",34,8.5,38.3,73,23.2,29.9,46.1,76.8,30.6,49.9,62.1,42.6,27.1,22.9,7.4
"Bradford, Cody",674003,2024,26,".230",".409",".273","71.6",23.9,5,"88.8","17.8",35.3,8.9,34.8,67.6,17.3,30,38.2,82.7,23.6,49.1,69.2,36.6,28.6,25,9.8
"Alzolay, Adbert",640470,2023,28,".242",".374",".269","72.2",26.7,5,"89.4","12.9",33.3,6,36.9,69.5,19.2,31.5,49.7,80.8,28.1,51.4,62.5,43.5,23.8,26.8,6
"Herget, Jimmy",623474,2025,31,".217",".353",".287","71.6",22.7,12,"88.7","18.5",35.2,7.3,39.1,65.6,18.3,26.1,50.6,81.7,26.9,46.6,64.2,35.2,28.8,25.3,10.7
"Kirby, George",669923,2025,27,".249",".399",".300","71.7",24.3,21,"90.6","11.7",35.3,8.5,43.9,68.4,17.1,29.8,48.6,82.9,26.7,49,64.7,44.4,23.4,26.8,5.4
"Barnes, Jacob",606930,2024,34,".276",".474",".323","71.9",26,8,"89","12.8",43.6,6.4,41.6,72.1,16.5,29.3,43.4,83.5,25.1,49.2,63.4,38.1,26.2,31.7,4
"Winn, Keaton",676775,2024,26,".269",".487",".354","71.7",25.4,3,"93.1","8.7",34.5,8.5,50.6,70.9,16.4,33.3,44.6,83.6,25.2,52.5,65.5,50.9,21.8,24.8,2.4
"Rodriguez, Eduardo",593958,2023,30,".243",".402",".284","72.1",27.4,13,"88.6","13.8",31.4,7.5,38.5,67.7,18.1,27.9,38.4,81.9,23.8,47.8,64.1,42.6,23.4,26.7,7.3
"Martinez, Nick",607259,2023,32,".242",".388",".294","70.7",19.3,7,"84.7","6.4",30.5,7.1,29.9,62.9,17.7,33.1,46.5,82.3,28.6,46.9,63.9,54,20.6,20.3,5.1
"Vest, Will",676684,2024,29,".261",".384",".261","70.5",15.1,5,"88.4","7.4",36.6,2.9,38,68.6,19.6,29.2,36.6,80.4,24.3,49.9,61,48.3,21.5,26.8,3.4
"Kelly, Zack",677161,2024,29,".224",".416",".300","70.4",17.9,6,"87.2","12",35.1,9.9,31.1,66.9,21,26.7,45.4,79,28.1,46.5,67.8,47.7,24.5,20.5,7.3
"Chivilli, Angel",683409,2025,22,".271",".478",".387","71.5",21.5,5,"89.9","5.6",31.5,9.9,42.9,73.7,21.1,29.5,48.4,78.9,29.7,50.1,55.8,49.8,23.2,23.2,3.9
"Sears, JP",676664,2025,29,".241",".446",".352","71.7",24.8,13,"89.2","21.2",33.5,9.4,39.4,67.5,18.6,25.2,30.1,81.4,21.6,47.3,62.1,30.2,36.6,24.1,9.2
"Kinley, Tyler",641755,2024,33,".241",".422",".341","71.3",19.8,16,"87.5","15.5",37.6,9,33.1,71.2,20.8,31.3,57.6,79.2,33.1,50,57.4,38.2,28.1,25.8,7.9
"Kittredge, Andrew",552640,2025,35,".210",".351",".266","72.4",29,14,"90.7","7.8",33.8,6.8,44.4,65.2,16.6,41.6,50,83.4,29.8,53.3,72.9,49.6,25.6,23.3,1.5
"Dollander, Chase",801403,2025,23,".249",".448",".354","71.3",20.3,14,"88.7","12.5",36.5,11.5,40.5,69.8,17.2,23.5,40.3,82.8,22.9,47,56.7,42.4,27.3,25,5.3
"Brash, Matt",666374,2023,25,".208",".307",".292","71",19.2,11,"88.1","12.5",31.3,4.8,34.3,62.6,24.1,29.2,63.8,75.9,38.3,44.5,61,45.8,30.1,19.9,4.2
"Voth, Austin",608723,2024,32,".212",".374",".281","71.4",19.6,13,"85.8","16.2",40.4,7.8,29.5,69,18.6,31.6,54.7,81.4,31.6,48.4,63.7,36.7,30.1,26.5,6.6
"McHugh, Collin",543521,2023,36,".286",".432",".335","71.3",24.5,4,"88.6","10.5",33.5,6.2,35.6,67.9,19.4,27.8,39.9,80.6,25.7,47,65.2,45.4,20.1,29.4,5.2
"López, Reynaldo",625643,2023,29,".213",".385",".286","71.3",22.5,5,"88.1","14.3",33.3,9.4,38.4,75,23,29.1,48.4,77,30.5,51.2,62.3,40.3,30.2,21.4,8.2
"Hoffman, Jeff",656546,2024,31,".200",".362",".252","71.2",18.3,18,"88.3","17.3",32.5,7.6,42,68.9,22.3,34.6,61.3,77.7,35.3,51.7,66.4,37.6,27.4,24.8,10.2
"López, Jorge",605347,2024,31,".218",".384",".298","71.1",19.6,8,"88.7","9.1",28.1,8.2,39.7,59.9,15,24.6,45.2,85,23.1,43.3,65.6,51.4,26,15.8,6.8
"Martinez, Nick",607259,2024,33,".242",".373",".279","71.4",21.8,15,"86.4","17",34,5.1,30.5,67.4,16.2,33.9,37.7,83.8,23.1,51.1,67.7,37.7,27.9,24.9,9.5
"Sterner, Justin",686993,2025,28,".203",".366",".278","71.4",21.3,18,"89.8","22",33.5,9.6,38.9,70.8,20.6,31.9,50.3,79.4,30.8,50,61.4,29.9,34.1,24,12
"Hanifee, Brenan",669724,2025,27,".271",".418",".299","71.6",24.8,4,"90.5","4.1",29.9,6.9,44.6,63.7,9.6,23.9,36.2,90.4,16.1,45.2,65.5,55.4,17.6,23.5,3.4
"Maeda, Kenta",628317,2024,36,".254",".431",".351","71.3",19.8,14,"88.4","17",36.9,8.2,36.1,66.6,13.3,30.9,43.3,86.7,23.9,47.2,60.2,36.4,29,26.1,8.5
"Englert, Mason",669438,2023,23,".305",".537",".368","73.2",31.9,1,"91.4","15.7",38.9,9.8,44.6,73.6,15.4,27.5,46.9,84.6,23.6,51.3,61.3,40.4,30.6,24.4,4.7
"Henry, Cole",669371,2025,25,".212",".366",".328","71.2",19.2,8,"88.8","23.3",31.5,7.5,37,66.9,19.6,19.7,45.4,80.4,25.6,42.8,52.7,32.2,28.1,23.3,16.4
"Gilbert, Logan",669302,2023,26,".238",".411",".290","71.7",22.1,14,"90.5","13.6",35,9,44.6,71.5,18.1,29.8,49.3,81.9,26.4,52.2,63.5,42.2,28.5,23.2,6.1
"Olson, Reese",681857,2023,23,".251",".461",".283","71.6",25.1,14,"90.8","12.8",36.1,10.9,42.8,64.6,14.3,29.9,52.7,85.7,27.4,46.3,60.2,42.1,24.9,26.3,6.7
"Rutledge, Jackson",671131,2025,26,".255",".448",".374","71.7",23.4,15,"91","16.7",30.8,9.8,49.1,66.5,17,27.8,45.4,83,25.3,47.3,53.5,41.5,28.2,20.1,10.3
"Gordon, Colton",676467,2025,26,".266",".471",".367","72.4",28.6,8,"89","19.3",38.5,11.5,40.6,68.8,11.9,27.6,37.1,88.1,18,50.5,64.1,32.9,28.7,29,9.4
"Lively, Ben",594902,2024,32,".239",".412",".315","71.6",21.7,13,"90.2","14",30.7,6.5,41.5,68.5,13,24.3,34.5,87,18.6,46.6,65.7,42.6,28.3,21.1,8
"Miller, Mason",695243,2025,26,".157",".279",".225","70.2",14.7,22,"87.9","16.4",36.6,9.9,37.6,66.7,29.8,35.5,69.9,70.2,45.2,49.9,58.2,41.6,27.7,21.8,8.9
"Cole, Gerrit",543037,2023,32,".229",".380",".256","71.5",20.9,11,"89.2","14.8",33.7,7.6,39.2,70.6,19.4,29.9,41.9,80.6,26.2,50.1,67.7,40.3,27.4,24.9,7.4
"Greene, Hunter",668881,2025,25,".202",".373",".267","71.2",20,24,"90.4","20.2",35.8,9.6,45,70.8,23,32.4,53.5,77,31.4,53.4,68.8,34.2,31.9,22.7,11.2
"Foley, Jason",671345,2024,28,".255",".411",".277","71.6",23.5,6,"89.5","7.5",36.8,6.6,41.2,68.3,15.2,25.4,45.6,84.8,22.3,49.1,67.7,47.8,24.7,24.2,3.3
"Bird, Jake",656234,2025,29,".235",".374",".340","71.2",18.4,11,"88.5","8.6",34.4,8.4,42.9,56.5,18,28.7,52,82,28.1,43.9,60.7,46.1,24,26,3.9
"Morgan, Eli",669212,2023,27,".240",".407",".322","71.4",22.1,4,"86","12.6",32.7,9,32.3,71.5,19.1,33.8,46.4,80.9,28.2,51.7,63.4,41.2,25.1,25.1,8.5
"Clase, Emmanuel",661403,2024,26,".213",".305",".175","70.9",18.8,12,"86.5","3",31.8,3.6,29.7,72.4,20.1,36.8,43.9,79.9,27.1,56.3,66.2,57.8,15.1,24,3.1
"Johnson, Pierce",572955,2025,34,".229",".395",".302","71.5",21.2,10,"90.4","17.2",37.7,8.8,42.8,60,18.4,26.3,46.2,81.6,26.2,44.2,66.9,34.6,31.4,26.4,7.5
"Uribe, Abner",682842,2025,25,".203",".280",".247","71.1",20,13,"86.2","6.3",28.6,2.9,34.9,61.1,21.8,28.3,56.8,78.2,32,45.7,55.4,54.3,16,22.3,7.4
"Clevinger, Mike",605182,2023,32,".236",".410",".312","70.8",16.8,6,"88.1","21.4",34.9,7.2,35.9,69.4,15.3,29,41.8,84.7,23.2,49.1,63.4,31.3,33.8,23.3,11.5
"Sandlin, Nick",680704,2023,26,".212",".411",".284","70.2",12,4,"86.7","16.9",25.9,10.2,40.1,65.2,24.7,28.8,47.7,75.3,32,46.5,61.9,42.2,32,16.3,9.5
"Skenes, Paul",694973,2024,22,".191",".302",".247","70.9",20.1,17,"87.8","8.4",27.8,5.2,36.3,68.5,20.8,30.9,46.5,79.2,28.7,49.8,61.9,52.3,20.3,20.3,7.2
"Anderson, Chase",502624,2023,35,".253",".440",".355","71.8",25.1,1,"87.4","16.3",39.6,8.2,31.7,69.8,17.7,25.2,31.1,82.3,21.6,46.2,55.1,36.2,34.7,23.9,5.2
"Cano, Yennier",666974,2024,30,".232",".369",".303","71.7",23.7,4,"89.9","-1.9",25.8,6.3,43.4,67.5,17.6,32.2,45.5,82.4,27.7,48.4,58.9,63.5,17,17.6,1.9
"Springs, Jeffrey",605488,2025,32,".249",".431",".309","71.4",21.6,14,"88.3","19.2",38.2,8.1,37.3,65.8,18.5,28.4,41.9,81.5,26,46.3,60.3,31.9,29.5,29.2,9.5
"Muñoz, Roddery",682610,2024,24,".275",".555",".393","72.4",27.6,11,"90.8","15.9",41.2,13.7,45,67.4,15.4,25.8,43,84.6,23.6,45.7,58.8,34.7,32.4,26.7,6.1
"Lodolo, Nick",666157,2025,27,".227",".389",".293","71.6",22.3,32,"88.8","12.6",31,8.1,40.5,67,17.9,32.8,47.5,82.1,27.5,50,67.9,44.6,27.1,21.3,7
"Abreu, Bryan",650556,2024,27,".196",".337",".288","71.2",17.2,16,"90.4","16",32.1,8.7,38,64.4,21.4,27.8,63.3,78.6,34,46.2,56,39.7,29.9,25.5,4.9
"Bido, Osvaldo",674370,2024,28,".180",".280",".265","72.1",27.6,8,"85.6","21.7",32.5,4.3,27,69.2,17.6,27.1,47.9,82.4,26.4,47.7,58.7,30.7,29.4,23.9,16
"Slaten, Justin",686580,2024,26,".234",".360",".253","71.1",18.4,10,"87.8","8.6",30.3,3.9,36.8,71.2,16.9,34.9,55.1,83.1,29,53.5,63.4,50.3,19.4,22.6,7.7
"Peralta, Wandy",593974,2023,31,".234",".371",".293","72.1",27.4,1,"86.8","3.6",26.4,7.1,34.3,70.5,17.2,32.6,45.8,82.8,29.7,46.8,57.7,57.1,22.1,17.1,3.6
"Cameron, Noah",702070,2025,25,".245",".411",".281","71.9",24.7,20,"87.9","13",32.6,6.3,37.4,65.9,18.4,28.1,46.3,81.6,26.6,47.2,57.7,42.2,26.8,22.5,8.6
"Iglesias, Raisel",628452,2024,34,".195",".302",".200","71.5",20.1,8,"86","14.2",25.7,4,30.9,68.5,23.5,37.1,45.5,76.5,31.5,52.3,64.8,45.1,29.1,19.4,6.3
"Syndergaard, Noah",592789,2023,30,".296",".544",".371","71.5",18.9,1,"88.7","14.8",38.9,11.1,42.2,68.4,14.1,26,30.1,85.9,17.9,49.1,62.1,38.2,27.8,28.1,5.9
"Stanek, Ryne",592773,2023,31,".218",".407",".300","71.7",22.9,3,"90.1","22.5",32.9,7.1,44.3,76.9,24.1,27.4,49.6,75.9,30.7,52.4,60.6,30.7,37.9,22.9,8.6
"Sánchez, Cristopher",650911,2025,28,".225",".345",".264","72",26.9,18,"89","3",27,5.7,39.8,66,22,31.6,49.4,78,30.4,49.5,65.4,58.5,16.9,22,2.6
"Miley, Wade",489119,2023,36,".249",".420",".293","72.3",29.3,6,"87.3","10.8",30,7.6,31.3,64.7,14.2,26.7,30.1,85.8,19.1,45.1,60.6,47.4,26.2,18.5,7.9
"Peterson, David",656849,2025,29,".270",".407",".311","72.2",27.3,25,"90.6","4.3",34.4,6.4,46,65.7,14.3,28.1,46.2,85.7,24,46.8,63.8,55.4,16,26.6,2
"Burnes, Corbin",669203,2025,30,".227",".385",".288","72.5",31.3,9,"89.5","6.6",33.5,8.1,41.6,63.3,12.3,31.9,48.3,87.7,25.7,46.3,65.7,50.9,19.1,25.4,4.6
"Ruiz, José",614179,2024,29,".252",".419",".320","71",22.1,12,"90.7","12.4",28.6,8.2,42.2,70.8,16.9,32.3,49.3,83.1,27.6,50.8,64.8,44.9,25.2,25.2,4.8
"Martinez, Nick",607259,2025,34,".257",".410",".317","71.9",24.2,18,"88.3","16.2",37,6.9,34.5,65.5,14.1,24.5,39,85.9,19.9,47.1,61.3,39.3,27.7,24.9,8.1
"Germán, Domingo",593334,2023,30,".235",".428",".297","73.3",35.7,3,"88.3","16.3",33.8,9.7,41.4,69.1,21.2,33.6,48.1,78.8,30.3,50.9,64.2,39.7,28.6,22.1,9.7
"Phillips, Evan",623465,2023,28,".224",".357",".232","71",16.7,4,"88.2","15",29.6,6.6,36.8,63.8,17.7,31.4,53.8,82.3,29.6,47.7,60.3,44.1,27,24.3,4.6
"Ross, Joe",605452,2024,31,".238",".395",".299","72.1",25.4,10,"88.7","16.7",30.8,8,38.8,68.8,18.1,27.5,52.3,81.9,27.1,49.4,66.6,41.5,30.8,20.1,7.6
"Wainwright, Adam",425794,2023,41,".320",".562",".414","71.8",24.4,2,"89","12.9",40.6,11.1,38.8,62.3,8.6,21.7,25.5,91.4,13.1,41.3,54.5,41.1,28.4,26.9,3.6
"Montgomery, Jordan",656756,2023,30,".249",".410",".298","72.3",30.7,14,"88.3","12",36.3,7.5,37.9,66.5,17.7,30,43,82.3,26,47.6,64.7,43.8,23.6,27,5.5
"Liberatore, Matthew",669461,2024,24,".248",".425",".313","71.5",23.1,11,"89.7","13.2",31.7,7.1,38.6,72.5,18,27.9,47.4,82,25.1,52.1,64.2,44,27,22.2,6.7
"Pallante, Andre",669467,2023,24,".255",".356",".341","70.1",12.9,2,"89","-11.6",19.5,3.5,41.6,67.8,10.7,21.9,42.6,89.3,18.2,45.3,58.9,77,7.1,15,0.9
"Law, Derek",571882,2024,33,".257",".368",".282","71.5",20.3,14,"88.2","9",34.5,3.8,35.2,67.8,16,34,50.8,84,28.6,49.9,60.8,48.1,18.6,28.8,4.5
"Vodnik, Victor",680767,2024,24,".254",".428",".322","70.6",16.2,8,"91.3","4.5",27.6,7.8,49.3,67,15.4,22.8,39.2,84.6,21.8,44.1,56.6,53.9,20.3,23.5,2.3
"Boyd, Matthew",571510,2025,34,".240",".398",".287","71.8",23.6,14,"88.5","18",31.4,9,38,70.4,17.7,28.8,38.6,82.3,23.1,51.5,67.8,39,30.4,21.1,9.6
"Thompson, Zack",668868,2023,25,".255",".422",".329","70.8",19.2,6,"90.3","11.6",35.6,6.9,43.6,60.8,16.1,26.7,41.7,83.9,23.9,43.8,58.2,45.7,22.3,25.5,6.4
"Armstrong, Shawn",542888,2024,33,".275",".453",".345","71.5",20.8,2,"88.9","16.7",36.6,8.9,38.1,68.7,19.1,29.6,33.3,80.9,22.9,50.9,69.5,35.6,25.2,28.7,10.4
"Okert, Steven",595345,2023,31,".216",".398",".319","71.5",21.4,3,"88.2","23.5",43.2,9.5,34.5,68.4,24.4,26.7,47.1,75.6,30.7,47.6,64,26.4,33.8,29.1,10.8
"Dreyer, Jack",676263,2025,26,".200",".330",".247","72.5",30.3,10,"90.3","17",30.6,5.3,39.7,72.5,18.7,26.6,52.1,81.3,26.7,51.4,59.1,39.2,28.7,22,10
"Walker, Taijuan",592836,2024,31,".291",".564",".413","72.6",28.9,8,"91.4","15.4",37.8,13.4,46.3,64.1,10.3,25.1,32.4,89.7,16.7,44.1,62.2,37.5,27.2,28.3,7.1
"Rodriguez, Eduardo",593958,2024,31,".272",".491",".350","71.9",26.9,5,"88.7","14.5",39.5,10.8,42,65.3,20.5,28.8,26.4,79.5,22.4,46.4,62.1,38.2,28.7,27.4,5.7
"Thompson, Ryan",657044,2024,32,".254",".407",".290","72.3",28.5,8,"90","-0.5",26.5,7.4,44.6,65.1,15.2,33.6,39,84.8,23,49.8,66.5,62.7,15.2,17.6,4.4
"Soriano, George",666277,2023,24,".247",".407",".308","71.4",21.6,5,"89.9","13.1",34.5,7.4,38.5,64.1,18.8,25.7,52.6,81.2,28.8,44.5,52,43.2,25.7,23.6,7.4
"Mize, Casey",663554,2024,27,".283",".440",".335","71.4",21.4,9,"90.6","9.3",32.4,7.9,44.6,70.9,14.7,27.3,41.7,85.3,22,49.5,67.9,49.6,21,24.2,5.2
"Megill, Tylor",656731,2023,27,".279",".480",".350","71.8",22.1,5,"89.8","11.7",37,9.1,42.6,67.4,16.8,23.6,41.5,83.2,23.4,44.9,54.3,44.3,26.7,23.9,5
"Erceg, Lucas",668674,2025,30,".248",".388",".283","71.5",22.8,4,"89.1","8.2",27.9,7.3,37.4,67.3,16.1,29.4,45.3,83.9,24.7,48.7,64.6,52,19,21.8,7.3
"Bradford, Cody",674003,2023,25,".240",".477",".333","71.7",22.5,4,"90.9","19.6",37.1,11.8,43.5,66.2,16.9,29.2,35.3,83.1,22.1,48.9,64.1,34.1,32.4,24.7,8.8
"Banks, Tanner",621383,2025,33,".252",".420",".273","71.2",19.7,5,"87.8","14.9",40.4,7.8,36.8,69.2,15.7,26.7,41.5,84.3,21.9,50.1,65,38.9,26.9,28.5,5.7
"Verlander, Justin",434378,2023,40,".225",".394",".284","71.6",25.2,13,"90","18.9",30.5,8.2,41.3,68,16.5,30.6,36.1,83.5,22.5,49.6,57.4,36.2,28.2,23.4,12.2
"Manaea, Sean",640455,2025,33,".240",".422",".337","71.5",21,9,"89.8","17.3",39.6,8.9,42.6,69.4,20.4,30.8,45.3,79.6,26.8,52.4,64.6,37.9,24.9,26.6,10.7
"Ortiz, Luis",682847,2023,24,".296",".529",".356","72.5",30.7,0,"92.4","6.7",31.6,10,49.1,68.3,14,26.2,41.5,86,22.6,45.5,58,48.5,25.4,24.4,1.7
"Sale, Chris",519242,2025,36,".205",".321",".278","70.9",19.1,33,"87.2","12",36.4,6.3,35.4,63.9,18.9,32.3,54.7,81.1,30.1,48.9,67.5,40.1,30.8,24.2,5
"Falter, Bailey",663559,2023,26,".276",".472",".354","71.8",24.6,5,"89.6","14.8",34.1,9,39.3,68.8,11.8,29.2,36.2,88.2,18.3,50.6,65.1,40.4,23.2,26.6,9.7
"Gomber, Austin",596295,2024,30,".275",".501",".339","72",24.6,4,"90.2","15",37.7,9.6,41.2,68.7,14.6,25.9,35.3,85.4,19.9,48.3,62.2,38.4,28.7,26.8,6.1
"Smith, Shane",681343,2025,25,".229",".383",".296","71.8",23.5,28,"90.3","13.3",35.4,6.7,45.4,68.3,19.9,25.2,52.1,80.1,27.7,48.3,60.4,41.1,27.9,26.4,4.5
"Estrada, Jeremiah",669093,2025,26,".182",".325",".295","70.7",19.7,13,"90.1","21.4",33.1,9,39.2,70,27.2,33.5,51.2,72.8,34.9,51.9,64.2,35.5,30.1,21.7,12.7
"Woodruff, Brandon",605540,2025,32,".171",".299",".252","71.9",24.6,8,"87.9","24.6",28.8,7.1,35.9,68.1,24.3,27.1,40.2,75.7,27.9,50.5,65.8,34,33.3,16.7,16
"Woods Richardson, Simeon",680573,2025,24,".214",".402",".308","72.1",26.9,13,"90.2","20",34,11.4,41.6,69.4,16.7,26.1,44.2,83.3,24.1,48,59.2,33.3,34.9,21,10.8
"Gilbert, Logan",669302,2025,28,".206",".367",".280","71.9",25,26,"90.8","15",32.1,8.6,41.7,70.6,21.6,30.4,60.7,78.4,32.9,51.1,69,39.8,28.4,24.1,7.7
"Evans, Logan",688138,2025,24,".272",".466",".339","72.4",28.3,7,"89.9","13.6",36.3,10.5,42.6,63.6,12.3,25.2,38.7,87.7,19.4,45,62,40.2,25,28.5,6.3
"Keller, Mitch",656605,2024,28,".246",".415",".331","71.1",18.5,23,"88.8","12.4",38,7.2,39.3,64.8,14.4,28.3,39.7,85.6,21.5,47.6,61.4,39.8,26.3,28.3,5.6
"Blach, Ty",621389,2023,32,".327",".549",".389","72.5",30.9,8,"90.1","13.2",41.9,11,43.4,67,8.8,30.5,30.3,91.2,15.3,49.2,64.2,39.3,26.1,30.1,4.4
"Weathers, Ryan",677960,2023,23,".244",".421",".393","72.2",27.5,1,"89.2","16.2",33.7,7.6,34.8,66.6,20.2,20.7,34.5,79.8,23.6,43.9,57.2,38,29.3,23.4,9.2
"Holmes, Grant",656550,2025,29,".240",".414",".316","72.1",25.4,32,"90.1","9.3",36.4,10.1,41.9,69,17.5,28.8,57.4,82.5,29.7,48.3,58.9,45.8,27.6,23.1,3.6
"Toussaint, Touki",657053,2023,27,".248",".410",".317","71.6",23.3,5,"89.1","7",34,7.7,39.6,59.5,14.3,25.2,44.7,85.7,25.2,40.1,50.3,50.2,21.7,24.7,3.4
"Finnegan, Kyle",640448,2025,33,".226",".338",".273","72.4",27.1,6,"90.4","11.5",32.5,7.8,42.9,67.5,18.1,27.7,44.7,81.9,24.6,50,65.6,49.4,22.7,22.1,5.8
"Buttó, José",676130,2024,26,".190",".334",".260","72.1",26.6,13,"88.7","15.9",30.2,7.6,37.8,66.1,18.1,30.7,49.4,81.9,32,43.8,53.4,41.3,26.2,23.3,9.3
"Lorenzen, Michael",547179,2025,33,".261",".451",".339","71.9",26.1,21,"89.3","15.3",36.6,8.8,39.2,67.6,16.5,28.4,39.9,83.5,23.4,48.1,62.7,39.2,27.2,24.9,8.8
"Maton, Phil",664208,2025,32,".195",".282",".266","71",19,15,"84.8","12.2",38.7,3.6,30.7,62.1,28.7,30.7,52.3,71.3,36.2,46.9,59.5,46,19.7,27.7,6.6
"Snell, Blake",605483,2023,30,".205",".352",".266","71.9",23.7,15,"87.2","10.6",37,7.4,33.8,65.6,23.8,27.9,58.4,76.2,37.3,42.9,59.3,43.7,24.9,26.4,4.9
"Skubal, Tarik",669373,2024,27,".205",".331",".246","71.1",21.4,17,"87.5","12",33.1,6.7,33.9,68.3,25,31.1,50.8,75,31.9,51.8,68.7,46.4,24.7,21.8,7.1
"McKenzie, Triston",663474,2024,26,".237",".488",".359","71.8",24,8,"90.7","20",31.6,13,41.9,64.3,12.4,22.2,52,87.6,23.1,42.5,52.9,35.3,34.9,20,9.8
"Hamilton, Ian",641656,2023,28,".217",".321",".275","71.3",18,2,"86","4.8",31.2,5.7,36.9,66.4,25.7,31.3,50.9,74.3,34.6,47.5,58.4,56,14.9,24.8,4.3
"Pressly, Ryan",519151,2024,35,".238",".405",".314","71.7",22.1,5,"89.8","6.2",37,7.9,41.8,69.2,15,31.6,52.6,85,26.9,50.3,62.7,50.9,20,26.7,2.4
"Milner, Hoby",571948,2024,33,".245",".349",".297","71.2",20.6,8,"87.7","8.4",30.9,2.7,36.2,59,16.4,26.4,26.3,83.6,19.3,43.2,65,53.7,20.2,20.7,5.3
"Crochet, Garrett",676979,2024,25,".201",".350",".280","71.4",20.6,20,"88.3","11.1",34.5,9.2,38.8,70.3,25.5,33.5,51.5,74.5,33.1,53.2,64,45.1,25.9,23.6,5.5
"Rogers, Tyler",643511,2023,32,".219",".311",".284","70.9",19.6,2,"84.4","8.7",26.2,2.2,27.6,70.1,19.5,29.2,30.5,80.5,22.4,51.2,65.1,53.3,20.9,17.8,8
"Gallen, Zac",668678,2025,29,".242",".434",".315","72",27.8,36,"90.1","12.4",34.3,9.7,43,63.3,11.4,28.6,47.6,88.6,23.7,44.9,66.2,44.4,30.3,22,3.3
"Silseth, Chase",681217,2023,23,".229",".394",".313","71.7",22.7,6,"88.7","8.5",35,10.2,42.3,63.1,19.1,26.7,46.8,80.9,27.9,44,61.1,48.9,24.1,23.4,3.6
"Allard, Kolby",663465,2025,27,".241",".391",".293","71.8",23.8,7,"88.2","17.8",34.4,5.7,35.9,67.5,16.1,26.3,31.3,83.9,19.6,49.5,65.4,38.3,26.3,23.4,12
"Keller, Mitch",656605,2023,27,".248",".406",".310","71.6",24.2,9,"87.7","10.3",36.5,8.6,35.6,65.5,18.1,27.1,37.6,81.9,23.2,47.8,63.8,44.2,25.5,25,5.3
"López, Jorge",605347,2023,30,".281",".454",".370","70.9",18.5,4,"90.9","9.4",36.9,6.4,45.5,64.9,13,28.7,47.4,87,23.2,47.3,64.3,47.1,18.2,28.3,6.4
"Vásquez, Randy",681190,2025,26,".267",".481",".311","72.4",28.8,7,"89.1","17.2",34.2,10.9,39.3,64.9,11.4,25.1,28.7,88.6,15.7,46.4,60.5,40.2,27.9,21,10.9
"Blanco, Ronel",669854,2024,30,".224",".398",".276","71.8",26.3,17,"88.7","16.4",30.1,9.3,35.5,68.5,17.7,30.3,52.8,82.3,29,48.6,60.5,39.9,31,20.7,8.4
"Scott, Tanner",656945,2025,30,".247",".418",".332","72",27.5,13,"90.8","18",34,9,42.3,73,21.2,35.8,49.3,78.8,29.5,55.9,66.8,39.7,26.3,25,9
"Ryan, Joe",657746,2024,28,".207",".365",".282","71.2",21.4,17,"88.3","18.5",33.6,8.5,36.6,68,21.4,30,40.8,78.6,26.6,50.9,70.4,36.4,29.2,22.6,11.8
"Holton, Tyler",663947,2024,28,".213",".335",".221","71.8",26.2,12,"86.6","11.4",29.3,5.5,32.8,63.7,17,33.2,38.3,83,24.5,48.2,63.7,47.7,23,21.5,7.8
"Rodríguez, Randy",678495,2025,25,".188",".308",".239","70.9",17.8,9,"87","17.7",27.6,7.8,36.2,66.7,23.2,30.7,50.4,76.8,31.1,49.8,57.1,37.1,31,21.6,10.3
"Lorenzen, Michael",547179,2023,31,".253",".443",".304","71.2",19.7,2,"90","13.8",33.9,8,40.2,68.6,15.1,30.1,36.9,84.9,21.7,49.4,66.7,41.9,30,23.1,5
"Greene, Hunter",668881,2024,24,".188",".314",".265","71.5",20.3,24,"87.3","20.8",29,5.2,32.5,72.6,22,29.2,48.3,78,29.7,50.6,62.2,35,31.7,20.8,12.6
"Leiter, Jack",683004,2025,25,".235",".427",".298","72.3",26.9,22,"90.5","16.1",33.8,10.8,43.9,68.9,16.8,25,46.5,83.2,24.3,47.8,58.5,37.8,30,23.2,8.9
"Bender, Anthony",669622,2025,30,".215",".365",".245","71.4",20.6,8,"89.6","8.4",23.7,7.2,44.6,56,9.6,24.2,51.2,90.4,20.6,41.5,58.4,48.9,30.2,16.5,4.3
"Hendricks, Kyle",543294,2025,35,".246",".408",".324","72.2",27.8,4,"86.1","16.3",32.6,8.3,34.3,64.2,14.8,31.6,25.4,85.2,18.3,48,65.6,39.2,28.9,22.9,9
"Jansen, Kenley",445276,2025,37,".213",".425",".246","72.8",32.4,9,"91.5","25.4",31.2,8.9,44.6,75.9,22,28.6,39.6,78,25.8,55.7,63.4,28.7,43.3,16.6,11.5
"Singer, Brady",663903,2024,27,".265",".437",".316","71.7",25.2,29,"88.9","8.9",35.6,8,41.7,64.9,13.7,26.1,51.4,86.3,25.1,44.7,58.5,48.3,20.8,27.1,3.8
"Falter, Bailey",663559,2025,28,".263",".462",".324","71.5",24,11,"90.5","18.3",32.3,9.5,45.1,66,13,24.9,33.8,87,18.1,47,57.5,36.2,29,24.4,10.5